Detected JSON format data file
Using quality-focused sampling: 200 high-quality stories
╔═════════════════════════════════════════════════════╗
║              STEP 1: DATA PREPARATION               ║
╚═════════════════════════════════════════════════════╝
Preprocessing disabled. Using original data.
╔═════════════════════════════════════════════════════╗
║          OPTIMIZED TRAINING CONFIGURATION           ║
╚═════════════════════════════════════════════════════╝
Model size: small
Model architecture: 128 dim, 4 heads, 3 layers
Feed-forward dimension: 512
Vocabulary size: 5000
Min token frequency: 2
Learning rate: 0.0001
Epochs: 2
Data sampling: quality (200 stories)
Curriculum examples: 50
Data preprocessing: false
Training data: data/tiny_stories_sample.json
Save path: models/high_accuracy_model.walle
Memory optimization: enabled
Batch size: 32 (manual)
CPU Cores: 20 (all available)
╔═════════════════════════════════════════════════════╗
║           BUILDING OPTIMIZED COMMAND                ║
╚═════════════════════════════════════════════════════╝
╔═════════════════════════════════════════════════════╗
║           STARTING OPTIMIZED TRAINING               ║
╚═════════════════════════════════════════════════════╝
Executing: cargo run --release --bin train_enhanced_model -- data/tiny_stories_sample.json --model-dim 128 --ff-dim 512 --heads 4 --layers 3 --epochs 2 --vocab-size 5000 --min-freq 2 --save-path models/high_accuracy_model.walle --learning-rate 0.0001 --enable-skip --strong-anti-rep --json-format --stories 200 --perf-log true --curriculum-examples 50 --use-memory-opt --batch-size 32
Using RAYON_NUM_THREADS=20
Configuring thread pool with 20 CPU cores
Training Configuration:
  Training data: data/tiny_stories_sample.json
  Data format: TinyStories JSON
  Max stories: 200
  Model dimension: 128
  FF dimension: 512
  Attention heads: 4
  Layers: 3
  Dropout rate: 0.1
  Learning rate: 0.0001
  Epochs: 2
  Curriculum learning: enabled
  Vocabulary size: 5000
  Min token frequency: 2
  Skip connections: enabled
  Strong anti-repetition: enabled
  Save path: models/high_accuracy_model.walle
  CPU threads: 20
  Performance logging: enabled
Reading training data...
Found 58300 stories in JSON file
Will use 200 stories for training
Processed 200 stories, total text length: 184139 characters
Creating trainer...
Initializing output_projection: model_dim=128, vocab_size=101
Configuring strong anti-repetition mechanisms...
Enabling skip connections...
Enabling residual skip connections for improved gradient flow
Initializing output_projection: model_dim=128, vocab_size=101
Skip connections of type 'residual' enabled
Learning tokenizer vocabulary...
Initializing output_projection: model_dim=128, vocab_size=2882
Setting up curriculum learning...
Starting training for 2 epochs...
Epoch 1/2
Created 9203 input/target pairs for training

======== BATCH SIZE CALCULATION ========
Cache parameters: L1=48 KB, L2=1280 KB, L3=24 MB, Line size=64 bytes
Cache parameters: L1=48 KB, L2=1280 KB, L3=24576 KB, Line size=64 bytes
Calculating optimal batch size for model_dim=128, seq_len=16, element_size=4 bytes
Memory per sequence: 8192 bytes (0.01 MB)
Available L3 cache (80%): 20132659 bytes (19.20 MB)
Maximum batch size that fits in L3 cache: 2457
Final optimal batch size (after constraints): 1024
Calculated memory-optimal batch size: 1024
Using manually specified batch size: 32
======================================

Initializing curriculum learning with examples (max: 500)...
Before redistribution: 1 examples at level VeryEasy
Before redistribution: 0 examples at level Easy
Before redistribution: 0 examples at level Medium
Before redistribution: 0 examples at level Hard
Before redistribution: 0 examples at level VeryHard
Before redistribution: 1 examples at level VeryEasy
Before redistribution: 1 examples at level Easy
Before redistribution: 0 examples at level Medium
Before redistribution: 0 examples at level Hard
Before redistribution: 0 examples at level VeryHard
Before redistribution: 1 examples at level VeryEasy
Before redistribution: 1 examples at level Easy
Before redistribution: 1 examples at level Medium
Before redistribution: 0 examples at level Hard
Before redistribution: 0 examples at level VeryHard
Before redistribution: 1 examples at level VeryEasy
Before redistribution: 1 examples at level Easy
Before redistribution: 1 examples at level Medium
Before redistribution: 1 examples at level Hard
Before redistribution: 0 examples at level VeryHard
Before redistribution: 1 examples at level VeryEasy
Before redistribution: 1 examples at level Easy
Before redistribution: 1 examples at level Medium
Before redistribution: 1 examples at level Hard
Before redistribution: 1 examples at level VeryHard
Performing example redistribution across difficulty levels...
Redistributed 5 examples to level VeryEasy
Copied 5 examples to level Easy from previous level
Copied 5 examples to level Medium from previous level
Copied 5 examples to level Hard from previous level
Copied 5 examples to level VeryHard from previous level
After redistribution: 5 examples at level VeryEasy
After redistribution: 5 examples at level Easy
After redistribution: 5 examples at level Medium
After redistribution: 5 examples at level Hard
After redistribution: 5 examples at level VeryHard
Before redistribution: 6 examples at level VeryEasy
Before redistribution: 5 examples at level Easy
Before redistribution: 5 examples at level Medium
Before redistribution: 5 examples at level Hard
Before redistribution: 5 examples at level VeryHard
Before redistribution: 6 examples at level VeryEasy
Before redistribution: 6 examples at level Easy
Before redistribution: 5 examples at level Medium
Before redistribution: 5 examples at level Hard
Before redistribution: 5 examples at level VeryHard
Before redistribution: 6 examples at level VeryEasy
Before redistribution: 6 examples at level Easy
Before redistribution: 6 examples at level Medium
Before redistribution: 5 examples at level Hard
Before redistribution: 5 examples at level VeryHard
Before redistribution: 6 examples at level VeryEasy
Before redistribution: 6 examples at level Easy
Before redistribution: 6 examples at level Medium
Before redistribution: 6 examples at level Hard
Before redistribution: 5 examples at level VeryHard
Before redistribution: 6 examples at level VeryEasy
Before redistribution: 6 examples at level Easy
Before redistribution: 6 examples at level Medium
Before redistribution: 6 examples at level Hard
Before redistribution: 6 examples at level VeryHard
Performing example redistribution across difficulty levels...
Redistributed 10 examples to level VeryEasy
Redistributed 10 examples to level Easy
Redistributed 10 examples to level Medium
Copied 10 examples to level Hard from previous level
Copied 10 examples to level VeryHard from previous level
After redistribution: 10 examples at level VeryEasy
After redistribution: 10 examples at level Easy
After redistribution: 10 examples at level Medium
After redistribution: 10 examples at level Hard
After redistribution: 10 examples at level VeryHard
Before redistribution: 11 examples at level VeryEasy
Before redistribution: 10 examples at level Easy
Before redistribution: 10 examples at level Medium
Before redistribution: 10 examples at level Hard
Before redistribution: 10 examples at level VeryHard
Before redistribution: 11 examples at level VeryEasy
Before redistribution: 11 examples at level Easy
Before redistribution: 10 examples at level Medium
Before redistribution: 10 examples at level Hard
Before redistribution: 10 examples at level VeryHard
Before redistribution: 11 examples at level VeryEasy
Before redistribution: 11 examples at level Easy
Before redistribution: 11 examples at level Medium
Before redistribution: 10 examples at level Hard
Before redistribution: 10 examples at level VeryHard
Before redistribution: 11 examples at level VeryEasy
Before redistribution: 11 examples at level Easy
Before redistribution: 11 examples at level Medium
Before redistribution: 11 examples at level Hard
Before redistribution: 10 examples at level VeryHard
Before redistribution: 11 examples at level VeryEasy
Before redistribution: 11 examples at level Easy
Before redistribution: 11 examples at level Medium
Before redistribution: 11 examples at level Hard
Before redistribution: 11 examples at level VeryHard
Performing example redistribution across difficulty levels...
Redistributed 11 examples to level VeryEasy
Redistributed 11 examples to level Easy
Redistributed 11 examples to level Medium
Redistributed 11 examples to level Hard
Redistributed 11 examples to level VeryHard
After redistribution: 11 examples at level VeryEasy
After redistribution: 11 examples at level Easy
After redistribution: 11 examples at level Medium
After redistribution: 11 examples at level Hard
After redistribution: 11 examples at level VeryHard
Before redistribution: 12 examples at level VeryEasy
Before redistribution: 11 examples at level Easy
Before redistribution: 11 examples at level Medium
Before redistribution: 11 examples at level Hard
Before redistribution: 11 examples at level VeryHard
Before redistribution: 12 examples at level VeryEasy
Before redistribution: 12 examples at level Easy
Before redistribution: 11 examples at level Medium
Before redistribution: 11 examples at level Hard
Before redistribution: 11 examples at level VeryHard
Before redistribution: 12 examples at level VeryEasy
Before redistribution: 12 examples at level Easy
Before redistribution: 12 examples at level Medium
Before redistribution: 11 examples at level Hard
Before redistribution: 11 examples at level VeryHard
Before redistribution: 12 examples at level VeryEasy
Before redistribution: 12 examples at level Easy
Before redistribution: 12 examples at level Medium
Before redistribution: 12 examples at level Hard
Before redistribution: 11 examples at level VeryHard
Before redistribution: 12 examples at level VeryEasy
Before redistribution: 12 examples at level Easy
Before redistribution: 12 examples at level Medium
Before redistribution: 12 examples at level Hard
Before redistribution: 12 examples at level VeryHard
Performing example redistribution across difficulty levels...
Redistributed 12 examples to level VeryEasy
Redistributed 12 examples to level Easy
Redistributed 12 examples to level Medium
Redistributed 12 examples to level Hard
Redistributed 12 examples to level VeryHard
After redistribution: 12 examples at level VeryEasy
After redistribution: 12 examples at level Easy
After redistribution: 12 examples at level Medium
After redistribution: 12 examples at level Hard
After redistribution: 12 examples at level VeryHard
Before redistribution: 13 examples at level VeryEasy
Before redistribution: 12 examples at level Easy
Before redistribution: 12 examples at level Medium
Before redistribution: 12 examples at level Hard
Before redistribution: 12 examples at level VeryHard
Before redistribution: 13 examples at level VeryEasy
Before redistribution: 13 examples at level Easy
Before redistribution: 12 examples at level Medium
Before redistribution: 12 examples at level Hard
Before redistribution: 12 examples at level VeryHard
Before redistribution: 13 examples at level VeryEasy
Before redistribution: 13 examples at level Easy
Before redistribution: 13 examples at level Medium
Before redistribution: 12 examples at level Hard
Before redistribution: 12 examples at level VeryHard
Before redistribution: 13 examples at level VeryEasy
Before redistribution: 13 examples at level Easy
Before redistribution: 13 examples at level Medium
Before redistribution: 13 examples at level Hard
Before redistribution: 12 examples at level VeryHard
Before redistribution: 13 examples at level VeryEasy
Before redistribution: 13 examples at level Easy
Before redistribution: 13 examples at level Medium
Before redistribution: 13 examples at level Hard
Before redistribution: 13 examples at level VeryHard
Performing example redistribution across difficulty levels...
Redistributed 13 examples to level VeryEasy
Redistributed 13 examples to level Easy
Redistributed 13 examples to level Medium
Redistributed 13 examples to level Hard
Redistributed 13 examples to level VeryHard
After redistribution: 13 examples at level VeryEasy
After redistribution: 13 examples at level Easy
After redistribution: 13 examples at level Medium
After redistribution: 13 examples at level Hard
After redistribution: 13 examples at level VeryHard
Before redistribution: 14 examples at level VeryEasy
Before redistribution: 13 examples at level Easy
Before redistribution: 13 examples at level Medium
Before redistribution: 13 examples at level Hard
Before redistribution: 13 examples at level VeryHard
Before redistribution: 14 examples at level VeryEasy
Before redistribution: 14 examples at level Easy
Before redistribution: 13 examples at level Medium
Before redistribution: 13 examples at level Hard
Before redistribution: 13 examples at level VeryHard
Before redistribution: 14 examples at level VeryEasy
Before redistribution: 14 examples at level Easy
Before redistribution: 14 examples at level Medium
Before redistribution: 13 examples at level Hard
Before redistribution: 13 examples at level VeryHard
Before redistribution: 14 examples at level VeryEasy
Before redistribution: 14 examples at level Easy
Before redistribution: 14 examples at level Medium
Before redistribution: 14 examples at level Hard
Before redistribution: 13 examples at level VeryHard
Before redistribution: 14 examples at level VeryEasy
Before redistribution: 14 examples at level Easy
Before redistribution: 14 examples at level Medium
Before redistribution: 14 examples at level Hard
Before redistribution: 14 examples at level VeryHard
Performing example redistribution across difficulty levels...
Redistributed 14 examples to level VeryEasy
Redistributed 14 examples to level Easy
Redistributed 14 examples to level Medium
Redistributed 14 examples to level Hard
Redistributed 14 examples to level VeryHard
After redistribution: 14 examples at level VeryEasy
After redistribution: 14 examples at level Easy
After redistribution: 14 examples at level Medium
After redistribution: 14 examples at level Hard
After redistribution: 14 examples at level VeryHard
Before redistribution: 15 examples at level VeryEasy
Before redistribution: 14 examples at level Easy
Before redistribution: 14 examples at level Medium
Before redistribution: 14 examples at level Hard
Before redistribution: 14 examples at level VeryHard
Before redistribution: 15 examples at level VeryEasy
Before redistribution: 15 examples at level Easy
Before redistribution: 14 examples at level Medium
Before redistribution: 14 examples at level Hard
Before redistribution: 14 examples at level VeryHard
Before redistribution: 15 examples at level VeryEasy
Before redistribution: 15 examples at level Easy
Before redistribution: 15 examples at level Medium
Before redistribution: 14 examples at level Hard
Before redistribution: 14 examples at level VeryHard
Before redistribution: 15 examples at level VeryEasy
Before redistribution: 15 examples at level Easy
Before redistribution: 15 examples at level Medium
Before redistribution: 15 examples at level Hard
Before redistribution: 14 examples at level VeryHard
Before redistribution: 15 examples at level VeryEasy
Before redistribution: 15 examples at level Easy
Before redistribution: 15 examples at level Medium
Before redistribution: 15 examples at level Hard
Before redistribution: 15 examples at level VeryHard
Performing example redistribution across difficulty levels...
Redistributed 15 examples to level VeryEasy
Redistributed 15 examples to level Easy
Redistributed 15 examples to level Medium
Redistributed 15 examples to level Hard
Redistributed 15 examples to level VeryHard
After redistribution: 15 examples at level VeryEasy
After redistribution: 15 examples at level Easy
After redistribution: 15 examples at level Medium
After redistribution: 15 examples at level Hard
After redistribution: 15 examples at level VeryHard
Before redistribution: 16 examples at level VeryEasy
Before redistribution: 15 examples at level Easy
Before redistribution: 15 examples at level Medium
Before redistribution: 15 examples at level Hard
Before redistribution: 15 examples at level VeryHard
Before redistribution: 16 examples at level VeryEasy
Before redistribution: 16 examples at level Easy
Before redistribution: 15 examples at level Medium
Before redistribution: 15 examples at level Hard
Before redistribution: 15 examples at level VeryHard
Before redistribution: 16 examples at level VeryEasy
Before redistribution: 16 examples at level Easy
Before redistribution: 16 examples at level Medium
Before redistribution: 15 examples at level Hard
Before redistribution: 15 examples at level VeryHard
Before redistribution: 16 examples at level VeryEasy
Before redistribution: 16 examples at level Easy
Before redistribution: 16 examples at level Medium
Before redistribution: 16 examples at level Hard
Before redistribution: 15 examples at level VeryHard
Before redistribution: 16 examples at level VeryEasy
Before redistribution: 16 examples at level Easy
Before redistribution: 16 examples at level Medium
Before redistribution: 16 examples at level Hard
Before redistribution: 16 examples at level VeryHard
Performing example redistribution across difficulty levels...
Redistributed 16 examples to level VeryEasy
Redistributed 16 examples to level Easy
Redistributed 16 examples to level Medium
Redistributed 16 examples to level Hard
Redistributed 16 examples to level VeryHard
After redistribution: 16 examples at level VeryEasy
After redistribution: 16 examples at level Easy
After redistribution: 16 examples at level Medium
After redistribution: 16 examples at level Hard
After redistribution: 16 examples at level VeryHard
Before redistribution: 17 examples at level VeryEasy
Before redistribution: 16 examples at level Easy
Before redistribution: 16 examples at level Medium
Before redistribution: 16 examples at level Hard
Before redistribution: 16 examples at level VeryHard
Before redistribution: 17 examples at level VeryEasy
Before redistribution: 17 examples at level Easy
Before redistribution: 16 examples at level Medium
Before redistribution: 16 examples at level Hard
Before redistribution: 16 examples at level VeryHard
Before redistribution: 17 examples at level VeryEasy
Before redistribution: 17 examples at level Easy
Before redistribution: 17 examples at level Medium
Before redistribution: 16 examples at level Hard
Before redistribution: 16 examples at level VeryHard
Before redistribution: 17 examples at level VeryEasy
Before redistribution: 17 examples at level Easy
Before redistribution: 17 examples at level Medium
Before redistribution: 17 examples at level Hard
Before redistribution: 16 examples at level VeryHard
Before redistribution: 17 examples at level VeryEasy
Before redistribution: 17 examples at level Easy
Before redistribution: 17 examples at level Medium
Before redistribution: 17 examples at level Hard
Before redistribution: 17 examples at level VeryHard
Performing example redistribution across difficulty levels...
Redistributed 17 examples to level VeryEasy
Redistributed 17 examples to level Easy
Redistributed 17 examples to level Medium
Redistributed 17 examples to level Hard
Redistributed 17 examples to level VeryHard
After redistribution: 17 examples at level VeryEasy
After redistribution: 17 examples at level Easy
After redistribution: 17 examples at level Medium
After redistribution: 17 examples at level Hard
After redistribution: 17 examples at level VeryHard
Before redistribution: 18 examples at level VeryEasy
Before redistribution: 17 examples at level Easy
Before redistribution: 17 examples at level Medium
Before redistribution: 17 examples at level Hard
Before redistribution: 17 examples at level VeryHard
Before redistribution: 18 examples at level VeryEasy
Before redistribution: 18 examples at level Easy
Before redistribution: 17 examples at level Medium
Before redistribution: 17 examples at level Hard
Before redistribution: 17 examples at level VeryHard
Before redistribution: 18 examples at level VeryEasy
Before redistribution: 18 examples at level Easy
Before redistribution: 18 examples at level Medium
Before redistribution: 17 examples at level Hard
Before redistribution: 17 examples at level VeryHard
Before redistribution: 18 examples at level VeryEasy
Before redistribution: 18 examples at level Easy
Before redistribution: 18 examples at level Medium
Before redistribution: 18 examples at level Hard
Before redistribution: 17 examples at level VeryHard
Before redistribution: 18 examples at level VeryEasy
Before redistribution: 18 examples at level Easy
Before redistribution: 18 examples at level Medium
Before redistribution: 18 examples at level Hard
Before redistribution: 18 examples at level VeryHard
Performing example redistribution across difficulty levels...
Redistributed 18 examples to level VeryEasy
Redistributed 18 examples to level Easy
Redistributed 18 examples to level Medium
Redistributed 18 examples to level Hard
Redistributed 18 examples to level VeryHard
After redistribution: 18 examples at level VeryEasy
After redistribution: 18 examples at level Easy
After redistribution: 18 examples at level Medium
After redistribution: 18 examples at level Hard
After redistribution: 18 examples at level VeryHard
Before redistribution: 19 examples at level VeryEasy
Before redistribution: 18 examples at level Easy
Before redistribution: 18 examples at level Medium
Before redistribution: 18 examples at level Hard
Before redistribution: 18 examples at level VeryHard
Before redistribution: 19 examples at level VeryEasy
Before redistribution: 19 examples at level Easy
Before redistribution: 18 examples at level Medium
Before redistribution: 18 examples at level Hard
Before redistribution: 18 examples at level VeryHard
Before redistribution: 19 examples at level VeryEasy
Before redistribution: 19 examples at level Easy
Before redistribution: 19 examples at level Medium
Before redistribution: 18 examples at level Hard
Before redistribution: 18 examples at level VeryHard
Before redistribution: 19 examples at level VeryEasy
Before redistribution: 19 examples at level Easy
Before redistribution: 19 examples at level Medium
Before redistribution: 19 examples at level Hard
Before redistribution: 18 examples at level VeryHard
Before redistribution: 19 examples at level VeryEasy
Before redistribution: 19 examples at level Easy
Before redistribution: 19 examples at level Medium
Before redistribution: 19 examples at level Hard
Before redistribution: 19 examples at level VeryHard
Performing example redistribution across difficulty levels...
Redistributed 19 examples to level VeryEasy
Redistributed 19 examples to level Easy
Redistributed 19 examples to level Medium
Redistributed 19 examples to level Hard
Redistributed 19 examples to level VeryHard
After redistribution: 19 examples at level VeryEasy
After redistribution: 19 examples at level Easy
After redistribution: 19 examples at level Medium
After redistribution: 19 examples at level Hard
After redistribution: 19 examples at level VeryHard
Before redistribution: 20 examples at level VeryEasy
Before redistribution: 19 examples at level Easy
Before redistribution: 19 examples at level Medium
Before redistribution: 19 examples at level Hard
Before redistribution: 19 examples at level VeryHard
Before redistribution: 20 examples at level VeryEasy
Before redistribution: 20 examples at level Easy
Before redistribution: 19 examples at level Medium
Before redistribution: 19 examples at level Hard
Before redistribution: 19 examples at level VeryHard
Before redistribution: 20 examples at level VeryEasy
Before redistribution: 20 examples at level Easy
Before redistribution: 20 examples at level Medium
Before redistribution: 19 examples at level Hard
Before redistribution: 19 examples at level VeryHard
Before redistribution: 20 examples at level VeryEasy
Before redistribution: 20 examples at level Easy
Before redistribution: 20 examples at level Medium
Before redistribution: 20 examples at level Hard
Before redistribution: 19 examples at level VeryHard
Before redistribution: 20 examples at level VeryEasy
Before redistribution: 20 examples at level Easy
Before redistribution: 20 examples at level Medium
Before redistribution: 20 examples at level Hard
Before redistribution: 20 examples at level VeryHard
Performing example redistribution across difficulty levels...
Redistributed 20 examples to level VeryEasy
Redistributed 20 examples to level Easy
Redistributed 20 examples to level Medium
Redistributed 20 examples to level Hard
Redistributed 20 examples to level VeryHard
After redistribution: 20 examples at level VeryEasy
After redistribution: 20 examples at level Easy
After redistribution: 20 examples at level Medium
After redistribution: 20 examples at level Hard
After redistribution: 20 examples at level VeryHard
Before redistribution: 21 examples at level VeryEasy
Before redistribution: 20 examples at level Easy
Before redistribution: 20 examples at level Medium
Before redistribution: 20 examples at level Hard
Before redistribution: 20 examples at level VeryHard
Before redistribution: 21 examples at level VeryEasy
Before redistribution: 21 examples at level Easy
Before redistribution: 20 examples at level Medium
Before redistribution: 20 examples at level Hard
Before redistribution: 20 examples at level VeryHard
Before redistribution: 21 examples at level VeryEasy
Before redistribution: 21 examples at level Easy
Before redistribution: 21 examples at level Medium
Before redistribution: 20 examples at level Hard
Before redistribution: 20 examples at level VeryHard
Before redistribution: 21 examples at level VeryEasy
Before redistribution: 21 examples at level Easy
Before redistribution: 21 examples at level Medium
Before redistribution: 21 examples at level Hard
Before redistribution: 20 examples at level VeryHard
Before redistribution: 21 examples at level VeryEasy
Before redistribution: 21 examples at level Easy
Before redistribution: 21 examples at level Medium
Before redistribution: 21 examples at level Hard
Before redistribution: 21 examples at level VeryHard
Performing example redistribution across difficulty levels...
Redistributed 21 examples to level VeryEasy
Redistributed 21 examples to level Easy
Redistributed 21 examples to level Medium
Redistributed 21 examples to level Hard
Redistributed 21 examples to level VeryHard
After redistribution: 21 examples at level VeryEasy
After redistribution: 21 examples at level Easy
After redistribution: 21 examples at level Medium
After redistribution: 21 examples at level Hard
After redistribution: 21 examples at level VeryHard
Before redistribution: 22 examples at level VeryEasy
Before redistribution: 21 examples at level Easy
Before redistribution: 21 examples at level Medium
Before redistribution: 21 examples at level Hard
Before redistribution: 21 examples at level VeryHard
Before redistribution: 22 examples at level VeryEasy
Before redistribution: 22 examples at level Easy
Before redistribution: 21 examples at level Medium
Before redistribution: 21 examples at level Hard
Before redistribution: 21 examples at level VeryHard
Before redistribution: 22 examples at level VeryEasy
Before redistribution: 22 examples at level Easy
Before redistribution: 22 examples at level Medium
Before redistribution: 21 examples at level Hard
Before redistribution: 21 examples at level VeryHard
Before redistribution: 22 examples at level VeryEasy
Before redistribution: 22 examples at level Easy
Before redistribution: 22 examples at level Medium
Before redistribution: 22 examples at level Hard
Before redistribution: 21 examples at level VeryHard
Before redistribution: 22 examples at level VeryEasy
Before redistribution: 22 examples at level Easy
Before redistribution: 22 examples at level Medium
Before redistribution: 22 examples at level Hard
Before redistribution: 22 examples at level VeryHard
Performing example redistribution across difficulty levels...
Redistributed 22 examples to level VeryEasy
Redistributed 22 examples to level Easy
Redistributed 22 examples to level Medium
Redistributed 22 examples to level Hard
Redistributed 22 examples to level VeryHard
After redistribution: 22 examples at level VeryEasy
After redistribution: 22 examples at level Easy
After redistribution: 22 examples at level Medium
After redistribution: 22 examples at level Hard
After redistribution: 22 examples at level VeryHard
Before redistribution: 23 examples at level VeryEasy
Before redistribution: 22 examples at level Easy
Before redistribution: 22 examples at level Medium
Before redistribution: 22 examples at level Hard
Before redistribution: 22 examples at level VeryHard
Before redistribution: 23 examples at level VeryEasy
Before redistribution: 23 examples at level Easy
Before redistribution: 22 examples at level Medium
Before redistribution: 22 examples at level Hard
Before redistribution: 22 examples at level VeryHard
Before redistribution: 23 examples at level VeryEasy
Before redistribution: 23 examples at level Easy
Before redistribution: 23 examples at level Medium
Before redistribution: 22 examples at level Hard
Before redistribution: 22 examples at level VeryHard
Before redistribution: 23 examples at level VeryEasy
Before redistribution: 23 examples at level Easy
Before redistribution: 23 examples at level Medium
Before redistribution: 23 examples at level Hard
Before redistribution: 22 examples at level VeryHard
Before redistribution: 23 examples at level VeryEasy
Before redistribution: 23 examples at level Easy
Before redistribution: 23 examples at level Medium
Before redistribution: 23 examples at level Hard
Before redistribution: 23 examples at level VeryHard
Performing example redistribution across difficulty levels...
Redistributed 23 examples to level VeryEasy
Redistributed 23 examples to level Easy
Redistributed 23 examples to level Medium
Redistributed 23 examples to level Hard
Redistributed 23 examples to level VeryHard
After redistribution: 23 examples at level VeryEasy
After redistribution: 23 examples at level Easy
After redistribution: 23 examples at level Medium
After redistribution: 23 examples at level Hard
After redistribution: 23 examples at level VeryHard
Before redistribution: 24 examples at level VeryEasy
Before redistribution: 23 examples at level Easy
Before redistribution: 23 examples at level Medium
Before redistribution: 23 examples at level Hard
Before redistribution: 23 examples at level VeryHard
Before redistribution: 24 examples at level VeryEasy
Before redistribution: 24 examples at level Easy
Before redistribution: 23 examples at level Medium
Before redistribution: 23 examples at level Hard
Before redistribution: 23 examples at level VeryHard
Before redistribution: 24 examples at level VeryEasy
Before redistribution: 24 examples at level Easy
Before redistribution: 24 examples at level Medium
Before redistribution: 23 examples at level Hard
Before redistribution: 23 examples at level VeryHard
Before redistribution: 24 examples at level VeryEasy
Before redistribution: 24 examples at level Easy
Before redistribution: 24 examples at level Medium
Before redistribution: 24 examples at level Hard
Before redistribution: 23 examples at level VeryHard
Before redistribution: 24 examples at level VeryEasy
Before redistribution: 24 examples at level Easy
Before redistribution: 24 examples at level Medium
Before redistribution: 24 examples at level Hard
Before redistribution: 24 examples at level VeryHard
Performing example redistribution across difficulty levels...
Redistributed 24 examples to level VeryEasy
Redistributed 24 examples to level Easy
Redistributed 24 examples to level Medium
Redistributed 24 examples to level Hard
Redistributed 24 examples to level VeryHard
After redistribution: 24 examples at level VeryEasy
After redistribution: 24 examples at level Easy
After redistribution: 24 examples at level Medium
After redistribution: 24 examples at level Hard
After redistribution: 24 examples at level VeryHard
Before redistribution: 25 examples at level VeryEasy
Before redistribution: 24 examples at level Easy
Before redistribution: 24 examples at level Medium
Before redistribution: 24 examples at level Hard
Before redistribution: 24 examples at level VeryHard
Before redistribution: 25 examples at level VeryEasy
Before redistribution: 25 examples at level Easy
Before redistribution: 24 examples at level Medium
Before redistribution: 24 examples at level Hard
Before redistribution: 24 examples at level VeryHard
Before redistribution: 25 examples at level VeryEasy
Before redistribution: 25 examples at level Easy
Before redistribution: 25 examples at level Medium
Before redistribution: 24 examples at level Hard
Before redistribution: 24 examples at level VeryHard
Before redistribution: 25 examples at level VeryEasy
Before redistribution: 25 examples at level Easy
Before redistribution: 25 examples at level Medium
Before redistribution: 25 examples at level Hard
Before redistribution: 24 examples at level VeryHard
Before redistribution: 25 examples at level VeryEasy
Before redistribution: 25 examples at level Easy
Before redistribution: 25 examples at level Medium
Before redistribution: 25 examples at level Hard
Before redistribution: 25 examples at level VeryHard
Performing example redistribution across difficulty levels...
Redistributed 25 examples to level VeryEasy
Redistributed 25 examples to level Easy
Redistributed 25 examples to level Medium
Redistributed 25 examples to level Hard
Redistributed 25 examples to level VeryHard
After redistribution: 25 examples at level VeryEasy
After redistribution: 25 examples at level Easy
After redistribution: 25 examples at level Medium
After redistribution: 25 examples at level Hard
After redistribution: 25 examples at level VeryHard
Before redistribution: 26 examples at level VeryEasy
Before redistribution: 25 examples at level Easy
Before redistribution: 25 examples at level Medium
Before redistribution: 25 examples at level Hard
Before redistribution: 25 examples at level VeryHard
Before redistribution: 26 examples at level VeryEasy
Before redistribution: 26 examples at level Easy
Before redistribution: 25 examples at level Medium
Before redistribution: 25 examples at level Hard
Before redistribution: 25 examples at level VeryHard
Before redistribution: 26 examples at level VeryEasy
Before redistribution: 26 examples at level Easy
Before redistribution: 26 examples at level Medium
Before redistribution: 25 examples at level Hard
Before redistribution: 25 examples at level VeryHard
Before redistribution: 26 examples at level VeryEasy
Before redistribution: 26 examples at level Easy
Before redistribution: 26 examples at level Medium
Before redistribution: 26 examples at level Hard
Before redistribution: 25 examples at level VeryHard
Before redistribution: 26 examples at level VeryEasy
Before redistribution: 26 examples at level Easy
Before redistribution: 26 examples at level Medium
Before redistribution: 26 examples at level Hard
Before redistribution: 26 examples at level VeryHard
Performing example redistribution across difficulty levels...
Redistributed 26 examples to level VeryEasy
Redistributed 26 examples to level Easy
Redistributed 26 examples to level Medium
Redistributed 26 examples to level Hard
Redistributed 26 examples to level VeryHard
After redistribution: 26 examples at level VeryEasy
After redistribution: 26 examples at level Easy
After redistribution: 26 examples at level Medium
After redistribution: 26 examples at level Hard
After redistribution: 26 examples at level VeryHard
Before redistribution: 27 examples at level VeryEasy
Before redistribution: 26 examples at level Easy
Before redistribution: 26 examples at level Medium
Before redistribution: 26 examples at level Hard
Before redistribution: 26 examples at level VeryHard
Before redistribution: 27 examples at level VeryEasy
Before redistribution: 27 examples at level Easy
Before redistribution: 26 examples at level Medium
Before redistribution: 26 examples at level Hard
Before redistribution: 26 examples at level VeryHard
Before redistribution: 27 examples at level VeryEasy
Before redistribution: 27 examples at level Easy
Before redistribution: 27 examples at level Medium
Before redistribution: 26 examples at level Hard
Before redistribution: 26 examples at level VeryHard
Before redistribution: 27 examples at level VeryEasy
Before redistribution: 27 examples at level Easy
Before redistribution: 27 examples at level Medium
Before redistribution: 27 examples at level Hard
Before redistribution: 26 examples at level VeryHard
Before redistribution: 27 examples at level VeryEasy
Before redistribution: 27 examples at level Easy
Before redistribution: 27 examples at level Medium
Before redistribution: 27 examples at level Hard
Before redistribution: 27 examples at level VeryHard
Performing example redistribution across difficulty levels...
Redistributed 27 examples to level VeryEasy
Redistributed 27 examples to level Easy
Redistributed 27 examples to level Medium
Redistributed 27 examples to level Hard
Redistributed 27 examples to level VeryHard
After redistribution: 27 examples at level VeryEasy
After redistribution: 27 examples at level Easy
After redistribution: 27 examples at level Medium
After redistribution: 27 examples at level Hard
After redistribution: 27 examples at level VeryHard
Before redistribution: 28 examples at level VeryEasy
Before redistribution: 27 examples at level Easy
Before redistribution: 27 examples at level Medium
Before redistribution: 27 examples at level Hard
Before redistribution: 27 examples at level VeryHard
Before redistribution: 28 examples at level VeryEasy
Before redistribution: 28 examples at level Easy
Before redistribution: 27 examples at level Medium
Before redistribution: 27 examples at level Hard
Before redistribution: 27 examples at level VeryHard
Before redistribution: 28 examples at level VeryEasy
Before redistribution: 28 examples at level Easy
Before redistribution: 28 examples at level Medium
Before redistribution: 27 examples at level Hard
Before redistribution: 27 examples at level VeryHard
Before redistribution: 28 examples at level VeryEasy
Before redistribution: 28 examples at level Easy
Before redistribution: 28 examples at level Medium
Before redistribution: 28 examples at level Hard
Before redistribution: 27 examples at level VeryHard
Before redistribution: 28 examples at level VeryEasy
Before redistribution: 28 examples at level Easy
Before redistribution: 28 examples at level Medium
Before redistribution: 28 examples at level Hard
Before redistribution: 28 examples at level VeryHard
Performing example redistribution across difficulty levels...
Redistributed 28 examples to level VeryEasy
Redistributed 28 examples to level Easy
Redistributed 28 examples to level Medium
Redistributed 28 examples to level Hard
Redistributed 28 examples to level VeryHard
After redistribution: 28 examples at level VeryEasy
After redistribution: 28 examples at level Easy
After redistribution: 28 examples at level Medium
After redistribution: 28 examples at level Hard
After redistribution: 28 examples at level VeryHard
Before redistribution: 29 examples at level VeryEasy
Before redistribution: 28 examples at level Easy
Before redistribution: 28 examples at level Medium
Before redistribution: 28 examples at level Hard
Before redistribution: 28 examples at level VeryHard
Before redistribution: 29 examples at level VeryEasy
Before redistribution: 29 examples at level Easy
Before redistribution: 28 examples at level Medium
Before redistribution: 28 examples at level Hard
Before redistribution: 28 examples at level VeryHard
Before redistribution: 29 examples at level VeryEasy
Before redistribution: 29 examples at level Easy
Before redistribution: 29 examples at level Medium
Before redistribution: 28 examples at level Hard
Before redistribution: 28 examples at level VeryHard
Before redistribution: 29 examples at level VeryEasy
Before redistribution: 29 examples at level Easy
Before redistribution: 29 examples at level Medium
Before redistribution: 29 examples at level Hard
Before redistribution: 28 examples at level VeryHard
Before redistribution: 29 examples at level VeryEasy
Before redistribution: 29 examples at level Easy
Before redistribution: 29 examples at level Medium
Before redistribution: 29 examples at level Hard
Before redistribution: 29 examples at level VeryHard
Performing example redistribution across difficulty levels...
Redistributed 29 examples to level VeryEasy
Redistributed 29 examples to level Easy
Redistributed 29 examples to level Medium
Redistributed 29 examples to level Hard
Redistributed 29 examples to level VeryHard
After redistribution: 29 examples at level VeryEasy
After redistribution: 29 examples at level Easy
After redistribution: 29 examples at level Medium
After redistribution: 29 examples at level Hard
After redistribution: 29 examples at level VeryHard
Before redistribution: 30 examples at level VeryEasy
Before redistribution: 29 examples at level Easy
Before redistribution: 29 examples at level Medium
Before redistribution: 29 examples at level Hard
Before redistribution: 29 examples at level VeryHard
Before redistribution: 30 examples at level VeryEasy
Before redistribution: 30 examples at level Easy
Before redistribution: 29 examples at level Medium
Before redistribution: 29 examples at level Hard
Before redistribution: 29 examples at level VeryHard
Before redistribution: 30 examples at level VeryEasy
Before redistribution: 30 examples at level Easy
Before redistribution: 30 examples at level Medium
Before redistribution: 29 examples at level Hard
Before redistribution: 29 examples at level VeryHard
Before redistribution: 30 examples at level VeryEasy
Before redistribution: 30 examples at level Easy
Before redistribution: 30 examples at level Medium
Before redistribution: 30 examples at level Hard
Before redistribution: 29 examples at level VeryHard
Before redistribution: 30 examples at level VeryEasy
Before redistribution: 30 examples at level Easy
Before redistribution: 30 examples at level Medium
Before redistribution: 30 examples at level Hard
Before redistribution: 30 examples at level VeryHard
Performing example redistribution across difficulty levels...
Redistributed 30 examples to level VeryEasy
Redistributed 30 examples to level Easy
Redistributed 30 examples to level Medium
Redistributed 30 examples to level Hard
Redistributed 30 examples to level VeryHard
After redistribution: 30 examples at level VeryEasy
After redistribution: 30 examples at level Easy
After redistribution: 30 examples at level Medium
After redistribution: 30 examples at level Hard
After redistribution: 30 examples at level VeryHard
Before redistribution: 31 examples at level VeryEasy
Before redistribution: 30 examples at level Easy
Before redistribution: 30 examples at level Medium
Before redistribution: 30 examples at level Hard
Before redistribution: 30 examples at level VeryHard
Before redistribution: 31 examples at level VeryEasy
Before redistribution: 31 examples at level Easy
Before redistribution: 30 examples at level Medium
Before redistribution: 30 examples at level Hard
Before redistribution: 30 examples at level VeryHard
Before redistribution: 31 examples at level VeryEasy
Before redistribution: 31 examples at level Easy
Before redistribution: 31 examples at level Medium
Before redistribution: 30 examples at level Hard
Before redistribution: 30 examples at level VeryHard
Before redistribution: 31 examples at level VeryEasy
Before redistribution: 31 examples at level Easy
Before redistribution: 31 examples at level Medium
Before redistribution: 31 examples at level Hard
Before redistribution: 30 examples at level VeryHard
Before redistribution: 31 examples at level VeryEasy
Before redistribution: 31 examples at level Easy
Before redistribution: 31 examples at level Medium
Before redistribution: 31 examples at level Hard
Before redistribution: 31 examples at level VeryHard
Performing example redistribution across difficulty levels...
Redistributed 31 examples to level VeryEasy
Redistributed 31 examples to level Easy
Redistributed 31 examples to level Medium
Redistributed 31 examples to level Hard
Redistributed 31 examples to level VeryHard
After redistribution: 31 examples at level VeryEasy
After redistribution: 31 examples at level Easy
After redistribution: 31 examples at level Medium
After redistribution: 31 examples at level Hard
After redistribution: 31 examples at level VeryHard
Before redistribution: 32 examples at level VeryEasy
Before redistribution: 31 examples at level Easy
Before redistribution: 31 examples at level Medium
Before redistribution: 31 examples at level Hard
Before redistribution: 31 examples at level VeryHard
Before redistribution: 32 examples at level VeryEasy
Before redistribution: 32 examples at level Easy
Before redistribution: 31 examples at level Medium
Before redistribution: 31 examples at level Hard
Before redistribution: 31 examples at level VeryHard
Before redistribution: 32 examples at level VeryEasy
Before redistribution: 32 examples at level Easy
Before redistribution: 32 examples at level Medium
Before redistribution: 31 examples at level Hard
Before redistribution: 31 examples at level VeryHard
Before redistribution: 32 examples at level VeryEasy
Before redistribution: 32 examples at level Easy
Before redistribution: 32 examples at level Medium
Before redistribution: 32 examples at level Hard
Before redistribution: 31 examples at level VeryHard
Before redistribution: 32 examples at level VeryEasy
Before redistribution: 32 examples at level Easy
Before redistribution: 32 examples at level Medium
Before redistribution: 32 examples at level Hard
Before redistribution: 32 examples at level VeryHard
Performing example redistribution across difficulty levels...
Redistributed 32 examples to level VeryEasy
Redistributed 32 examples to level Easy
Redistributed 32 examples to level Medium
Redistributed 32 examples to level Hard
Redistributed 32 examples to level VeryHard
After redistribution: 32 examples at level VeryEasy
After redistribution: 32 examples at level Easy
After redistribution: 32 examples at level Medium
After redistribution: 32 examples at level Hard
After redistribution: 32 examples at level VeryHard
Before redistribution: 33 examples at level VeryEasy
Before redistribution: 32 examples at level Easy
Before redistribution: 32 examples at level Medium
Before redistribution: 32 examples at level Hard
Before redistribution: 32 examples at level VeryHard
Before redistribution: 33 examples at level VeryEasy
Before redistribution: 33 examples at level Easy
Before redistribution: 32 examples at level Medium
Before redistribution: 32 examples at level Hard
Before redistribution: 32 examples at level VeryHard
Before redistribution: 33 examples at level VeryEasy
Before redistribution: 33 examples at level Easy
Before redistribution: 33 examples at level Medium
Before redistribution: 32 examples at level Hard
Before redistribution: 32 examples at level VeryHard
Before redistribution: 33 examples at level VeryEasy
Before redistribution: 33 examples at level Easy
Before redistribution: 33 examples at level Medium
Before redistribution: 33 examples at level Hard
Before redistribution: 32 examples at level VeryHard
Before redistribution: 33 examples at level VeryEasy
Before redistribution: 33 examples at level Easy
Before redistribution: 33 examples at level Medium
Before redistribution: 33 examples at level Hard
Before redistribution: 33 examples at level VeryHard
Performing example redistribution across difficulty levels...
Redistributed 33 examples to level VeryEasy
Redistributed 33 examples to level Easy
Redistributed 33 examples to level Medium
Redistributed 33 examples to level Hard
Redistributed 33 examples to level VeryHard
After redistribution: 33 examples at level VeryEasy
After redistribution: 33 examples at level Easy
After redistribution: 33 examples at level Medium
After redistribution: 33 examples at level Hard
After redistribution: 33 examples at level VeryHard
Before redistribution: 34 examples at level VeryEasy
Before redistribution: 33 examples at level Easy
Before redistribution: 33 examples at level Medium
Before redistribution: 33 examples at level Hard
Before redistribution: 33 examples at level VeryHard
Before redistribution: 34 examples at level VeryEasy
Before redistribution: 34 examples at level Easy
Before redistribution: 33 examples at level Medium
Before redistribution: 33 examples at level Hard
Before redistribution: 33 examples at level VeryHard
Before redistribution: 34 examples at level VeryEasy
Before redistribution: 34 examples at level Easy
Before redistribution: 34 examples at level Medium
Before redistribution: 33 examples at level Hard
Before redistribution: 33 examples at level VeryHard
Before redistribution: 34 examples at level VeryEasy
Before redistribution: 34 examples at level Easy
Before redistribution: 34 examples at level Medium
Before redistribution: 34 examples at level Hard
Before redistribution: 33 examples at level VeryHard
Before redistribution: 34 examples at level VeryEasy
Before redistribution: 34 examples at level Easy
Before redistribution: 34 examples at level Medium
Before redistribution: 34 examples at level Hard
Before redistribution: 34 examples at level VeryHard
Performing example redistribution across difficulty levels...
Redistributed 34 examples to level VeryEasy
Redistributed 34 examples to level Easy
Redistributed 34 examples to level Medium
Redistributed 34 examples to level Hard
Redistributed 34 examples to level VeryHard
After redistribution: 34 examples at level VeryEasy
After redistribution: 34 examples at level Easy
After redistribution: 34 examples at level Medium
After redistribution: 34 examples at level Hard
After redistribution: 34 examples at level VeryHard
Before redistribution: 35 examples at level VeryEasy
Before redistribution: 34 examples at level Easy
Before redistribution: 34 examples at level Medium
Before redistribution: 34 examples at level Hard
Before redistribution: 34 examples at level VeryHard
Before redistribution: 35 examples at level VeryEasy
Before redistribution: 35 examples at level Easy
Before redistribution: 34 examples at level Medium
Before redistribution: 34 examples at level Hard
Before redistribution: 34 examples at level VeryHard
Before redistribution: 35 examples at level VeryEasy
Before redistribution: 35 examples at level Easy
Before redistribution: 35 examples at level Medium
Before redistribution: 34 examples at level Hard
Before redistribution: 34 examples at level VeryHard
Before redistribution: 35 examples at level VeryEasy
Before redistribution: 35 examples at level Easy
Before redistribution: 35 examples at level Medium
Before redistribution: 35 examples at level Hard
Before redistribution: 34 examples at level VeryHard
Before redistribution: 35 examples at level VeryEasy
Before redistribution: 35 examples at level Easy
Before redistribution: 35 examples at level Medium
Before redistribution: 35 examples at level Hard
Before redistribution: 35 examples at level VeryHard
Performing example redistribution across difficulty levels...
Redistributed 35 examples to level VeryEasy
Redistributed 35 examples to level Easy
Redistributed 35 examples to level Medium
Redistributed 35 examples to level Hard
Redistributed 35 examples to level VeryHard
After redistribution: 35 examples at level VeryEasy
After redistribution: 35 examples at level Easy
After redistribution: 35 examples at level Medium
After redistribution: 35 examples at level Hard
After redistribution: 35 examples at level VeryHard
Before redistribution: 36 examples at level VeryEasy
Before redistribution: 35 examples at level Easy
Before redistribution: 35 examples at level Medium
Before redistribution: 35 examples at level Hard
Before redistribution: 35 examples at level VeryHard
Before redistribution: 36 examples at level VeryEasy
Before redistribution: 36 examples at level Easy
Before redistribution: 35 examples at level Medium
Before redistribution: 35 examples at level Hard
Before redistribution: 35 examples at level VeryHard
Before redistribution: 36 examples at level VeryEasy
Before redistribution: 36 examples at level Easy
Before redistribution: 36 examples at level Medium
Before redistribution: 35 examples at level Hard
Before redistribution: 35 examples at level VeryHard
Before redistribution: 36 examples at level VeryEasy
Before redistribution: 36 examples at level Easy
Before redistribution: 36 examples at level Medium
Before redistribution: 36 examples at level Hard
Before redistribution: 35 examples at level VeryHard
Before redistribution: 36 examples at level VeryEasy
Before redistribution: 36 examples at level Easy
Before redistribution: 36 examples at level Medium
Before redistribution: 36 examples at level Hard
Before redistribution: 36 examples at level VeryHard
Performing example redistribution across difficulty levels...
Redistributed 36 examples to level VeryEasy
Redistributed 36 examples to level Easy
Redistributed 36 examples to level Medium
Redistributed 36 examples to level Hard
Redistributed 36 examples to level VeryHard
After redistribution: 36 examples at level VeryEasy
After redistribution: 36 examples at level Easy
After redistribution: 36 examples at level Medium
After redistribution: 36 examples at level Hard
After redistribution: 36 examples at level VeryHard
Before redistribution: 37 examples at level VeryEasy
Before redistribution: 36 examples at level Easy
Before redistribution: 36 examples at level Medium
Before redistribution: 36 examples at level Hard
Before redistribution: 36 examples at level VeryHard
Before redistribution: 37 examples at level VeryEasy
Before redistribution: 37 examples at level Easy
Before redistribution: 36 examples at level Medium
Before redistribution: 36 examples at level Hard
Before redistribution: 36 examples at level VeryHard
Before redistribution: 37 examples at level VeryEasy
Before redistribution: 37 examples at level Easy
Before redistribution: 37 examples at level Medium
Before redistribution: 36 examples at level Hard
Before redistribution: 36 examples at level VeryHard
Before redistribution: 37 examples at level VeryEasy
Before redistribution: 37 examples at level Easy
Before redistribution: 37 examples at level Medium
Before redistribution: 37 examples at level Hard
Before redistribution: 36 examples at level VeryHard
Before redistribution: 37 examples at level VeryEasy
Before redistribution: 37 examples at level Easy
Before redistribution: 37 examples at level Medium
Before redistribution: 37 examples at level Hard
Before redistribution: 37 examples at level VeryHard
Performing example redistribution across difficulty levels...
Redistributed 37 examples to level VeryEasy
Redistributed 37 examples to level Easy
Redistributed 37 examples to level Medium
Redistributed 37 examples to level Hard
Redistributed 37 examples to level VeryHard
After redistribution: 37 examples at level VeryEasy
After redistribution: 37 examples at level Easy
After redistribution: 37 examples at level Medium
After redistribution: 37 examples at level Hard
After redistribution: 37 examples at level VeryHard
Before redistribution: 38 examples at level VeryEasy
Before redistribution: 37 examples at level Easy
Before redistribution: 37 examples at level Medium
Before redistribution: 37 examples at level Hard
Before redistribution: 37 examples at level VeryHard
Before redistribution: 38 examples at level VeryEasy
Before redistribution: 38 examples at level Easy
Before redistribution: 37 examples at level Medium
Before redistribution: 37 examples at level Hard
Before redistribution: 37 examples at level VeryHard
Before redistribution: 38 examples at level VeryEasy
Before redistribution: 38 examples at level Easy
Before redistribution: 38 examples at level Medium
Before redistribution: 37 examples at level Hard
Before redistribution: 37 examples at level VeryHard
Before redistribution: 38 examples at level VeryEasy
Before redistribution: 38 examples at level Easy
Before redistribution: 38 examples at level Medium
Before redistribution: 38 examples at level Hard
Before redistribution: 37 examples at level VeryHard
Before redistribution: 38 examples at level VeryEasy
Before redistribution: 38 examples at level Easy
Before redistribution: 38 examples at level Medium
Before redistribution: 38 examples at level Hard
Before redistribution: 38 examples at level VeryHard
Performing example redistribution across difficulty levels...
Redistributed 38 examples to level VeryEasy
Redistributed 38 examples to level Easy
Redistributed 38 examples to level Medium
Redistributed 38 examples to level Hard
Redistributed 38 examples to level VeryHard
After redistribution: 38 examples at level VeryEasy
After redistribution: 38 examples at level Easy
After redistribution: 38 examples at level Medium
After redistribution: 38 examples at level Hard
After redistribution: 38 examples at level VeryHard
Before redistribution: 39 examples at level VeryEasy
Before redistribution: 38 examples at level Easy
Before redistribution: 38 examples at level Medium
Before redistribution: 38 examples at level Hard
Before redistribution: 38 examples at level VeryHard
Before redistribution: 39 examples at level VeryEasy
Before redistribution: 39 examples at level Easy
Before redistribution: 38 examples at level Medium
Before redistribution: 38 examples at level Hard
Before redistribution: 38 examples at level VeryHard
Before redistribution: 39 examples at level VeryEasy
Before redistribution: 39 examples at level Easy
Before redistribution: 39 examples at level Medium
Before redistribution: 38 examples at level Hard
Before redistribution: 38 examples at level VeryHard
Before redistribution: 39 examples at level VeryEasy
Before redistribution: 39 examples at level Easy
Before redistribution: 39 examples at level Medium
Before redistribution: 39 examples at level Hard
Before redistribution: 38 examples at level VeryHard
Before redistribution: 39 examples at level VeryEasy
Before redistribution: 39 examples at level Easy
Before redistribution: 39 examples at level Medium
Before redistribution: 39 examples at level Hard
Before redistribution: 39 examples at level VeryHard
Performing example redistribution across difficulty levels...
Redistributed 39 examples to level VeryEasy
Redistributed 39 examples to level Easy
Redistributed 39 examples to level Medium
Redistributed 39 examples to level Hard
Redistributed 39 examples to level VeryHard
After redistribution: 39 examples at level VeryEasy
After redistribution: 39 examples at level Easy
After redistribution: 39 examples at level Medium
After redistribution: 39 examples at level Hard
After redistribution: 39 examples at level VeryHard
Before redistribution: 40 examples at level VeryEasy
Before redistribution: 39 examples at level Easy
Before redistribution: 39 examples at level Medium
Before redistribution: 39 examples at level Hard
Before redistribution: 39 examples at level VeryHard
Before redistribution: 40 examples at level VeryEasy
Before redistribution: 40 examples at level Easy
Before redistribution: 39 examples at level Medium
Before redistribution: 39 examples at level Hard
Before redistribution: 39 examples at level VeryHard
Before redistribution: 40 examples at level VeryEasy
Before redistribution: 40 examples at level Easy
Before redistribution: 40 examples at level Medium
Before redistribution: 39 examples at level Hard
Before redistribution: 39 examples at level VeryHard
Before redistribution: 40 examples at level VeryEasy
Before redistribution: 40 examples at level Easy
Before redistribution: 40 examples at level Medium
Before redistribution: 40 examples at level Hard
Before redistribution: 39 examples at level VeryHard
Before redistribution: 40 examples at level VeryEasy
Before redistribution: 40 examples at level Easy
Before redistribution: 40 examples at level Medium
Before redistribution: 40 examples at level Hard
Before redistribution: 40 examples at level VeryHard
Performing example redistribution across difficulty levels...
Redistributed 40 examples to level VeryEasy
Redistributed 40 examples to level Easy
Redistributed 40 examples to level Medium
Redistributed 40 examples to level Hard
Redistributed 40 examples to level VeryHard
After redistribution: 40 examples at level VeryEasy
After redistribution: 40 examples at level Easy
After redistribution: 40 examples at level Medium
After redistribution: 40 examples at level Hard
After redistribution: 40 examples at level VeryHard
Before redistribution: 41 examples at level VeryEasy
Before redistribution: 40 examples at level Easy
Before redistribution: 40 examples at level Medium
Before redistribution: 40 examples at level Hard
Before redistribution: 40 examples at level VeryHard
Before redistribution: 41 examples at level VeryEasy
Before redistribution: 41 examples at level Easy
Before redistribution: 40 examples at level Medium
Before redistribution: 40 examples at level Hard
Before redistribution: 40 examples at level VeryHard
Before redistribution: 41 examples at level VeryEasy
Before redistribution: 41 examples at level Easy
Before redistribution: 41 examples at level Medium
Before redistribution: 40 examples at level Hard
Before redistribution: 40 examples at level VeryHard
Before redistribution: 41 examples at level VeryEasy
Before redistribution: 41 examples at level Easy
Before redistribution: 41 examples at level Medium
Before redistribution: 41 examples at level Hard
Before redistribution: 40 examples at level VeryHard
Before redistribution: 41 examples at level VeryEasy
Before redistribution: 41 examples at level Easy
Before redistribution: 41 examples at level Medium
Before redistribution: 41 examples at level Hard
Before redistribution: 41 examples at level VeryHard
Performing example redistribution across difficulty levels...
Redistributed 41 examples to level VeryEasy
Redistributed 41 examples to level Easy
Redistributed 41 examples to level Medium
Redistributed 41 examples to level Hard
Redistributed 41 examples to level VeryHard
After redistribution: 41 examples at level VeryEasy
After redistribution: 41 examples at level Easy
After redistribution: 41 examples at level Medium
After redistribution: 41 examples at level Hard
After redistribution: 41 examples at level VeryHard
Before redistribution: 42 examples at level VeryEasy
Before redistribution: 41 examples at level Easy
Before redistribution: 41 examples at level Medium
Before redistribution: 41 examples at level Hard
Before redistribution: 41 examples at level VeryHard
Before redistribution: 42 examples at level VeryEasy
Before redistribution: 42 examples at level Easy
Before redistribution: 41 examples at level Medium
Before redistribution: 41 examples at level Hard
Before redistribution: 41 examples at level VeryHard
Before redistribution: 42 examples at level VeryEasy
Before redistribution: 42 examples at level Easy
Before redistribution: 42 examples at level Medium
Before redistribution: 41 examples at level Hard
Before redistribution: 41 examples at level VeryHard
Before redistribution: 42 examples at level VeryEasy
Before redistribution: 42 examples at level Easy
Before redistribution: 42 examples at level Medium
Before redistribution: 42 examples at level Hard
Before redistribution: 41 examples at level VeryHard
Before redistribution: 42 examples at level VeryEasy
Before redistribution: 42 examples at level Easy
Before redistribution: 42 examples at level Medium
Before redistribution: 42 examples at level Hard
Before redistribution: 42 examples at level VeryHard
Performing example redistribution across difficulty levels...
Redistributed 42 examples to level VeryEasy
Redistributed 42 examples to level Easy
Redistributed 42 examples to level Medium
Redistributed 42 examples to level Hard
Redistributed 42 examples to level VeryHard
After redistribution: 42 examples at level VeryEasy
After redistribution: 42 examples at level Easy
After redistribution: 42 examples at level Medium
After redistribution: 42 examples at level Hard
After redistribution: 42 examples at level VeryHard
Before redistribution: 43 examples at level VeryEasy
Before redistribution: 42 examples at level Easy
Before redistribution: 42 examples at level Medium
Before redistribution: 42 examples at level Hard
Before redistribution: 42 examples at level VeryHard
Before redistribution: 43 examples at level VeryEasy
Before redistribution: 43 examples at level Easy
Before redistribution: 42 examples at level Medium
Before redistribution: 42 examples at level Hard
Before redistribution: 42 examples at level VeryHard
Before redistribution: 43 examples at level VeryEasy
Before redistribution: 43 examples at level Easy
Before redistribution: 43 examples at level Medium
Before redistribution: 42 examples at level Hard
Before redistribution: 42 examples at level VeryHard
Before redistribution: 43 examples at level VeryEasy
Before redistribution: 43 examples at level Easy
Before redistribution: 43 examples at level Medium
Before redistribution: 43 examples at level Hard
Before redistribution: 42 examples at level VeryHard
Before redistribution: 43 examples at level VeryEasy
Before redistribution: 43 examples at level Easy
Before redistribution: 43 examples at level Medium
Before redistribution: 43 examples at level Hard
Before redistribution: 43 examples at level VeryHard
Performing example redistribution across difficulty levels...
Redistributed 43 examples to level VeryEasy
Redistributed 43 examples to level Easy
Redistributed 43 examples to level Medium
Redistributed 43 examples to level Hard
Redistributed 43 examples to level VeryHard
After redistribution: 43 examples at level VeryEasy
After redistribution: 43 examples at level Easy
After redistribution: 43 examples at level Medium
After redistribution: 43 examples at level Hard
After redistribution: 43 examples at level VeryHard
Before redistribution: 44 examples at level VeryEasy
Before redistribution: 43 examples at level Easy
Before redistribution: 43 examples at level Medium
Before redistribution: 43 examples at level Hard
Before redistribution: 43 examples at level VeryHard
Before redistribution: 44 examples at level VeryEasy
Before redistribution: 44 examples at level Easy
Before redistribution: 43 examples at level Medium
Before redistribution: 43 examples at level Hard
Before redistribution: 43 examples at level VeryHard
Before redistribution: 44 examples at level VeryEasy
Before redistribution: 44 examples at level Easy
Before redistribution: 44 examples at level Medium
Before redistribution: 43 examples at level Hard
Before redistribution: 43 examples at level VeryHard
Before redistribution: 44 examples at level VeryEasy
Before redistribution: 44 examples at level Easy
Before redistribution: 44 examples at level Medium
Before redistribution: 44 examples at level Hard
Before redistribution: 43 examples at level VeryHard
Before redistribution: 44 examples at level VeryEasy
Before redistribution: 44 examples at level Easy
Before redistribution: 44 examples at level Medium
Before redistribution: 44 examples at level Hard
Before redistribution: 44 examples at level VeryHard
Performing example redistribution across difficulty levels...
Redistributed 44 examples to level VeryEasy
Redistributed 44 examples to level Easy
Redistributed 44 examples to level Medium
Redistributed 44 examples to level Hard
Redistributed 44 examples to level VeryHard
After redistribution: 44 examples at level VeryEasy
After redistribution: 44 examples at level Easy
After redistribution: 44 examples at level Medium
After redistribution: 44 examples at level Hard
After redistribution: 44 examples at level VeryHard
Before redistribution: 45 examples at level VeryEasy
Before redistribution: 44 examples at level Easy
Before redistribution: 44 examples at level Medium
Before redistribution: 44 examples at level Hard
Before redistribution: 44 examples at level VeryHard
Before redistribution: 45 examples at level VeryEasy
Before redistribution: 45 examples at level Easy
Before redistribution: 44 examples at level Medium
Before redistribution: 44 examples at level Hard
Before redistribution: 44 examples at level VeryHard
Before redistribution: 45 examples at level VeryEasy
Before redistribution: 45 examples at level Easy
Before redistribution: 45 examples at level Medium
Before redistribution: 44 examples at level Hard
Before redistribution: 44 examples at level VeryHard
Before redistribution: 45 examples at level VeryEasy
Before redistribution: 45 examples at level Easy
Before redistribution: 45 examples at level Medium
Before redistribution: 45 examples at level Hard
Before redistribution: 44 examples at level VeryHard
Before redistribution: 45 examples at level VeryEasy
Before redistribution: 45 examples at level Easy
Before redistribution: 45 examples at level Medium
Before redistribution: 45 examples at level Hard
Before redistribution: 45 examples at level VeryHard
Performing example redistribution across difficulty levels...
Redistributed 45 examples to level VeryEasy
Redistributed 45 examples to level Easy
Redistributed 45 examples to level Medium
Redistributed 45 examples to level Hard
Redistributed 45 examples to level VeryHard
After redistribution: 45 examples at level VeryEasy
After redistribution: 45 examples at level Easy
After redistribution: 45 examples at level Medium
After redistribution: 45 examples at level Hard
After redistribution: 45 examples at level VeryHard
Before redistribution: 46 examples at level VeryEasy
Before redistribution: 45 examples at level Easy
Before redistribution: 45 examples at level Medium
Before redistribution: 45 examples at level Hard
Before redistribution: 45 examples at level VeryHard
Before redistribution: 46 examples at level VeryEasy
Before redistribution: 46 examples at level Easy
Before redistribution: 45 examples at level Medium
Before redistribution: 45 examples at level Hard
Before redistribution: 45 examples at level VeryHard
Before redistribution: 46 examples at level VeryEasy
Before redistribution: 46 examples at level Easy
Before redistribution: 46 examples at level Medium
Before redistribution: 45 examples at level Hard
Before redistribution: 45 examples at level VeryHard
Before redistribution: 46 examples at level VeryEasy
Before redistribution: 46 examples at level Easy
Before redistribution: 46 examples at level Medium
Before redistribution: 46 examples at level Hard
Before redistribution: 45 examples at level VeryHard
Before redistribution: 46 examples at level VeryEasy
Before redistribution: 46 examples at level Easy
Before redistribution: 46 examples at level Medium
Before redistribution: 46 examples at level Hard
Before redistribution: 46 examples at level VeryHard
Performing example redistribution across difficulty levels...
Redistributed 46 examples to level VeryEasy
Redistributed 46 examples to level Easy
Redistributed 46 examples to level Medium
Redistributed 46 examples to level Hard
Redistributed 46 examples to level VeryHard
After redistribution: 46 examples at level VeryEasy
After redistribution: 46 examples at level Easy
After redistribution: 46 examples at level Medium
After redistribution: 46 examples at level Hard
After redistribution: 46 examples at level VeryHard
Before redistribution: 47 examples at level VeryEasy
Before redistribution: 46 examples at level Easy
Before redistribution: 46 examples at level Medium
Before redistribution: 46 examples at level Hard
Before redistribution: 46 examples at level VeryHard
Before redistribution: 47 examples at level VeryEasy
Before redistribution: 47 examples at level Easy
Before redistribution: 46 examples at level Medium
Before redistribution: 46 examples at level Hard
Before redistribution: 46 examples at level VeryHard
Before redistribution: 47 examples at level VeryEasy
Before redistribution: 47 examples at level Easy
Before redistribution: 47 examples at level Medium
Before redistribution: 46 examples at level Hard
Before redistribution: 46 examples at level VeryHard
Before redistribution: 47 examples at level VeryEasy
Before redistribution: 47 examples at level Easy
Before redistribution: 47 examples at level Medium
Before redistribution: 47 examples at level Hard
Before redistribution: 46 examples at level VeryHard
Before redistribution: 47 examples at level VeryEasy
Before redistribution: 47 examples at level Easy
Before redistribution: 47 examples at level Medium
Before redistribution: 47 examples at level Hard
Before redistribution: 47 examples at level VeryHard
Performing example redistribution across difficulty levels...
Redistributed 47 examples to level VeryEasy
Redistributed 47 examples to level Easy
Redistributed 47 examples to level Medium
Redistributed 47 examples to level Hard
Redistributed 47 examples to level VeryHard
After redistribution: 47 examples at level VeryEasy
After redistribution: 47 examples at level Easy
After redistribution: 47 examples at level Medium
After redistribution: 47 examples at level Hard
After redistribution: 47 examples at level VeryHard
Before redistribution: 48 examples at level VeryEasy
Before redistribution: 47 examples at level Easy
Before redistribution: 47 examples at level Medium
Before redistribution: 47 examples at level Hard
Before redistribution: 47 examples at level VeryHard
Before redistribution: 48 examples at level VeryEasy
Before redistribution: 48 examples at level Easy
Before redistribution: 47 examples at level Medium
Before redistribution: 47 examples at level Hard
Before redistribution: 47 examples at level VeryHard
Before redistribution: 48 examples at level VeryEasy
Before redistribution: 48 examples at level Easy
Before redistribution: 48 examples at level Medium
Before redistribution: 47 examples at level Hard
Before redistribution: 47 examples at level VeryHard
Before redistribution: 48 examples at level VeryEasy
Before redistribution: 48 examples at level Easy
Before redistribution: 48 examples at level Medium
Before redistribution: 48 examples at level Hard
Before redistribution: 47 examples at level VeryHard
Before redistribution: 48 examples at level VeryEasy
Before redistribution: 48 examples at level Easy
Before redistribution: 48 examples at level Medium
Before redistribution: 48 examples at level Hard
Before redistribution: 48 examples at level VeryHard
Performing example redistribution across difficulty levels...
Redistributed 48 examples to level VeryEasy
Redistributed 48 examples to level Easy
Redistributed 48 examples to level Medium
Redistributed 48 examples to level Hard
Redistributed 48 examples to level VeryHard
After redistribution: 48 examples at level VeryEasy
After redistribution: 48 examples at level Easy
After redistribution: 48 examples at level Medium
After redistribution: 48 examples at level Hard
After redistribution: 48 examples at level VeryHard
Before redistribution: 49 examples at level VeryEasy
Before redistribution: 48 examples at level Easy
Before redistribution: 48 examples at level Medium
Before redistribution: 48 examples at level Hard
Before redistribution: 48 examples at level VeryHard
Before redistribution: 49 examples at level VeryEasy
Before redistribution: 49 examples at level Easy
Before redistribution: 48 examples at level Medium
Before redistribution: 48 examples at level Hard
Before redistribution: 48 examples at level VeryHard
Before redistribution: 49 examples at level VeryEasy
Before redistribution: 49 examples at level Easy
Before redistribution: 49 examples at level Medium
Before redistribution: 48 examples at level Hard
Before redistribution: 48 examples at level VeryHard
Before redistribution: 49 examples at level VeryEasy
Before redistribution: 49 examples at level Easy
Before redistribution: 49 examples at level Medium
Before redistribution: 49 examples at level Hard
Before redistribution: 48 examples at level VeryHard
Before redistribution: 49 examples at level VeryEasy
Before redistribution: 49 examples at level Easy
Before redistribution: 49 examples at level Medium
Before redistribution: 49 examples at level Hard
Before redistribution: 49 examples at level VeryHard
Performing example redistribution across difficulty levels...
Redistributed 49 examples to level VeryEasy
Redistributed 49 examples to level Easy
Redistributed 49 examples to level Medium
Redistributed 49 examples to level Hard
Redistributed 49 examples to level VeryHard
After redistribution: 49 examples at level VeryEasy
After redistribution: 49 examples at level Easy
After redistribution: 49 examples at level Medium
After redistribution: 49 examples at level Hard
After redistribution: 49 examples at level VeryHard
Before redistribution: 50 examples at level VeryEasy
Before redistribution: 49 examples at level Easy
Before redistribution: 49 examples at level Medium
Before redistribution: 49 examples at level Hard
Before redistribution: 49 examples at level VeryHard
Before redistribution: 50 examples at level VeryEasy
Before redistribution: 50 examples at level Easy
Before redistribution: 49 examples at level Medium
Before redistribution: 49 examples at level Hard
Before redistribution: 49 examples at level VeryHard
Before redistribution: 50 examples at level VeryEasy
Before redistribution: 50 examples at level Easy
Before redistribution: 50 examples at level Medium
Before redistribution: 49 examples at level Hard
Before redistribution: 49 examples at level VeryHard
Before redistribution: 50 examples at level VeryEasy
Before redistribution: 50 examples at level Easy
Before redistribution: 50 examples at level Medium
Before redistribution: 50 examples at level Hard
Before redistribution: 49 examples at level VeryHard
Before redistribution: 50 examples at level VeryEasy
Before redistribution: 50 examples at level Easy
Before redistribution: 50 examples at level Medium
Before redistribution: 50 examples at level Hard
Before redistribution: 50 examples at level VeryHard
Performing example redistribution across difficulty levels...
Redistributed 50 examples to level VeryEasy
Redistributed 50 examples to level Easy
Redistributed 50 examples to level Medium
Redistributed 50 examples to level Hard
Redistributed 50 examples to level VeryHard
After redistribution: 50 examples at level VeryEasy
After redistribution: 50 examples at level Easy
After redistribution: 50 examples at level Medium
After redistribution: 50 examples at level Hard
After redistribution: 50 examples at level VeryHard
Before redistribution: 51 examples at level VeryEasy
Before redistribution: 50 examples at level Easy
Before redistribution: 50 examples at level Medium
Before redistribution: 50 examples at level Hard
Before redistribution: 50 examples at level VeryHard
Before redistribution: 51 examples at level VeryEasy
Before redistribution: 51 examples at level Easy
Before redistribution: 50 examples at level Medium
Before redistribution: 50 examples at level Hard
Before redistribution: 50 examples at level VeryHard
Before redistribution: 51 examples at level VeryEasy
Before redistribution: 51 examples at level Easy
Before redistribution: 51 examples at level Medium
Before redistribution: 50 examples at level Hard
Before redistribution: 50 examples at level VeryHard
Before redistribution: 51 examples at level VeryEasy
Before redistribution: 51 examples at level Easy
Before redistribution: 51 examples at level Medium
Before redistribution: 51 examples at level Hard
Before redistribution: 50 examples at level VeryHard
Before redistribution: 51 examples at level VeryEasy
Before redistribution: 51 examples at level Easy
Before redistribution: 51 examples at level Medium
Before redistribution: 51 examples at level Hard
Before redistribution: 51 examples at level VeryHard
Performing example redistribution across difficulty levels...
Redistributed 51 examples to level VeryEasy
Redistributed 51 examples to level Easy
Redistributed 51 examples to level Medium
Redistributed 51 examples to level Hard
Redistributed 51 examples to level VeryHard
After redistribution: 51 examples at level VeryEasy
After redistribution: 51 examples at level Easy
After redistribution: 51 examples at level Medium
After redistribution: 51 examples at level Hard
After redistribution: 51 examples at level VeryHard
Before redistribution: 52 examples at level VeryEasy
Before redistribution: 51 examples at level Easy
Before redistribution: 51 examples at level Medium
Before redistribution: 51 examples at level Hard
Before redistribution: 51 examples at level VeryHard
Before redistribution: 52 examples at level VeryEasy
Before redistribution: 52 examples at level Easy
Before redistribution: 51 examples at level Medium
Before redistribution: 51 examples at level Hard
Before redistribution: 51 examples at level VeryHard
Before redistribution: 52 examples at level VeryEasy
Before redistribution: 52 examples at level Easy
Before redistribution: 52 examples at level Medium
Before redistribution: 51 examples at level Hard
Before redistribution: 51 examples at level VeryHard
Before redistribution: 52 examples at level VeryEasy
Before redistribution: 52 examples at level Easy
Before redistribution: 52 examples at level Medium
Before redistribution: 52 examples at level Hard
Before redistribution: 51 examples at level VeryHard
Before redistribution: 52 examples at level VeryEasy
Before redistribution: 52 examples at level Easy
Before redistribution: 52 examples at level Medium
Before redistribution: 52 examples at level Hard
Before redistribution: 52 examples at level VeryHard
Performing example redistribution across difficulty levels...
Redistributed 52 examples to level VeryEasy
Redistributed 52 examples to level Easy
Redistributed 52 examples to level Medium
Redistributed 52 examples to level Hard
Redistributed 52 examples to level VeryHard
After redistribution: 52 examples at level VeryEasy
After redistribution: 52 examples at level Easy
After redistribution: 52 examples at level Medium
After redistribution: 52 examples at level Hard
After redistribution: 52 examples at level VeryHard
Before redistribution: 53 examples at level VeryEasy
Before redistribution: 52 examples at level Easy
Before redistribution: 52 examples at level Medium
Before redistribution: 52 examples at level Hard
Before redistribution: 52 examples at level VeryHard
Before redistribution: 53 examples at level VeryEasy
Before redistribution: 53 examples at level Easy
Before redistribution: 52 examples at level Medium
Before redistribution: 52 examples at level Hard
Before redistribution: 52 examples at level VeryHard
Before redistribution: 53 examples at level VeryEasy
Before redistribution: 53 examples at level Easy
Before redistribution: 53 examples at level Medium
Before redistribution: 52 examples at level Hard
Before redistribution: 52 examples at level VeryHard
Before redistribution: 53 examples at level VeryEasy
Before redistribution: 53 examples at level Easy
Before redistribution: 53 examples at level Medium
Before redistribution: 53 examples at level Hard
Before redistribution: 52 examples at level VeryHard
Before redistribution: 53 examples at level VeryEasy
Before redistribution: 53 examples at level Easy
Before redistribution: 53 examples at level Medium
Before redistribution: 53 examples at level Hard
Before redistribution: 53 examples at level VeryHard
Performing example redistribution across difficulty levels...
Redistributed 53 examples to level VeryEasy
Redistributed 53 examples to level Easy
Redistributed 53 examples to level Medium
Redistributed 53 examples to level Hard
Redistributed 53 examples to level VeryHard
After redistribution: 53 examples at level VeryEasy
After redistribution: 53 examples at level Easy
After redistribution: 53 examples at level Medium
After redistribution: 53 examples at level Hard
After redistribution: 53 examples at level VeryHard
Before redistribution: 54 examples at level VeryEasy
Before redistribution: 53 examples at level Easy
Before redistribution: 53 examples at level Medium
Before redistribution: 53 examples at level Hard
Before redistribution: 53 examples at level VeryHard
Before redistribution: 54 examples at level VeryEasy
Before redistribution: 54 examples at level Easy
Before redistribution: 53 examples at level Medium
Before redistribution: 53 examples at level Hard
Before redistribution: 53 examples at level VeryHard
Before redistribution: 54 examples at level VeryEasy
Before redistribution: 54 examples at level Easy
Before redistribution: 54 examples at level Medium
Before redistribution: 53 examples at level Hard
Before redistribution: 53 examples at level VeryHard
Before redistribution: 54 examples at level VeryEasy
Before redistribution: 54 examples at level Easy
Before redistribution: 54 examples at level Medium
Before redistribution: 54 examples at level Hard
Before redistribution: 53 examples at level VeryHard
Before redistribution: 54 examples at level VeryEasy
Before redistribution: 54 examples at level Easy
Before redistribution: 54 examples at level Medium
Before redistribution: 54 examples at level Hard
Before redistribution: 54 examples at level VeryHard
Performing example redistribution across difficulty levels...
Redistributed 54 examples to level VeryEasy
Redistributed 54 examples to level Easy
Redistributed 54 examples to level Medium
Redistributed 54 examples to level Hard
Redistributed 54 examples to level VeryHard
After redistribution: 54 examples at level VeryEasy
After redistribution: 54 examples at level Easy
After redistribution: 54 examples at level Medium
After redistribution: 54 examples at level Hard
After redistribution: 54 examples at level VeryHard
Before redistribution: 55 examples at level VeryEasy
Before redistribution: 54 examples at level Easy
Before redistribution: 54 examples at level Medium
Before redistribution: 54 examples at level Hard
Before redistribution: 54 examples at level VeryHard
Before redistribution: 55 examples at level VeryEasy
Before redistribution: 55 examples at level Easy
Before redistribution: 54 examples at level Medium
Before redistribution: 54 examples at level Hard
Before redistribution: 54 examples at level VeryHard
Before redistribution: 55 examples at level VeryEasy
Before redistribution: 55 examples at level Easy
Before redistribution: 55 examples at level Medium
Before redistribution: 54 examples at level Hard
Before redistribution: 54 examples at level VeryHard
Before redistribution: 55 examples at level VeryEasy
Before redistribution: 55 examples at level Easy
Before redistribution: 55 examples at level Medium
Before redistribution: 55 examples at level Hard
Before redistribution: 54 examples at level VeryHard
Before redistribution: 55 examples at level VeryEasy
Before redistribution: 55 examples at level Easy
Before redistribution: 55 examples at level Medium
Before redistribution: 55 examples at level Hard
Before redistribution: 55 examples at level VeryHard
Performing example redistribution across difficulty levels...
Redistributed 55 examples to level VeryEasy
Redistributed 55 examples to level Easy
Redistributed 55 examples to level Medium
Redistributed 55 examples to level Hard
Redistributed 55 examples to level VeryHard
After redistribution: 55 examples at level VeryEasy
After redistribution: 55 examples at level Easy
After redistribution: 55 examples at level Medium
After redistribution: 55 examples at level Hard
After redistribution: 55 examples at level VeryHard
Before redistribution: 56 examples at level VeryEasy
Before redistribution: 55 examples at level Easy
Before redistribution: 55 examples at level Medium
Before redistribution: 55 examples at level Hard
Before redistribution: 55 examples at level VeryHard
Before redistribution: 56 examples at level VeryEasy
Before redistribution: 56 examples at level Easy
Before redistribution: 55 examples at level Medium
Before redistribution: 55 examples at level Hard
Before redistribution: 55 examples at level VeryHard
Before redistribution: 56 examples at level VeryEasy
Before redistribution: 56 examples at level Easy
Before redistribution: 56 examples at level Medium
Before redistribution: 55 examples at level Hard
Before redistribution: 55 examples at level VeryHard
Before redistribution: 56 examples at level VeryEasy
Before redistribution: 56 examples at level Easy
Before redistribution: 56 examples at level Medium
Before redistribution: 56 examples at level Hard
Before redistribution: 55 examples at level VeryHard
Before redistribution: 56 examples at level VeryEasy
Before redistribution: 56 examples at level Easy
Before redistribution: 56 examples at level Medium
Before redistribution: 56 examples at level Hard
Before redistribution: 56 examples at level VeryHard
Performing example redistribution across difficulty levels...
Redistributed 56 examples to level VeryEasy
Redistributed 56 examples to level Easy
Redistributed 56 examples to level Medium
Redistributed 56 examples to level Hard
Redistributed 56 examples to level VeryHard
After redistribution: 56 examples at level VeryEasy
After redistribution: 56 examples at level Easy
After redistribution: 56 examples at level Medium
After redistribution: 56 examples at level Hard
After redistribution: 56 examples at level VeryHard
Before redistribution: 57 examples at level VeryEasy
Before redistribution: 56 examples at level Easy
Before redistribution: 56 examples at level Medium
Before redistribution: 56 examples at level Hard
Before redistribution: 56 examples at level VeryHard
Before redistribution: 57 examples at level VeryEasy
Before redistribution: 57 examples at level Easy
Before redistribution: 56 examples at level Medium
Before redistribution: 56 examples at level Hard
Before redistribution: 56 examples at level VeryHard
Before redistribution: 57 examples at level VeryEasy
Before redistribution: 57 examples at level Easy
Before redistribution: 57 examples at level Medium
Before redistribution: 56 examples at level Hard
Before redistribution: 56 examples at level VeryHard
Before redistribution: 57 examples at level VeryEasy
Before redistribution: 57 examples at level Easy
Before redistribution: 57 examples at level Medium
Before redistribution: 57 examples at level Hard
Before redistribution: 56 examples at level VeryHard
Before redistribution: 57 examples at level VeryEasy
Before redistribution: 57 examples at level Easy
Before redistribution: 57 examples at level Medium
Before redistribution: 57 examples at level Hard
Before redistribution: 57 examples at level VeryHard
Performing example redistribution across difficulty levels...
Redistributed 57 examples to level VeryEasy
Redistributed 57 examples to level Easy
Redistributed 57 examples to level Medium
Redistributed 57 examples to level Hard
Redistributed 57 examples to level VeryHard
After redistribution: 57 examples at level VeryEasy
After redistribution: 57 examples at level Easy
After redistribution: 57 examples at level Medium
After redistribution: 57 examples at level Hard
After redistribution: 57 examples at level VeryHard
Before redistribution: 58 examples at level VeryEasy
Before redistribution: 57 examples at level Easy
Before redistribution: 57 examples at level Medium
Before redistribution: 57 examples at level Hard
Before redistribution: 57 examples at level VeryHard
Before redistribution: 58 examples at level VeryEasy
Before redistribution: 58 examples at level Easy
Before redistribution: 57 examples at level Medium
Before redistribution: 57 examples at level Hard
Before redistribution: 57 examples at level VeryHard
Before redistribution: 58 examples at level VeryEasy
Before redistribution: 58 examples at level Easy
Before redistribution: 58 examples at level Medium
Before redistribution: 57 examples at level Hard
Before redistribution: 57 examples at level VeryHard
Before redistribution: 58 examples at level VeryEasy
Before redistribution: 58 examples at level Easy
Before redistribution: 58 examples at level Medium
Before redistribution: 58 examples at level Hard
Before redistribution: 57 examples at level VeryHard
Before redistribution: 58 examples at level VeryEasy
Before redistribution: 58 examples at level Easy
Before redistribution: 58 examples at level Medium
Before redistribution: 58 examples at level Hard
Before redistribution: 58 examples at level VeryHard
Performing example redistribution across difficulty levels...
Redistributed 58 examples to level VeryEasy
Redistributed 58 examples to level Easy
Redistributed 58 examples to level Medium
Redistributed 58 examples to level Hard
Redistributed 58 examples to level VeryHard
After redistribution: 58 examples at level VeryEasy
After redistribution: 58 examples at level Easy
After redistribution: 58 examples at level Medium
After redistribution: 58 examples at level Hard
After redistribution: 58 examples at level VeryHard
Before redistribution: 59 examples at level VeryEasy
Before redistribution: 58 examples at level Easy
Before redistribution: 58 examples at level Medium
Before redistribution: 58 examples at level Hard
Before redistribution: 58 examples at level VeryHard
Before redistribution: 59 examples at level VeryEasy
Before redistribution: 59 examples at level Easy
Before redistribution: 58 examples at level Medium
Before redistribution: 58 examples at level Hard
Before redistribution: 58 examples at level VeryHard
Before redistribution: 59 examples at level VeryEasy
Before redistribution: 59 examples at level Easy
Before redistribution: 59 examples at level Medium
Before redistribution: 58 examples at level Hard
Before redistribution: 58 examples at level VeryHard
Before redistribution: 59 examples at level VeryEasy
Before redistribution: 59 examples at level Easy
Before redistribution: 59 examples at level Medium
Before redistribution: 59 examples at level Hard
Before redistribution: 58 examples at level VeryHard
Before redistribution: 59 examples at level VeryEasy
Before redistribution: 59 examples at level Easy
Before redistribution: 59 examples at level Medium
Before redistribution: 59 examples at level Hard
Before redistribution: 59 examples at level VeryHard
Performing example redistribution across difficulty levels...
Redistributed 59 examples to level VeryEasy
Redistributed 59 examples to level Easy
Redistributed 59 examples to level Medium
Redistributed 59 examples to level Hard
Redistributed 59 examples to level VeryHard
After redistribution: 59 examples at level VeryEasy
After redistribution: 59 examples at level Easy
After redistribution: 59 examples at level Medium
After redistribution: 59 examples at level Hard
After redistribution: 59 examples at level VeryHard
Before redistribution: 60 examples at level VeryEasy
Before redistribution: 59 examples at level Easy
Before redistribution: 59 examples at level Medium
Before redistribution: 59 examples at level Hard
Before redistribution: 59 examples at level VeryHard
Before redistribution: 60 examples at level VeryEasy
Before redistribution: 60 examples at level Easy
Before redistribution: 59 examples at level Medium
Before redistribution: 59 examples at level Hard
Before redistribution: 59 examples at level VeryHard
Before redistribution: 60 examples at level VeryEasy
Before redistribution: 60 examples at level Easy
Before redistribution: 60 examples at level Medium
Before redistribution: 59 examples at level Hard
Before redistribution: 59 examples at level VeryHard
Before redistribution: 60 examples at level VeryEasy
Before redistribution: 60 examples at level Easy
Before redistribution: 60 examples at level Medium
Before redistribution: 60 examples at level Hard
Before redistribution: 59 examples at level VeryHard
Before redistribution: 60 examples at level VeryEasy
Before redistribution: 60 examples at level Easy
Before redistribution: 60 examples at level Medium
Before redistribution: 60 examples at level Hard
Before redistribution: 60 examples at level VeryHard
Performing example redistribution across difficulty levels...
Redistributed 60 examples to level VeryEasy
Redistributed 60 examples to level Easy
Redistributed 60 examples to level Medium
Redistributed 60 examples to level Hard
Redistributed 60 examples to level VeryHard
After redistribution: 60 examples at level VeryEasy
After redistribution: 60 examples at level Easy
After redistribution: 60 examples at level Medium
After redistribution: 60 examples at level Hard
After redistribution: 60 examples at level VeryHard
Before redistribution: 61 examples at level VeryEasy
Before redistribution: 60 examples at level Easy
Before redistribution: 60 examples at level Medium
Before redistribution: 60 examples at level Hard
Before redistribution: 60 examples at level VeryHard
Before redistribution: 61 examples at level VeryEasy
Before redistribution: 61 examples at level Easy
Before redistribution: 60 examples at level Medium
Before redistribution: 60 examples at level Hard
Before redistribution: 60 examples at level VeryHard
Before redistribution: 61 examples at level VeryEasy
Before redistribution: 61 examples at level Easy
Before redistribution: 61 examples at level Medium
Before redistribution: 60 examples at level Hard
Before redistribution: 60 examples at level VeryHard
Before redistribution: 61 examples at level VeryEasy
Before redistribution: 61 examples at level Easy
Before redistribution: 61 examples at level Medium
Before redistribution: 61 examples at level Hard
Before redistribution: 60 examples at level VeryHard
Before redistribution: 61 examples at level VeryEasy
Before redistribution: 61 examples at level Easy
Before redistribution: 61 examples at level Medium
Before redistribution: 61 examples at level Hard
Before redistribution: 61 examples at level VeryHard
Performing example redistribution across difficulty levels...
Redistributed 61 examples to level VeryEasy
Redistributed 61 examples to level Easy
Redistributed 61 examples to level Medium
Redistributed 61 examples to level Hard
Redistributed 61 examples to level VeryHard
After redistribution: 61 examples at level VeryEasy
After redistribution: 61 examples at level Easy
After redistribution: 61 examples at level Medium
After redistribution: 61 examples at level Hard
After redistribution: 61 examples at level VeryHard
Before redistribution: 62 examples at level VeryEasy
Before redistribution: 61 examples at level Easy
Before redistribution: 61 examples at level Medium
Before redistribution: 61 examples at level Hard
Before redistribution: 61 examples at level VeryHard
Before redistribution: 62 examples at level VeryEasy
Before redistribution: 62 examples at level Easy
Before redistribution: 61 examples at level Medium
Before redistribution: 61 examples at level Hard
Before redistribution: 61 examples at level VeryHard
Before redistribution: 62 examples at level VeryEasy
Before redistribution: 62 examples at level Easy
Before redistribution: 62 examples at level Medium
Before redistribution: 61 examples at level Hard
Before redistribution: 61 examples at level VeryHard
Before redistribution: 62 examples at level VeryEasy
Before redistribution: 62 examples at level Easy
Before redistribution: 62 examples at level Medium
Before redistribution: 62 examples at level Hard
Before redistribution: 61 examples at level VeryHard
Before redistribution: 62 examples at level VeryEasy
Before redistribution: 62 examples at level Easy
Before redistribution: 62 examples at level Medium
Before redistribution: 62 examples at level Hard
Before redistribution: 62 examples at level VeryHard
Performing example redistribution across difficulty levels...
Redistributed 62 examples to level VeryEasy
Redistributed 62 examples to level Easy
Redistributed 62 examples to level Medium
Redistributed 62 examples to level Hard
Redistributed 62 examples to level VeryHard
After redistribution: 62 examples at level VeryEasy
After redistribution: 62 examples at level Easy
After redistribution: 62 examples at level Medium
After redistribution: 62 examples at level Hard
After redistribution: 62 examples at level VeryHard
Before redistribution: 63 examples at level VeryEasy
Before redistribution: 62 examples at level Easy
Before redistribution: 62 examples at level Medium
Before redistribution: 62 examples at level Hard
Before redistribution: 62 examples at level VeryHard
Before redistribution: 63 examples at level VeryEasy
Before redistribution: 63 examples at level Easy
Before redistribution: 62 examples at level Medium
Before redistribution: 62 examples at level Hard
Before redistribution: 62 examples at level VeryHard
Before redistribution: 63 examples at level VeryEasy
Before redistribution: 63 examples at level Easy
Before redistribution: 63 examples at level Medium
Before redistribution: 62 examples at level Hard
Before redistribution: 62 examples at level VeryHard
Before redistribution: 63 examples at level VeryEasy
Before redistribution: 63 examples at level Easy
Before redistribution: 63 examples at level Medium
Before redistribution: 63 examples at level Hard
Before redistribution: 62 examples at level VeryHard
Before redistribution: 63 examples at level VeryEasy
Before redistribution: 63 examples at level Easy
Before redistribution: 63 examples at level Medium
Before redistribution: 63 examples at level Hard
Before redistribution: 63 examples at level VeryHard
Performing example redistribution across difficulty levels...
Redistributed 63 examples to level VeryEasy
Redistributed 63 examples to level Easy
Redistributed 63 examples to level Medium
Redistributed 63 examples to level Hard
Redistributed 63 examples to level VeryHard
After redistribution: 63 examples at level VeryEasy
After redistribution: 63 examples at level Easy
After redistribution: 63 examples at level Medium
After redistribution: 63 examples at level Hard
After redistribution: 63 examples at level VeryHard
Before redistribution: 64 examples at level VeryEasy
Before redistribution: 63 examples at level Easy
Before redistribution: 63 examples at level Medium
Before redistribution: 63 examples at level Hard
Before redistribution: 63 examples at level VeryHard
Before redistribution: 64 examples at level VeryEasy
Before redistribution: 64 examples at level Easy
Before redistribution: 63 examples at level Medium
Before redistribution: 63 examples at level Hard
Before redistribution: 63 examples at level VeryHard
Before redistribution: 64 examples at level VeryEasy
Before redistribution: 64 examples at level Easy
Before redistribution: 64 examples at level Medium
Before redistribution: 63 examples at level Hard
Before redistribution: 63 examples at level VeryHard
Before redistribution: 64 examples at level VeryEasy
Before redistribution: 64 examples at level Easy
Before redistribution: 64 examples at level Medium
Before redistribution: 64 examples at level Hard
Before redistribution: 63 examples at level VeryHard
Before redistribution: 64 examples at level VeryEasy
Before redistribution: 64 examples at level Easy
Before redistribution: 64 examples at level Medium
Before redistribution: 64 examples at level Hard
Before redistribution: 64 examples at level VeryHard
Performing example redistribution across difficulty levels...
Redistributed 64 examples to level VeryEasy
Redistributed 64 examples to level Easy
Redistributed 64 examples to level Medium
Redistributed 64 examples to level Hard
Redistributed 64 examples to level VeryHard
After redistribution: 64 examples at level VeryEasy
After redistribution: 64 examples at level Easy
After redistribution: 64 examples at level Medium
After redistribution: 64 examples at level Hard
After redistribution: 64 examples at level VeryHard
Before redistribution: 65 examples at level VeryEasy
Before redistribution: 64 examples at level Easy
Before redistribution: 64 examples at level Medium
Before redistribution: 64 examples at level Hard
Before redistribution: 64 examples at level VeryHard
Before redistribution: 65 examples at level VeryEasy
Before redistribution: 65 examples at level Easy
Before redistribution: 64 examples at level Medium
Before redistribution: 64 examples at level Hard
Before redistribution: 64 examples at level VeryHard
Before redistribution: 65 examples at level VeryEasy
Before redistribution: 65 examples at level Easy
Before redistribution: 65 examples at level Medium
Before redistribution: 64 examples at level Hard
Before redistribution: 64 examples at level VeryHard
Before redistribution: 65 examples at level VeryEasy
Before redistribution: 65 examples at level Easy
Before redistribution: 65 examples at level Medium
Before redistribution: 65 examples at level Hard
Before redistribution: 64 examples at level VeryHard
Before redistribution: 65 examples at level VeryEasy
Before redistribution: 65 examples at level Easy
Before redistribution: 65 examples at level Medium
Before redistribution: 65 examples at level Hard
Before redistribution: 65 examples at level VeryHard
Performing example redistribution across difficulty levels...
Redistributed 65 examples to level VeryEasy
Redistributed 65 examples to level Easy
Redistributed 65 examples to level Medium
Redistributed 65 examples to level Hard
Redistributed 65 examples to level VeryHard
After redistribution: 65 examples at level VeryEasy
After redistribution: 65 examples at level Easy
After redistribution: 65 examples at level Medium
After redistribution: 65 examples at level Hard
After redistribution: 65 examples at level VeryHard
Before redistribution: 66 examples at level VeryEasy
Before redistribution: 65 examples at level Easy
Before redistribution: 65 examples at level Medium
Before redistribution: 65 examples at level Hard
Before redistribution: 65 examples at level VeryHard
Before redistribution: 66 examples at level VeryEasy
Before redistribution: 66 examples at level Easy
Before redistribution: 65 examples at level Medium
Before redistribution: 65 examples at level Hard
Before redistribution: 65 examples at level VeryHard
Before redistribution: 66 examples at level VeryEasy
Before redistribution: 66 examples at level Easy
Before redistribution: 66 examples at level Medium
Before redistribution: 65 examples at level Hard
Before redistribution: 65 examples at level VeryHard
Before redistribution: 66 examples at level VeryEasy
Before redistribution: 66 examples at level Easy
Before redistribution: 66 examples at level Medium
Before redistribution: 66 examples at level Hard
Before redistribution: 65 examples at level VeryHard
Before redistribution: 66 examples at level VeryEasy
Before redistribution: 66 examples at level Easy
Before redistribution: 66 examples at level Medium
Before redistribution: 66 examples at level Hard
Before redistribution: 66 examples at level VeryHard
Performing example redistribution across difficulty levels...
Redistributed 66 examples to level VeryEasy
Redistributed 66 examples to level Easy
Redistributed 66 examples to level Medium
Redistributed 66 examples to level Hard
Redistributed 66 examples to level VeryHard
After redistribution: 66 examples at level VeryEasy
After redistribution: 66 examples at level Easy
After redistribution: 66 examples at level Medium
After redistribution: 66 examples at level Hard
After redistribution: 66 examples at level VeryHard
Before redistribution: 67 examples at level VeryEasy
Before redistribution: 66 examples at level Easy
Before redistribution: 66 examples at level Medium
Before redistribution: 66 examples at level Hard
Before redistribution: 66 examples at level VeryHard
Before redistribution: 67 examples at level VeryEasy
Before redistribution: 67 examples at level Easy
Before redistribution: 66 examples at level Medium
Before redistribution: 66 examples at level Hard
Before redistribution: 66 examples at level VeryHard
Before redistribution: 67 examples at level VeryEasy
Before redistribution: 67 examples at level Easy
Before redistribution: 67 examples at level Medium
Before redistribution: 66 examples at level Hard
Before redistribution: 66 examples at level VeryHard
Before redistribution: 67 examples at level VeryEasy
Before redistribution: 67 examples at level Easy
Before redistribution: 67 examples at level Medium
Before redistribution: 67 examples at level Hard
Before redistribution: 66 examples at level VeryHard
Before redistribution: 67 examples at level VeryEasy
Before redistribution: 67 examples at level Easy
Before redistribution: 67 examples at level Medium
Before redistribution: 67 examples at level Hard
Before redistribution: 67 examples at level VeryHard
Performing example redistribution across difficulty levels...
Redistributed 67 examples to level VeryEasy
Redistributed 67 examples to level Easy
Redistributed 67 examples to level Medium
Redistributed 67 examples to level Hard
Redistributed 67 examples to level VeryHard
After redistribution: 67 examples at level VeryEasy
After redistribution: 67 examples at level Easy
After redistribution: 67 examples at level Medium
After redistribution: 67 examples at level Hard
After redistribution: 67 examples at level VeryHard
Before redistribution: 68 examples at level VeryEasy
Before redistribution: 67 examples at level Easy
Before redistribution: 67 examples at level Medium
Before redistribution: 67 examples at level Hard
Before redistribution: 67 examples at level VeryHard
Before redistribution: 68 examples at level VeryEasy
Before redistribution: 68 examples at level Easy
Before redistribution: 67 examples at level Medium
Before redistribution: 67 examples at level Hard
Before redistribution: 67 examples at level VeryHard
Before redistribution: 68 examples at level VeryEasy
Before redistribution: 68 examples at level Easy
Before redistribution: 68 examples at level Medium
Before redistribution: 67 examples at level Hard
Before redistribution: 67 examples at level VeryHard
Before redistribution: 68 examples at level VeryEasy
Before redistribution: 68 examples at level Easy
Before redistribution: 68 examples at level Medium
Before redistribution: 68 examples at level Hard
Before redistribution: 67 examples at level VeryHard
Before redistribution: 68 examples at level VeryEasy
Before redistribution: 68 examples at level Easy
Before redistribution: 68 examples at level Medium
Before redistribution: 68 examples at level Hard
Before redistribution: 68 examples at level VeryHard
Performing example redistribution across difficulty levels...
Redistributed 68 examples to level VeryEasy
Redistributed 68 examples to level Easy
Redistributed 68 examples to level Medium
Redistributed 68 examples to level Hard
Redistributed 68 examples to level VeryHard
After redistribution: 68 examples at level VeryEasy
After redistribution: 68 examples at level Easy
After redistribution: 68 examples at level Medium
After redistribution: 68 examples at level Hard
After redistribution: 68 examples at level VeryHard
Before redistribution: 69 examples at level VeryEasy
Before redistribution: 68 examples at level Easy
Before redistribution: 68 examples at level Medium
Before redistribution: 68 examples at level Hard
Before redistribution: 68 examples at level VeryHard
Before redistribution: 69 examples at level VeryEasy
Before redistribution: 69 examples at level Easy
Before redistribution: 68 examples at level Medium
Before redistribution: 68 examples at level Hard
Before redistribution: 68 examples at level VeryHard
Before redistribution: 69 examples at level VeryEasy
Before redistribution: 69 examples at level Easy
Before redistribution: 69 examples at level Medium
Before redistribution: 68 examples at level Hard
Before redistribution: 68 examples at level VeryHard
Before redistribution: 69 examples at level VeryEasy
Before redistribution: 69 examples at level Easy
Before redistribution: 69 examples at level Medium
Before redistribution: 69 examples at level Hard
Before redistribution: 68 examples at level VeryHard
Before redistribution: 69 examples at level VeryEasy
Before redistribution: 69 examples at level Easy
Before redistribution: 69 examples at level Medium
Before redistribution: 69 examples at level Hard
Before redistribution: 69 examples at level VeryHard
Performing example redistribution across difficulty levels...
Redistributed 69 examples to level VeryEasy
Redistributed 69 examples to level Easy
Redistributed 69 examples to level Medium
Redistributed 69 examples to level Hard
Redistributed 69 examples to level VeryHard
After redistribution: 69 examples at level VeryEasy
After redistribution: 69 examples at level Easy
After redistribution: 69 examples at level Medium
After redistribution: 69 examples at level Hard
After redistribution: 69 examples at level VeryHard
Before redistribution: 70 examples at level VeryEasy
Before redistribution: 69 examples at level Easy
Before redistribution: 69 examples at level Medium
Before redistribution: 69 examples at level Hard
Before redistribution: 69 examples at level VeryHard
Before redistribution: 70 examples at level VeryEasy
Before redistribution: 70 examples at level Easy
Before redistribution: 69 examples at level Medium
Before redistribution: 69 examples at level Hard
Before redistribution: 69 examples at level VeryHard
Before redistribution: 70 examples at level VeryEasy
Before redistribution: 70 examples at level Easy
Before redistribution: 70 examples at level Medium
Before redistribution: 69 examples at level Hard
Before redistribution: 69 examples at level VeryHard
Before redistribution: 70 examples at level VeryEasy
Before redistribution: 70 examples at level Easy
Before redistribution: 70 examples at level Medium
Before redistribution: 70 examples at level Hard
Before redistribution: 69 examples at level VeryHard
Before redistribution: 70 examples at level VeryEasy
Before redistribution: 70 examples at level Easy
Before redistribution: 70 examples at level Medium
Before redistribution: 70 examples at level Hard
Before redistribution: 70 examples at level VeryHard
Performing example redistribution across difficulty levels...
Redistributed 70 examples to level VeryEasy
Redistributed 70 examples to level Easy
Redistributed 70 examples to level Medium
Redistributed 70 examples to level Hard
Redistributed 70 examples to level VeryHard
After redistribution: 70 examples at level VeryEasy
After redistribution: 70 examples at level Easy
After redistribution: 70 examples at level Medium
After redistribution: 70 examples at level Hard
After redistribution: 70 examples at level VeryHard
Before redistribution: 71 examples at level VeryEasy
Before redistribution: 70 examples at level Easy
Before redistribution: 70 examples at level Medium
Before redistribution: 70 examples at level Hard
Before redistribution: 70 examples at level VeryHard
Before redistribution: 71 examples at level VeryEasy
Before redistribution: 71 examples at level Easy
Before redistribution: 70 examples at level Medium
Before redistribution: 70 examples at level Hard
Before redistribution: 70 examples at level VeryHard
Before redistribution: 71 examples at level VeryEasy
Before redistribution: 71 examples at level Easy
Before redistribution: 71 examples at level Medium
Before redistribution: 70 examples at level Hard
Before redistribution: 70 examples at level VeryHard
Before redistribution: 71 examples at level VeryEasy
Before redistribution: 71 examples at level Easy
Before redistribution: 71 examples at level Medium
Before redistribution: 71 examples at level Hard
Before redistribution: 70 examples at level VeryHard
Before redistribution: 71 examples at level VeryEasy
Before redistribution: 71 examples at level Easy
Before redistribution: 71 examples at level Medium
Before redistribution: 71 examples at level Hard
Before redistribution: 71 examples at level VeryHard
Performing example redistribution across difficulty levels...
Redistributed 71 examples to level VeryEasy
Redistributed 71 examples to level Easy
Redistributed 71 examples to level Medium
Redistributed 71 examples to level Hard
Redistributed 71 examples to level VeryHard
After redistribution: 71 examples at level VeryEasy
After redistribution: 71 examples at level Easy
After redistribution: 71 examples at level Medium
After redistribution: 71 examples at level Hard
After redistribution: 71 examples at level VeryHard
Before redistribution: 72 examples at level VeryEasy
Before redistribution: 71 examples at level Easy
Before redistribution: 71 examples at level Medium
Before redistribution: 71 examples at level Hard
Before redistribution: 71 examples at level VeryHard
Before redistribution: 72 examples at level VeryEasy
Before redistribution: 72 examples at level Easy
Before redistribution: 71 examples at level Medium
Before redistribution: 71 examples at level Hard
Before redistribution: 71 examples at level VeryHard
Before redistribution: 72 examples at level VeryEasy
Before redistribution: 72 examples at level Easy
Before redistribution: 72 examples at level Medium
Before redistribution: 71 examples at level Hard
Before redistribution: 71 examples at level VeryHard
Before redistribution: 72 examples at level VeryEasy
Before redistribution: 72 examples at level Easy
Before redistribution: 72 examples at level Medium
Before redistribution: 72 examples at level Hard
Before redistribution: 71 examples at level VeryHard
Before redistribution: 72 examples at level VeryEasy
Before redistribution: 72 examples at level Easy
Before redistribution: 72 examples at level Medium
Before redistribution: 72 examples at level Hard
Before redistribution: 72 examples at level VeryHard
Performing example redistribution across difficulty levels...
Redistributed 72 examples to level VeryEasy
Redistributed 72 examples to level Easy
Redistributed 72 examples to level Medium
Redistributed 72 examples to level Hard
Redistributed 72 examples to level VeryHard
After redistribution: 72 examples at level VeryEasy
After redistribution: 72 examples at level Easy
After redistribution: 72 examples at level Medium
After redistribution: 72 examples at level Hard
After redistribution: 72 examples at level VeryHard
Before redistribution: 73 examples at level VeryEasy
Before redistribution: 72 examples at level Easy
Before redistribution: 72 examples at level Medium
Before redistribution: 72 examples at level Hard
Before redistribution: 72 examples at level VeryHard
Before redistribution: 73 examples at level VeryEasy
Before redistribution: 73 examples at level Easy
Before redistribution: 72 examples at level Medium
Before redistribution: 72 examples at level Hard
Before redistribution: 72 examples at level VeryHard
Before redistribution: 73 examples at level VeryEasy
Before redistribution: 73 examples at level Easy
Before redistribution: 73 examples at level Medium
Before redistribution: 72 examples at level Hard
Before redistribution: 72 examples at level VeryHard
Before redistribution: 73 examples at level VeryEasy
Before redistribution: 73 examples at level Easy
Before redistribution: 73 examples at level Medium
Before redistribution: 73 examples at level Hard
Before redistribution: 72 examples at level VeryHard
Before redistribution: 73 examples at level VeryEasy
Before redistribution: 73 examples at level Easy
Before redistribution: 73 examples at level Medium
Before redistribution: 73 examples at level Hard
Before redistribution: 73 examples at level VeryHard
Performing example redistribution across difficulty levels...
Redistributed 73 examples to level VeryEasy
Redistributed 73 examples to level Easy
Redistributed 73 examples to level Medium
Redistributed 73 examples to level Hard
Redistributed 73 examples to level VeryHard
After redistribution: 73 examples at level VeryEasy
After redistribution: 73 examples at level Easy
After redistribution: 73 examples at level Medium
After redistribution: 73 examples at level Hard
After redistribution: 73 examples at level VeryHard
Before redistribution: 74 examples at level VeryEasy
Before redistribution: 73 examples at level Easy
Before redistribution: 73 examples at level Medium
Before redistribution: 73 examples at level Hard
Before redistribution: 73 examples at level VeryHard
Before redistribution: 74 examples at level VeryEasy
Before redistribution: 74 examples at level Easy
Before redistribution: 73 examples at level Medium
Before redistribution: 73 examples at level Hard
Before redistribution: 73 examples at level VeryHard
Before redistribution: 74 examples at level VeryEasy
Before redistribution: 74 examples at level Easy
Before redistribution: 74 examples at level Medium
Before redistribution: 73 examples at level Hard
Before redistribution: 73 examples at level VeryHard
Before redistribution: 74 examples at level VeryEasy
Before redistribution: 74 examples at level Easy
Before redistribution: 74 examples at level Medium
Before redistribution: 74 examples at level Hard
Before redistribution: 73 examples at level VeryHard
Before redistribution: 74 examples at level VeryEasy
Before redistribution: 74 examples at level Easy
Before redistribution: 74 examples at level Medium
Before redistribution: 74 examples at level Hard
Before redistribution: 74 examples at level VeryHard
Performing example redistribution across difficulty levels...
Redistributed 74 examples to level VeryEasy
Redistributed 74 examples to level Easy
Redistributed 74 examples to level Medium
Redistributed 74 examples to level Hard
Redistributed 74 examples to level VeryHard
After redistribution: 74 examples at level VeryEasy
After redistribution: 74 examples at level Easy
After redistribution: 74 examples at level Medium
After redistribution: 74 examples at level Hard
After redistribution: 74 examples at level VeryHard
Before redistribution: 75 examples at level VeryEasy
Before redistribution: 74 examples at level Easy
Before redistribution: 74 examples at level Medium
Before redistribution: 74 examples at level Hard
Before redistribution: 74 examples at level VeryHard
Before redistribution: 75 examples at level VeryEasy
Before redistribution: 75 examples at level Easy
Before redistribution: 74 examples at level Medium
Before redistribution: 74 examples at level Hard
Before redistribution: 74 examples at level VeryHard
Before redistribution: 75 examples at level VeryEasy
Before redistribution: 75 examples at level Easy
Before redistribution: 75 examples at level Medium
Before redistribution: 74 examples at level Hard
Before redistribution: 74 examples at level VeryHard
Before redistribution: 75 examples at level VeryEasy
Before redistribution: 75 examples at level Easy
Before redistribution: 75 examples at level Medium
Before redistribution: 75 examples at level Hard
Before redistribution: 74 examples at level VeryHard
Before redistribution: 75 examples at level VeryEasy
Before redistribution: 75 examples at level Easy
Before redistribution: 75 examples at level Medium
Before redistribution: 75 examples at level Hard
Before redistribution: 75 examples at level VeryHard
Performing example redistribution across difficulty levels...
Redistributed 75 examples to level VeryEasy
Redistributed 75 examples to level Easy
Redistributed 75 examples to level Medium
Redistributed 75 examples to level Hard
Redistributed 75 examples to level VeryHard
After redistribution: 75 examples at level VeryEasy
After redistribution: 75 examples at level Easy
After redistribution: 75 examples at level Medium
After redistribution: 75 examples at level Hard
After redistribution: 75 examples at level VeryHard
Before redistribution: 76 examples at level VeryEasy
Before redistribution: 75 examples at level Easy
Before redistribution: 75 examples at level Medium
Before redistribution: 75 examples at level Hard
Before redistribution: 75 examples at level VeryHard
Before redistribution: 76 examples at level VeryEasy
Before redistribution: 76 examples at level Easy
Before redistribution: 75 examples at level Medium
Before redistribution: 75 examples at level Hard
Before redistribution: 75 examples at level VeryHard
Before redistribution: 76 examples at level VeryEasy
Before redistribution: 76 examples at level Easy
Before redistribution: 76 examples at level Medium
Before redistribution: 75 examples at level Hard
Before redistribution: 75 examples at level VeryHard
Before redistribution: 76 examples at level VeryEasy
Before redistribution: 76 examples at level Easy
Before redistribution: 76 examples at level Medium
Before redistribution: 76 examples at level Hard
Before redistribution: 75 examples at level VeryHard
Before redistribution: 76 examples at level VeryEasy
Before redistribution: 76 examples at level Easy
Before redistribution: 76 examples at level Medium
Before redistribution: 76 examples at level Hard
Before redistribution: 76 examples at level VeryHard
Performing example redistribution across difficulty levels...
Redistributed 76 examples to level VeryEasy
Redistributed 76 examples to level Easy
Redistributed 76 examples to level Medium
Redistributed 76 examples to level Hard
Redistributed 76 examples to level VeryHard
After redistribution: 76 examples at level VeryEasy
After redistribution: 76 examples at level Easy
After redistribution: 76 examples at level Medium
After redistribution: 76 examples at level Hard
After redistribution: 76 examples at level VeryHard
Before redistribution: 77 examples at level VeryEasy
Before redistribution: 76 examples at level Easy
Before redistribution: 76 examples at level Medium
Before redistribution: 76 examples at level Hard
Before redistribution: 76 examples at level VeryHard
Before redistribution: 77 examples at level VeryEasy
Before redistribution: 77 examples at level Easy
Before redistribution: 76 examples at level Medium
Before redistribution: 76 examples at level Hard
Before redistribution: 76 examples at level VeryHard
Before redistribution: 77 examples at level VeryEasy
Before redistribution: 77 examples at level Easy
Before redistribution: 77 examples at level Medium
Before redistribution: 76 examples at level Hard
Before redistribution: 76 examples at level VeryHard
Before redistribution: 77 examples at level VeryEasy
Before redistribution: 77 examples at level Easy
Before redistribution: 77 examples at level Medium
Before redistribution: 77 examples at level Hard
Before redistribution: 76 examples at level VeryHard
Before redistribution: 77 examples at level VeryEasy
Before redistribution: 77 examples at level Easy
Before redistribution: 77 examples at level Medium
Before redistribution: 77 examples at level Hard
Before redistribution: 77 examples at level VeryHard
Performing example redistribution across difficulty levels...
Redistributed 77 examples to level VeryEasy
Redistributed 77 examples to level Easy
Redistributed 77 examples to level Medium
Redistributed 77 examples to level Hard
Redistributed 77 examples to level VeryHard
After redistribution: 77 examples at level VeryEasy
After redistribution: 77 examples at level Easy
After redistribution: 77 examples at level Medium
After redistribution: 77 examples at level Hard
After redistribution: 77 examples at level VeryHard
Before redistribution: 78 examples at level VeryEasy
Before redistribution: 77 examples at level Easy
Before redistribution: 77 examples at level Medium
Before redistribution: 77 examples at level Hard
Before redistribution: 77 examples at level VeryHard
Before redistribution: 78 examples at level VeryEasy
Before redistribution: 78 examples at level Easy
Before redistribution: 77 examples at level Medium
Before redistribution: 77 examples at level Hard
Before redistribution: 77 examples at level VeryHard
Before redistribution: 78 examples at level VeryEasy
Before redistribution: 78 examples at level Easy
Before redistribution: 78 examples at level Medium
Before redistribution: 77 examples at level Hard
Before redistribution: 77 examples at level VeryHard
Before redistribution: 78 examples at level VeryEasy
Before redistribution: 78 examples at level Easy
Before redistribution: 78 examples at level Medium
Before redistribution: 78 examples at level Hard
Before redistribution: 77 examples at level VeryHard
Before redistribution: 78 examples at level VeryEasy
Before redistribution: 78 examples at level Easy
Before redistribution: 78 examples at level Medium
Before redistribution: 78 examples at level Hard
Before redistribution: 78 examples at level VeryHard
Performing example redistribution across difficulty levels...
Redistributed 78 examples to level VeryEasy
Redistributed 78 examples to level Easy
Redistributed 78 examples to level Medium
Redistributed 78 examples to level Hard
Redistributed 78 examples to level VeryHard
After redistribution: 78 examples at level VeryEasy
After redistribution: 78 examples at level Easy
After redistribution: 78 examples at level Medium
After redistribution: 78 examples at level Hard
After redistribution: 78 examples at level VeryHard
Before redistribution: 79 examples at level VeryEasy
Before redistribution: 78 examples at level Easy
Before redistribution: 78 examples at level Medium
Before redistribution: 78 examples at level Hard
Before redistribution: 78 examples at level VeryHard
Before redistribution: 79 examples at level VeryEasy
Before redistribution: 79 examples at level Easy
Before redistribution: 78 examples at level Medium
Before redistribution: 78 examples at level Hard
Before redistribution: 78 examples at level VeryHard
Before redistribution: 79 examples at level VeryEasy
Before redistribution: 79 examples at level Easy
Before redistribution: 79 examples at level Medium
Before redistribution: 78 examples at level Hard
Before redistribution: 78 examples at level VeryHard
Before redistribution: 79 examples at level VeryEasy
Before redistribution: 79 examples at level Easy
Before redistribution: 79 examples at level Medium
Before redistribution: 79 examples at level Hard
Before redistribution: 78 examples at level VeryHard
Before redistribution: 79 examples at level VeryEasy
Before redistribution: 79 examples at level Easy
Before redistribution: 79 examples at level Medium
Before redistribution: 79 examples at level Hard
Before redistribution: 79 examples at level VeryHard
Performing example redistribution across difficulty levels...
Redistributed 79 examples to level VeryEasy
Redistributed 79 examples to level Easy
Redistributed 79 examples to level Medium
Redistributed 79 examples to level Hard
Redistributed 79 examples to level VeryHard
After redistribution: 79 examples at level VeryEasy
After redistribution: 79 examples at level Easy
After redistribution: 79 examples at level Medium
After redistribution: 79 examples at level Hard
After redistribution: 79 examples at level VeryHard
Before redistribution: 80 examples at level VeryEasy
Before redistribution: 79 examples at level Easy
Before redistribution: 79 examples at level Medium
Before redistribution: 79 examples at level Hard
Before redistribution: 79 examples at level VeryHard
Before redistribution: 80 examples at level VeryEasy
Before redistribution: 80 examples at level Easy
Before redistribution: 79 examples at level Medium
Before redistribution: 79 examples at level Hard
Before redistribution: 79 examples at level VeryHard
Before redistribution: 80 examples at level VeryEasy
Before redistribution: 80 examples at level Easy
Before redistribution: 80 examples at level Medium
Before redistribution: 79 examples at level Hard
Before redistribution: 79 examples at level VeryHard
Before redistribution: 80 examples at level VeryEasy
Before redistribution: 80 examples at level Easy
Before redistribution: 80 examples at level Medium
Before redistribution: 80 examples at level Hard
Before redistribution: 79 examples at level VeryHard
Before redistribution: 80 examples at level VeryEasy
Before redistribution: 80 examples at level Easy
Before redistribution: 80 examples at level Medium
Before redistribution: 80 examples at level Hard
Before redistribution: 80 examples at level VeryHard
Performing example redistribution across difficulty levels...
Redistributed 80 examples to level VeryEasy
Redistributed 80 examples to level Easy
Redistributed 80 examples to level Medium
Redistributed 80 examples to level Hard
Redistributed 80 examples to level VeryHard
After redistribution: 80 examples at level VeryEasy
After redistribution: 80 examples at level Easy
After redistribution: 80 examples at level Medium
After redistribution: 80 examples at level Hard
After redistribution: 80 examples at level VeryHard
Before redistribution: 81 examples at level VeryEasy
Before redistribution: 80 examples at level Easy
Before redistribution: 80 examples at level Medium
Before redistribution: 80 examples at level Hard
Before redistribution: 80 examples at level VeryHard
Before redistribution: 81 examples at level VeryEasy
Before redistribution: 81 examples at level Easy
Before redistribution: 80 examples at level Medium
Before redistribution: 80 examples at level Hard
Before redistribution: 80 examples at level VeryHard
Before redistribution: 81 examples at level VeryEasy
Before redistribution: 81 examples at level Easy
Before redistribution: 81 examples at level Medium
Before redistribution: 80 examples at level Hard
Before redistribution: 80 examples at level VeryHard
Before redistribution: 81 examples at level VeryEasy
Before redistribution: 81 examples at level Easy
Before redistribution: 81 examples at level Medium
Before redistribution: 81 examples at level Hard
Before redistribution: 80 examples at level VeryHard
Before redistribution: 81 examples at level VeryEasy
Before redistribution: 81 examples at level Easy
Before redistribution: 81 examples at level Medium
Before redistribution: 81 examples at level Hard
Before redistribution: 81 examples at level VeryHard
Performing example redistribution across difficulty levels...
Redistributed 81 examples to level VeryEasy
Redistributed 81 examples to level Easy
Redistributed 81 examples to level Medium
Redistributed 81 examples to level Hard
Redistributed 81 examples to level VeryHard
After redistribution: 81 examples at level VeryEasy
After redistribution: 81 examples at level Easy
After redistribution: 81 examples at level Medium
After redistribution: 81 examples at level Hard
After redistribution: 81 examples at level VeryHard
Before redistribution: 82 examples at level VeryEasy
Before redistribution: 81 examples at level Easy
Before redistribution: 81 examples at level Medium
Before redistribution: 81 examples at level Hard
Before redistribution: 81 examples at level VeryHard
Before redistribution: 82 examples at level VeryEasy
Before redistribution: 82 examples at level Easy
Before redistribution: 81 examples at level Medium
Before redistribution: 81 examples at level Hard
Before redistribution: 81 examples at level VeryHard
Before redistribution: 82 examples at level VeryEasy
Before redistribution: 82 examples at level Easy
Before redistribution: 82 examples at level Medium
Before redistribution: 81 examples at level Hard
Before redistribution: 81 examples at level VeryHard
Before redistribution: 82 examples at level VeryEasy
Before redistribution: 82 examples at level Easy
Before redistribution: 82 examples at level Medium
Before redistribution: 82 examples at level Hard
Before redistribution: 81 examples at level VeryHard
Before redistribution: 82 examples at level VeryEasy
Before redistribution: 82 examples at level Easy
Before redistribution: 82 examples at level Medium
Before redistribution: 82 examples at level Hard
Before redistribution: 82 examples at level VeryHard
Performing example redistribution across difficulty levels...
Redistributed 82 examples to level VeryEasy
Redistributed 82 examples to level Easy
Redistributed 82 examples to level Medium
Redistributed 82 examples to level Hard
Redistributed 82 examples to level VeryHard
After redistribution: 82 examples at level VeryEasy
After redistribution: 82 examples at level Easy
After redistribution: 82 examples at level Medium
After redistribution: 82 examples at level Hard
After redistribution: 82 examples at level VeryHard
Before redistribution: 83 examples at level VeryEasy
Before redistribution: 82 examples at level Easy
Before redistribution: 82 examples at level Medium
Before redistribution: 82 examples at level Hard
Before redistribution: 82 examples at level VeryHard
Before redistribution: 83 examples at level VeryEasy
Before redistribution: 83 examples at level Easy
Before redistribution: 82 examples at level Medium
Before redistribution: 82 examples at level Hard
Before redistribution: 82 examples at level VeryHard
Before redistribution: 83 examples at level VeryEasy
Before redistribution: 83 examples at level Easy
Before redistribution: 83 examples at level Medium
Before redistribution: 82 examples at level Hard
Before redistribution: 82 examples at level VeryHard
Before redistribution: 83 examples at level VeryEasy
Before redistribution: 83 examples at level Easy
Before redistribution: 83 examples at level Medium
Before redistribution: 83 examples at level Hard
Before redistribution: 82 examples at level VeryHard
Before redistribution: 83 examples at level VeryEasy
Before redistribution: 83 examples at level Easy
Before redistribution: 83 examples at level Medium
Before redistribution: 83 examples at level Hard
Before redistribution: 83 examples at level VeryHard
Performing example redistribution across difficulty levels...
Redistributed 83 examples to level VeryEasy
Redistributed 83 examples to level Easy
Redistributed 83 examples to level Medium
Redistributed 83 examples to level Hard
Redistributed 83 examples to level VeryHard
After redistribution: 83 examples at level VeryEasy
After redistribution: 83 examples at level Easy
After redistribution: 83 examples at level Medium
After redistribution: 83 examples at level Hard
After redistribution: 83 examples at level VeryHard
Before redistribution: 84 examples at level VeryEasy
Before redistribution: 83 examples at level Easy
Before redistribution: 83 examples at level Medium
Before redistribution: 83 examples at level Hard
Before redistribution: 83 examples at level VeryHard
Before redistribution: 84 examples at level VeryEasy
Before redistribution: 84 examples at level Easy
Before redistribution: 83 examples at level Medium
Before redistribution: 83 examples at level Hard
Before redistribution: 83 examples at level VeryHard
Before redistribution: 84 examples at level VeryEasy
Before redistribution: 84 examples at level Easy
Before redistribution: 84 examples at level Medium
Before redistribution: 83 examples at level Hard
Before redistribution: 83 examples at level VeryHard
Before redistribution: 84 examples at level VeryEasy
Before redistribution: 84 examples at level Easy
Before redistribution: 84 examples at level Medium
Before redistribution: 84 examples at level Hard
Before redistribution: 83 examples at level VeryHard
Before redistribution: 84 examples at level VeryEasy
Before redistribution: 84 examples at level Easy
Before redistribution: 84 examples at level Medium
Before redistribution: 84 examples at level Hard
Before redistribution: 84 examples at level VeryHard
Performing example redistribution across difficulty levels...
Redistributed 84 examples to level VeryEasy
Redistributed 84 examples to level Easy
Redistributed 84 examples to level Medium
Redistributed 84 examples to level Hard
Redistributed 84 examples to level VeryHard
After redistribution: 84 examples at level VeryEasy
After redistribution: 84 examples at level Easy
After redistribution: 84 examples at level Medium
After redistribution: 84 examples at level Hard
After redistribution: 84 examples at level VeryHard
Before redistribution: 85 examples at level VeryEasy
Before redistribution: 84 examples at level Easy
Before redistribution: 84 examples at level Medium
Before redistribution: 84 examples at level Hard
Before redistribution: 84 examples at level VeryHard
Before redistribution: 85 examples at level VeryEasy
Before redistribution: 85 examples at level Easy
Before redistribution: 84 examples at level Medium
Before redistribution: 84 examples at level Hard
Before redistribution: 84 examples at level VeryHard
Before redistribution: 85 examples at level VeryEasy
Before redistribution: 85 examples at level Easy
Before redistribution: 85 examples at level Medium
Before redistribution: 84 examples at level Hard
Before redistribution: 84 examples at level VeryHard
Before redistribution: 85 examples at level VeryEasy
Before redistribution: 85 examples at level Easy
Before redistribution: 85 examples at level Medium
Before redistribution: 85 examples at level Hard
Before redistribution: 84 examples at level VeryHard
Before redistribution: 85 examples at level VeryEasy
Before redistribution: 85 examples at level Easy
Before redistribution: 85 examples at level Medium
Before redistribution: 85 examples at level Hard
Before redistribution: 85 examples at level VeryHard
Performing example redistribution across difficulty levels...
Redistributed 85 examples to level VeryEasy
Redistributed 85 examples to level Easy
Redistributed 85 examples to level Medium
Redistributed 85 examples to level Hard
Redistributed 85 examples to level VeryHard
After redistribution: 85 examples at level VeryEasy
After redistribution: 85 examples at level Easy
After redistribution: 85 examples at level Medium
After redistribution: 85 examples at level Hard
After redistribution: 85 examples at level VeryHard
Before redistribution: 86 examples at level VeryEasy
Before redistribution: 85 examples at level Easy
Before redistribution: 85 examples at level Medium
Before redistribution: 85 examples at level Hard
Before redistribution: 85 examples at level VeryHard
Before redistribution: 86 examples at level VeryEasy
Before redistribution: 86 examples at level Easy
Before redistribution: 85 examples at level Medium
Before redistribution: 85 examples at level Hard
Before redistribution: 85 examples at level VeryHard
Before redistribution: 86 examples at level VeryEasy
Before redistribution: 86 examples at level Easy
Before redistribution: 86 examples at level Medium
Before redistribution: 85 examples at level Hard
Before redistribution: 85 examples at level VeryHard
Before redistribution: 86 examples at level VeryEasy
Before redistribution: 86 examples at level Easy
Before redistribution: 86 examples at level Medium
Before redistribution: 86 examples at level Hard
Before redistribution: 85 examples at level VeryHard
Before redistribution: 86 examples at level VeryEasy
Before redistribution: 86 examples at level Easy
Before redistribution: 86 examples at level Medium
Before redistribution: 86 examples at level Hard
Before redistribution: 86 examples at level VeryHard
Performing example redistribution across difficulty levels...
Redistributed 86 examples to level VeryEasy
Redistributed 86 examples to level Easy
Redistributed 86 examples to level Medium
Redistributed 86 examples to level Hard
Redistributed 86 examples to level VeryHard
After redistribution: 86 examples at level VeryEasy
After redistribution: 86 examples at level Easy
After redistribution: 86 examples at level Medium
After redistribution: 86 examples at level Hard
After redistribution: 86 examples at level VeryHard
Before redistribution: 87 examples at level VeryEasy
Before redistribution: 86 examples at level Easy
Before redistribution: 86 examples at level Medium
Before redistribution: 86 examples at level Hard
Before redistribution: 86 examples at level VeryHard
Before redistribution: 87 examples at level VeryEasy
Before redistribution: 87 examples at level Easy
Before redistribution: 86 examples at level Medium
Before redistribution: 86 examples at level Hard
Before redistribution: 86 examples at level VeryHard
Before redistribution: 87 examples at level VeryEasy
Before redistribution: 87 examples at level Easy
Before redistribution: 87 examples at level Medium
Before redistribution: 86 examples at level Hard
Before redistribution: 86 examples at level VeryHard
Before redistribution: 87 examples at level VeryEasy
Before redistribution: 87 examples at level Easy
Before redistribution: 87 examples at level Medium
Before redistribution: 87 examples at level Hard
Before redistribution: 86 examples at level VeryHard
Before redistribution: 87 examples at level VeryEasy
Before redistribution: 87 examples at level Easy
Before redistribution: 87 examples at level Medium
Before redistribution: 87 examples at level Hard
Before redistribution: 87 examples at level VeryHard
Performing example redistribution across difficulty levels...
Redistributed 87 examples to level VeryEasy
Redistributed 87 examples to level Easy
Redistributed 87 examples to level Medium
Redistributed 87 examples to level Hard
Redistributed 87 examples to level VeryHard
After redistribution: 87 examples at level VeryEasy
After redistribution: 87 examples at level Easy
After redistribution: 87 examples at level Medium
After redistribution: 87 examples at level Hard
After redistribution: 87 examples at level VeryHard
Before redistribution: 88 examples at level VeryEasy
Before redistribution: 87 examples at level Easy
Before redistribution: 87 examples at level Medium
Before redistribution: 87 examples at level Hard
Before redistribution: 87 examples at level VeryHard
Before redistribution: 88 examples at level VeryEasy
Before redistribution: 88 examples at level Easy
Before redistribution: 87 examples at level Medium
Before redistribution: 87 examples at level Hard
Before redistribution: 87 examples at level VeryHard
Before redistribution: 88 examples at level VeryEasy
Before redistribution: 88 examples at level Easy
Before redistribution: 88 examples at level Medium
Before redistribution: 87 examples at level Hard
Before redistribution: 87 examples at level VeryHard
Before redistribution: 88 examples at level VeryEasy
Before redistribution: 88 examples at level Easy
Before redistribution: 88 examples at level Medium
Before redistribution: 88 examples at level Hard
Before redistribution: 87 examples at level VeryHard
Before redistribution: 88 examples at level VeryEasy
Before redistribution: 88 examples at level Easy
Before redistribution: 88 examples at level Medium
Before redistribution: 88 examples at level Hard
Before redistribution: 88 examples at level VeryHard
Performing example redistribution across difficulty levels...
Redistributed 88 examples to level VeryEasy
Redistributed 88 examples to level Easy
Redistributed 88 examples to level Medium
Redistributed 88 examples to level Hard
Redistributed 88 examples to level VeryHard
After redistribution: 88 examples at level VeryEasy
After redistribution: 88 examples at level Easy
After redistribution: 88 examples at level Medium
After redistribution: 88 examples at level Hard
After redistribution: 88 examples at level VeryHard
Before redistribution: 89 examples at level VeryEasy
Before redistribution: 88 examples at level Easy
Before redistribution: 88 examples at level Medium
Before redistribution: 88 examples at level Hard
Before redistribution: 88 examples at level VeryHard
Before redistribution: 89 examples at level VeryEasy
Before redistribution: 89 examples at level Easy
Before redistribution: 88 examples at level Medium
Before redistribution: 88 examples at level Hard
Before redistribution: 88 examples at level VeryHard
Before redistribution: 89 examples at level VeryEasy
Before redistribution: 89 examples at level Easy
Before redistribution: 89 examples at level Medium
Before redistribution: 88 examples at level Hard
Before redistribution: 88 examples at level VeryHard
Before redistribution: 89 examples at level VeryEasy
Before redistribution: 89 examples at level Easy
Before redistribution: 89 examples at level Medium
Before redistribution: 89 examples at level Hard
Before redistribution: 88 examples at level VeryHard
Before redistribution: 89 examples at level VeryEasy
Before redistribution: 89 examples at level Easy
Before redistribution: 89 examples at level Medium
Before redistribution: 89 examples at level Hard
Before redistribution: 89 examples at level VeryHard
Performing example redistribution across difficulty levels...
Redistributed 89 examples to level VeryEasy
Redistributed 89 examples to level Easy
Redistributed 89 examples to level Medium
Redistributed 89 examples to level Hard
Redistributed 89 examples to level VeryHard
After redistribution: 89 examples at level VeryEasy
After redistribution: 89 examples at level Easy
After redistribution: 89 examples at level Medium
After redistribution: 89 examples at level Hard
After redistribution: 89 examples at level VeryHard
Before redistribution: 90 examples at level VeryEasy
Before redistribution: 89 examples at level Easy
Before redistribution: 89 examples at level Medium
Before redistribution: 89 examples at level Hard
Before redistribution: 89 examples at level VeryHard
Before redistribution: 90 examples at level VeryEasy
Before redistribution: 90 examples at level Easy
Before redistribution: 89 examples at level Medium
Before redistribution: 89 examples at level Hard
Before redistribution: 89 examples at level VeryHard
Before redistribution: 90 examples at level VeryEasy
Before redistribution: 90 examples at level Easy
Before redistribution: 90 examples at level Medium
Before redistribution: 89 examples at level Hard
Before redistribution: 89 examples at level VeryHard
Before redistribution: 90 examples at level VeryEasy
Before redistribution: 90 examples at level Easy
Before redistribution: 90 examples at level Medium
Before redistribution: 90 examples at level Hard
Before redistribution: 89 examples at level VeryHard
Before redistribution: 90 examples at level VeryEasy
Before redistribution: 90 examples at level Easy
Before redistribution: 90 examples at level Medium
Before redistribution: 90 examples at level Hard
Before redistribution: 90 examples at level VeryHard
Performing example redistribution across difficulty levels...
Redistributed 90 examples to level VeryEasy
Redistributed 90 examples to level Easy
Redistributed 90 examples to level Medium
Redistributed 90 examples to level Hard
Redistributed 90 examples to level VeryHard
After redistribution: 90 examples at level VeryEasy
After redistribution: 90 examples at level Easy
After redistribution: 90 examples at level Medium
After redistribution: 90 examples at level Hard
After redistribution: 90 examples at level VeryHard
Before redistribution: 91 examples at level VeryEasy
Before redistribution: 90 examples at level Easy
Before redistribution: 90 examples at level Medium
Before redistribution: 90 examples at level Hard
Before redistribution: 90 examples at level VeryHard
Before redistribution: 91 examples at level VeryEasy
Before redistribution: 91 examples at level Easy
Before redistribution: 90 examples at level Medium
Before redistribution: 90 examples at level Hard
Before redistribution: 90 examples at level VeryHard
Before redistribution: 91 examples at level VeryEasy
Before redistribution: 91 examples at level Easy
Before redistribution: 91 examples at level Medium
Before redistribution: 90 examples at level Hard
Before redistribution: 90 examples at level VeryHard
Before redistribution: 91 examples at level VeryEasy
Before redistribution: 91 examples at level Easy
Before redistribution: 91 examples at level Medium
Before redistribution: 91 examples at level Hard
Before redistribution: 90 examples at level VeryHard
Before redistribution: 91 examples at level VeryEasy
Before redistribution: 91 examples at level Easy
Before redistribution: 91 examples at level Medium
Before redistribution: 91 examples at level Hard
Before redistribution: 91 examples at level VeryHard
Performing example redistribution across difficulty levels...
Redistributed 91 examples to level VeryEasy
Redistributed 91 examples to level Easy
Redistributed 91 examples to level Medium
Redistributed 91 examples to level Hard
Redistributed 91 examples to level VeryHard
After redistribution: 91 examples at level VeryEasy
After redistribution: 91 examples at level Easy
After redistribution: 91 examples at level Medium
After redistribution: 91 examples at level Hard
After redistribution: 91 examples at level VeryHard
Before redistribution: 92 examples at level VeryEasy
Before redistribution: 91 examples at level Easy
Before redistribution: 91 examples at level Medium
Before redistribution: 91 examples at level Hard
Before redistribution: 91 examples at level VeryHard
Before redistribution: 92 examples at level VeryEasy
Before redistribution: 92 examples at level Easy
Before redistribution: 91 examples at level Medium
Before redistribution: 91 examples at level Hard
Before redistribution: 91 examples at level VeryHard
Before redistribution: 92 examples at level VeryEasy
Before redistribution: 92 examples at level Easy
Before redistribution: 92 examples at level Medium
Before redistribution: 91 examples at level Hard
Before redistribution: 91 examples at level VeryHard
Before redistribution: 92 examples at level VeryEasy
Before redistribution: 92 examples at level Easy
Before redistribution: 92 examples at level Medium
Before redistribution: 92 examples at level Hard
Before redistribution: 91 examples at level VeryHard
Before redistribution: 92 examples at level VeryEasy
Before redistribution: 92 examples at level Easy
Before redistribution: 92 examples at level Medium
Before redistribution: 92 examples at level Hard
Before redistribution: 92 examples at level VeryHard
Performing example redistribution across difficulty levels...
Redistributed 92 examples to level VeryEasy
Redistributed 92 examples to level Easy
Redistributed 92 examples to level Medium
Redistributed 92 examples to level Hard
Redistributed 92 examples to level VeryHard
After redistribution: 92 examples at level VeryEasy
After redistribution: 92 examples at level Easy
After redistribution: 92 examples at level Medium
After redistribution: 92 examples at level Hard
After redistribution: 92 examples at level VeryHard
Before redistribution: 93 examples at level VeryEasy
Before redistribution: 92 examples at level Easy
Before redistribution: 92 examples at level Medium
Before redistribution: 92 examples at level Hard
Before redistribution: 92 examples at level VeryHard
Before redistribution: 93 examples at level VeryEasy
Before redistribution: 93 examples at level Easy
Before redistribution: 92 examples at level Medium
Before redistribution: 92 examples at level Hard
Before redistribution: 92 examples at level VeryHard
Before redistribution: 93 examples at level VeryEasy
Before redistribution: 93 examples at level Easy
Before redistribution: 93 examples at level Medium
Before redistribution: 92 examples at level Hard
Before redistribution: 92 examples at level VeryHard
Before redistribution: 93 examples at level VeryEasy
Before redistribution: 93 examples at level Easy
Before redistribution: 93 examples at level Medium
Before redistribution: 93 examples at level Hard
Before redistribution: 92 examples at level VeryHard
Before redistribution: 93 examples at level VeryEasy
Before redistribution: 93 examples at level Easy
Before redistribution: 93 examples at level Medium
Before redistribution: 93 examples at level Hard
Before redistribution: 93 examples at level VeryHard
Performing example redistribution across difficulty levels...
Redistributed 93 examples to level VeryEasy
Redistributed 93 examples to level Easy
Redistributed 93 examples to level Medium
Redistributed 93 examples to level Hard
Redistributed 93 examples to level VeryHard
After redistribution: 93 examples at level VeryEasy
After redistribution: 93 examples at level Easy
After redistribution: 93 examples at level Medium
After redistribution: 93 examples at level Hard
After redistribution: 93 examples at level VeryHard
Before redistribution: 94 examples at level VeryEasy
Before redistribution: 93 examples at level Easy
Before redistribution: 93 examples at level Medium
Before redistribution: 93 examples at level Hard
Before redistribution: 93 examples at level VeryHard
Before redistribution: 94 examples at level VeryEasy
Before redistribution: 94 examples at level Easy
Before redistribution: 93 examples at level Medium
Before redistribution: 93 examples at level Hard
Before redistribution: 93 examples at level VeryHard
Before redistribution: 94 examples at level VeryEasy
Before redistribution: 94 examples at level Easy
Before redistribution: 94 examples at level Medium
Before redistribution: 93 examples at level Hard
Before redistribution: 93 examples at level VeryHard
Before redistribution: 94 examples at level VeryEasy
Before redistribution: 94 examples at level Easy
Before redistribution: 94 examples at level Medium
Before redistribution: 94 examples at level Hard
Before redistribution: 93 examples at level VeryHard
Before redistribution: 94 examples at level VeryEasy
Before redistribution: 94 examples at level Easy
Before redistribution: 94 examples at level Medium
Before redistribution: 94 examples at level Hard
Before redistribution: 94 examples at level VeryHard
Performing example redistribution across difficulty levels...
Redistributed 94 examples to level VeryEasy
Redistributed 94 examples to level Easy
Redistributed 94 examples to level Medium
Redistributed 94 examples to level Hard
Redistributed 94 examples to level VeryHard
After redistribution: 94 examples at level VeryEasy
After redistribution: 94 examples at level Easy
After redistribution: 94 examples at level Medium
After redistribution: 94 examples at level Hard
After redistribution: 94 examples at level VeryHard
Before redistribution: 95 examples at level VeryEasy
Before redistribution: 94 examples at level Easy
Before redistribution: 94 examples at level Medium
Before redistribution: 94 examples at level Hard
Before redistribution: 94 examples at level VeryHard
Before redistribution: 95 examples at level VeryEasy
Before redistribution: 95 examples at level Easy
Before redistribution: 94 examples at level Medium
Before redistribution: 94 examples at level Hard
Before redistribution: 94 examples at level VeryHard
Before redistribution: 95 examples at level VeryEasy
Before redistribution: 95 examples at level Easy
Before redistribution: 95 examples at level Medium
Before redistribution: 94 examples at level Hard
Before redistribution: 94 examples at level VeryHard
Before redistribution: 95 examples at level VeryEasy
Before redistribution: 95 examples at level Easy
Before redistribution: 95 examples at level Medium
Before redistribution: 95 examples at level Hard
Before redistribution: 94 examples at level VeryHard
Before redistribution: 95 examples at level VeryEasy
Before redistribution: 95 examples at level Easy
Before redistribution: 95 examples at level Medium
Before redistribution: 95 examples at level Hard
Before redistribution: 95 examples at level VeryHard
Performing example redistribution across difficulty levels...
Redistributed 95 examples to level VeryEasy
Redistributed 95 examples to level Easy
Redistributed 95 examples to level Medium
Redistributed 95 examples to level Hard
Redistributed 95 examples to level VeryHard
After redistribution: 95 examples at level VeryEasy
After redistribution: 95 examples at level Easy
After redistribution: 95 examples at level Medium
After redistribution: 95 examples at level Hard
After redistribution: 95 examples at level VeryHard
Before redistribution: 96 examples at level VeryEasy
Before redistribution: 95 examples at level Easy
Before redistribution: 95 examples at level Medium
Before redistribution: 95 examples at level Hard
Before redistribution: 95 examples at level VeryHard
Before redistribution: 96 examples at level VeryEasy
Before redistribution: 96 examples at level Easy
Before redistribution: 95 examples at level Medium
Before redistribution: 95 examples at level Hard
Before redistribution: 95 examples at level VeryHard
Before redistribution: 96 examples at level VeryEasy
Before redistribution: 96 examples at level Easy
Before redistribution: 96 examples at level Medium
Before redistribution: 95 examples at level Hard
Before redistribution: 95 examples at level VeryHard
Before redistribution: 96 examples at level VeryEasy
Before redistribution: 96 examples at level Easy
Before redistribution: 96 examples at level Medium
Before redistribution: 96 examples at level Hard
Before redistribution: 95 examples at level VeryHard
Before redistribution: 96 examples at level VeryEasy
Before redistribution: 96 examples at level Easy
Before redistribution: 96 examples at level Medium
Before redistribution: 96 examples at level Hard
Before redistribution: 96 examples at level VeryHard
Performing example redistribution across difficulty levels...
Redistributed 96 examples to level VeryEasy
Redistributed 96 examples to level Easy
Redistributed 96 examples to level Medium
Redistributed 96 examples to level Hard
Redistributed 96 examples to level VeryHard
After redistribution: 96 examples at level VeryEasy
After redistribution: 96 examples at level Easy
After redistribution: 96 examples at level Medium
After redistribution: 96 examples at level Hard
After redistribution: 96 examples at level VeryHard
Before redistribution: 97 examples at level VeryEasy
Before redistribution: 96 examples at level Easy
Before redistribution: 96 examples at level Medium
Before redistribution: 96 examples at level Hard
Before redistribution: 96 examples at level VeryHard
Before redistribution: 97 examples at level VeryEasy
Before redistribution: 97 examples at level Easy
Before redistribution: 96 examples at level Medium
Before redistribution: 96 examples at level Hard
Before redistribution: 96 examples at level VeryHard
Before redistribution: 97 examples at level VeryEasy
Before redistribution: 97 examples at level Easy
Before redistribution: 97 examples at level Medium
Before redistribution: 96 examples at level Hard
Before redistribution: 96 examples at level VeryHard
Before redistribution: 97 examples at level VeryEasy
Before redistribution: 97 examples at level Easy
Before redistribution: 97 examples at level Medium
Before redistribution: 97 examples at level Hard
Before redistribution: 96 examples at level VeryHard
Before redistribution: 97 examples at level VeryEasy
Before redistribution: 97 examples at level Easy
Before redistribution: 97 examples at level Medium
Before redistribution: 97 examples at level Hard
Before redistribution: 97 examples at level VeryHard
Performing example redistribution across difficulty levels...
Redistributed 97 examples to level VeryEasy
Redistributed 97 examples to level Easy
Redistributed 97 examples to level Medium
Redistributed 97 examples to level Hard
Redistributed 97 examples to level VeryHard
After redistribution: 97 examples at level VeryEasy
After redistribution: 97 examples at level Easy
After redistribution: 97 examples at level Medium
After redistribution: 97 examples at level Hard
After redistribution: 97 examples at level VeryHard
Before redistribution: 98 examples at level VeryEasy
Before redistribution: 97 examples at level Easy
Before redistribution: 97 examples at level Medium
Before redistribution: 97 examples at level Hard
Before redistribution: 97 examples at level VeryHard
Before redistribution: 98 examples at level VeryEasy
Before redistribution: 98 examples at level Easy
Before redistribution: 97 examples at level Medium
Before redistribution: 97 examples at level Hard
Before redistribution: 97 examples at level VeryHard
Before redistribution: 98 examples at level VeryEasy
Before redistribution: 98 examples at level Easy
Before redistribution: 98 examples at level Medium
Before redistribution: 97 examples at level Hard
Before redistribution: 97 examples at level VeryHard
Before redistribution: 98 examples at level VeryEasy
Before redistribution: 98 examples at level Easy
Before redistribution: 98 examples at level Medium
Before redistribution: 98 examples at level Hard
Before redistribution: 97 examples at level VeryHard
Before redistribution: 98 examples at level VeryEasy
Before redistribution: 98 examples at level Easy
Before redistribution: 98 examples at level Medium
Before redistribution: 98 examples at level Hard
Before redistribution: 98 examples at level VeryHard
Performing example redistribution across difficulty levels...
Redistributed 98 examples to level VeryEasy
Redistributed 98 examples to level Easy
Redistributed 98 examples to level Medium
Redistributed 98 examples to level Hard
Redistributed 98 examples to level VeryHard
After redistribution: 98 examples at level VeryEasy
After redistribution: 98 examples at level Easy
After redistribution: 98 examples at level Medium
After redistribution: 98 examples at level Hard
After redistribution: 98 examples at level VeryHard
Before redistribution: 99 examples at level VeryEasy
Before redistribution: 98 examples at level Easy
Before redistribution: 98 examples at level Medium
Before redistribution: 98 examples at level Hard
Before redistribution: 98 examples at level VeryHard
Before redistribution: 99 examples at level VeryEasy
Before redistribution: 99 examples at level Easy
Before redistribution: 98 examples at level Medium
Before redistribution: 98 examples at level Hard
Before redistribution: 98 examples at level VeryHard
Before redistribution: 99 examples at level VeryEasy
Before redistribution: 99 examples at level Easy
Before redistribution: 99 examples at level Medium
Before redistribution: 98 examples at level Hard
Before redistribution: 98 examples at level VeryHard
Before redistribution: 99 examples at level VeryEasy
Before redistribution: 99 examples at level Easy
Before redistribution: 99 examples at level Medium
Before redistribution: 99 examples at level Hard
Before redistribution: 98 examples at level VeryHard
Before redistribution: 99 examples at level VeryEasy
Before redistribution: 99 examples at level Easy
Before redistribution: 99 examples at level Medium
Before redistribution: 99 examples at level Hard
Before redistribution: 99 examples at level VeryHard
Performing example redistribution across difficulty levels...
Redistributed 99 examples to level VeryEasy
Redistributed 99 examples to level Easy
Redistributed 99 examples to level Medium
Redistributed 99 examples to level Hard
Redistributed 99 examples to level VeryHard
After redistribution: 99 examples at level VeryEasy
After redistribution: 99 examples at level Easy
After redistribution: 99 examples at level Medium
After redistribution: 99 examples at level Hard
After redistribution: 99 examples at level VeryHard
Before redistribution: 100 examples at level VeryEasy
Before redistribution: 99 examples at level Easy
Before redistribution: 99 examples at level Medium
Before redistribution: 99 examples at level Hard
Before redistribution: 99 examples at level VeryHard
Before redistribution: 100 examples at level VeryEasy
Before redistribution: 100 examples at level Easy
Before redistribution: 99 examples at level Medium
Before redistribution: 99 examples at level Hard
Before redistribution: 99 examples at level VeryHard
Before redistribution: 100 examples at level VeryEasy
Before redistribution: 100 examples at level Easy
Before redistribution: 100 examples at level Medium
Before redistribution: 99 examples at level Hard
Before redistribution: 99 examples at level VeryHard
Before redistribution: 100 examples at level VeryEasy
Before redistribution: 100 examples at level Easy
Before redistribution: 100 examples at level Medium
Before redistribution: 100 examples at level Hard
Before redistribution: 99 examples at level VeryHard
Before redistribution: 100 examples at level VeryEasy
Before redistribution: 100 examples at level Easy
Before redistribution: 100 examples at level Medium
Before redistribution: 100 examples at level Hard
Before redistribution: 100 examples at level VeryHard
Performing example redistribution across difficulty levels...
Redistributed 100 examples to level VeryEasy
Redistributed 100 examples to level Easy
Redistributed 100 examples to level Medium
Redistributed 100 examples to level Hard
Redistributed 100 examples to level VeryHard
After redistribution: 100 examples at level VeryEasy
After redistribution: 100 examples at level Easy
After redistribution: 100 examples at level Medium
After redistribution: 100 examples at level Hard
After redistribution: 100 examples at level VeryHard
Before redistribution: 101 examples at level VeryEasy
Before redistribution: 100 examples at level Easy
Before redistribution: 100 examples at level Medium
Before redistribution: 100 examples at level Hard
Before redistribution: 100 examples at level VeryHard
Before redistribution: 101 examples at level VeryEasy
Before redistribution: 101 examples at level Easy
Before redistribution: 100 examples at level Medium
Before redistribution: 100 examples at level Hard
Before redistribution: 100 examples at level VeryHard
Before redistribution: 101 examples at level VeryEasy
Before redistribution: 101 examples at level Easy
Before redistribution: 101 examples at level Medium
Before redistribution: 100 examples at level Hard
Before redistribution: 100 examples at level VeryHard
Before redistribution: 101 examples at level VeryEasy
Before redistribution: 101 examples at level Easy
Before redistribution: 101 examples at level Medium
Before redistribution: 101 examples at level Hard
Before redistribution: 100 examples at level VeryHard
Before redistribution: 101 examples at level VeryEasy
Before redistribution: 101 examples at level Easy
Before redistribution: 101 examples at level Medium
Before redistribution: 101 examples at level Hard
Before redistribution: 101 examples at level VeryHard
Performing example redistribution across difficulty levels...
Redistributed 101 examples to level VeryEasy
Redistributed 101 examples to level Easy
Redistributed 101 examples to level Medium
Redistributed 101 examples to level Hard
Redistributed 101 examples to level VeryHard
After redistribution: 101 examples at level VeryEasy
After redistribution: 101 examples at level Easy
After redistribution: 101 examples at level Medium
After redistribution: 101 examples at level Hard
After redistribution: 101 examples at level VeryHard
Before redistribution: 102 examples at level VeryEasy
Before redistribution: 101 examples at level Easy
Before redistribution: 101 examples at level Medium
Before redistribution: 101 examples at level Hard
Before redistribution: 101 examples at level VeryHard
Before redistribution: 102 examples at level VeryEasy
Before redistribution: 102 examples at level Easy
Before redistribution: 101 examples at level Medium
Before redistribution: 101 examples at level Hard
Before redistribution: 101 examples at level VeryHard
Before redistribution: 102 examples at level VeryEasy
Before redistribution: 102 examples at level Easy
Before redistribution: 102 examples at level Medium
Before redistribution: 101 examples at level Hard
Before redistribution: 101 examples at level VeryHard
Before redistribution: 102 examples at level VeryEasy
Before redistribution: 102 examples at level Easy
Before redistribution: 102 examples at level Medium
Before redistribution: 102 examples at level Hard
Before redistribution: 101 examples at level VeryHard
Before redistribution: 102 examples at level VeryEasy
Before redistribution: 102 examples at level Easy
Before redistribution: 102 examples at level Medium
Before redistribution: 102 examples at level Hard
Before redistribution: 102 examples at level VeryHard
Performing example redistribution across difficulty levels...
Redistributed 102 examples to level VeryEasy
Redistributed 102 examples to level Easy
Redistributed 102 examples to level Medium
Redistributed 102 examples to level Hard
Redistributed 102 examples to level VeryHard
After redistribution: 102 examples at level VeryEasy
After redistribution: 102 examples at level Easy
After redistribution: 102 examples at level Medium
After redistribution: 102 examples at level Hard
After redistribution: 102 examples at level VeryHard
Before redistribution: 103 examples at level VeryEasy
Before redistribution: 102 examples at level Easy
Before redistribution: 102 examples at level Medium
Before redistribution: 102 examples at level Hard
Before redistribution: 102 examples at level VeryHard
Before redistribution: 103 examples at level VeryEasy
Before redistribution: 103 examples at level Easy
Before redistribution: 102 examples at level Medium
Before redistribution: 102 examples at level Hard
Before redistribution: 102 examples at level VeryHard
Before redistribution: 103 examples at level VeryEasy
Before redistribution: 103 examples at level Easy
Before redistribution: 103 examples at level Medium
Before redistribution: 102 examples at level Hard
Before redistribution: 102 examples at level VeryHard
Before redistribution: 103 examples at level VeryEasy
Before redistribution: 103 examples at level Easy
Before redistribution: 103 examples at level Medium
Before redistribution: 103 examples at level Hard
Before redistribution: 102 examples at level VeryHard
Before redistribution: 103 examples at level VeryEasy
Before redistribution: 103 examples at level Easy
Before redistribution: 103 examples at level Medium
Before redistribution: 103 examples at level Hard
Before redistribution: 103 examples at level VeryHard
Performing example redistribution across difficulty levels...
Redistributed 103 examples to level VeryEasy
Redistributed 103 examples to level Easy
Redistributed 103 examples to level Medium
Redistributed 103 examples to level Hard
Redistributed 103 examples to level VeryHard
After redistribution: 103 examples at level VeryEasy
After redistribution: 103 examples at level Easy
After redistribution: 103 examples at level Medium
After redistribution: 103 examples at level Hard
After redistribution: 103 examples at level VeryHard
Before redistribution: 104 examples at level VeryEasy
Before redistribution: 103 examples at level Easy
Before redistribution: 103 examples at level Medium
Before redistribution: 103 examples at level Hard
Before redistribution: 103 examples at level VeryHard
Before redistribution: 104 examples at level VeryEasy
Before redistribution: 104 examples at level Easy
Before redistribution: 103 examples at level Medium
Before redistribution: 103 examples at level Hard
Before redistribution: 103 examples at level VeryHard
Before redistribution: 104 examples at level VeryEasy
Before redistribution: 104 examples at level Easy
Before redistribution: 104 examples at level Medium
Before redistribution: 103 examples at level Hard
Before redistribution: 103 examples at level VeryHard
Before redistribution: 104 examples at level VeryEasy
Before redistribution: 104 examples at level Easy
Before redistribution: 104 examples at level Medium
Before redistribution: 104 examples at level Hard
Before redistribution: 103 examples at level VeryHard
Before redistribution: 104 examples at level VeryEasy
Before redistribution: 104 examples at level Easy
Before redistribution: 104 examples at level Medium
Before redistribution: 104 examples at level Hard
Before redistribution: 104 examples at level VeryHard
Performing example redistribution across difficulty levels...
Redistributed 104 examples to level VeryEasy
Redistributed 104 examples to level Easy
Redistributed 104 examples to level Medium
Redistributed 104 examples to level Hard
Redistributed 104 examples to level VeryHard
After redistribution: 104 examples at level VeryEasy
After redistribution: 104 examples at level Easy
After redistribution: 104 examples at level Medium
After redistribution: 104 examples at level Hard
After redistribution: 104 examples at level VeryHard
Before redistribution: 105 examples at level VeryEasy
Before redistribution: 104 examples at level Easy
Before redistribution: 104 examples at level Medium
Before redistribution: 104 examples at level Hard
Before redistribution: 104 examples at level VeryHard
Before redistribution: 105 examples at level VeryEasy
Before redistribution: 105 examples at level Easy
Before redistribution: 104 examples at level Medium
Before redistribution: 104 examples at level Hard
Before redistribution: 104 examples at level VeryHard
Before redistribution: 105 examples at level VeryEasy
Before redistribution: 105 examples at level Easy
Before redistribution: 105 examples at level Medium
Before redistribution: 104 examples at level Hard
Before redistribution: 104 examples at level VeryHard
Before redistribution: 105 examples at level VeryEasy
Before redistribution: 105 examples at level Easy
Before redistribution: 105 examples at level Medium
Before redistribution: 105 examples at level Hard
Before redistribution: 104 examples at level VeryHard
Before redistribution: 105 examples at level VeryEasy
Before redistribution: 105 examples at level Easy
Before redistribution: 105 examples at level Medium
Before redistribution: 105 examples at level Hard
Before redistribution: 105 examples at level VeryHard
Performing example redistribution across difficulty levels...
Redistributed 105 examples to level VeryEasy
Redistributed 105 examples to level Easy
Redistributed 105 examples to level Medium
Redistributed 105 examples to level Hard
Redistributed 105 examples to level VeryHard
After redistribution: 105 examples at level VeryEasy
After redistribution: 105 examples at level Easy
After redistribution: 105 examples at level Medium
After redistribution: 105 examples at level Hard
After redistribution: 105 examples at level VeryHard
Before redistribution: 106 examples at level VeryEasy
Before redistribution: 105 examples at level Easy
Before redistribution: 105 examples at level Medium
Before redistribution: 105 examples at level Hard
Before redistribution: 105 examples at level VeryHard
Before redistribution: 106 examples at level VeryEasy
Before redistribution: 106 examples at level Easy
Before redistribution: 105 examples at level Medium
Before redistribution: 105 examples at level Hard
Before redistribution: 105 examples at level VeryHard
Before redistribution: 106 examples at level VeryEasy
Before redistribution: 106 examples at level Easy
Before redistribution: 106 examples at level Medium
Before redistribution: 105 examples at level Hard
Before redistribution: 105 examples at level VeryHard
Before redistribution: 106 examples at level VeryEasy
Before redistribution: 106 examples at level Easy
Before redistribution: 106 examples at level Medium
Before redistribution: 106 examples at level Hard
Before redistribution: 105 examples at level VeryHard
Before redistribution: 106 examples at level VeryEasy
Before redistribution: 106 examples at level Easy
Before redistribution: 106 examples at level Medium
Before redistribution: 106 examples at level Hard
Before redistribution: 106 examples at level VeryHard
Performing example redistribution across difficulty levels...
Redistributed 106 examples to level VeryEasy
Redistributed 106 examples to level Easy
Redistributed 106 examples to level Medium
Redistributed 106 examples to level Hard
Redistributed 106 examples to level VeryHard
After redistribution: 106 examples at level VeryEasy
After redistribution: 106 examples at level Easy
After redistribution: 106 examples at level Medium
After redistribution: 106 examples at level Hard
After redistribution: 106 examples at level VeryHard
Before redistribution: 107 examples at level VeryEasy
Before redistribution: 106 examples at level Easy
Before redistribution: 106 examples at level Medium
Before redistribution: 106 examples at level Hard
Before redistribution: 106 examples at level VeryHard
Before redistribution: 107 examples at level VeryEasy
Before redistribution: 107 examples at level Easy
Before redistribution: 106 examples at level Medium
Before redistribution: 106 examples at level Hard
Before redistribution: 106 examples at level VeryHard
Before redistribution: 107 examples at level VeryEasy
Before redistribution: 107 examples at level Easy
Before redistribution: 107 examples at level Medium
Before redistribution: 106 examples at level Hard
Before redistribution: 106 examples at level VeryHard
Before redistribution: 107 examples at level VeryEasy
Before redistribution: 107 examples at level Easy
Before redistribution: 107 examples at level Medium
Before redistribution: 107 examples at level Hard
Before redistribution: 106 examples at level VeryHard
Before redistribution: 107 examples at level VeryEasy
Before redistribution: 107 examples at level Easy
Before redistribution: 107 examples at level Medium
Before redistribution: 107 examples at level Hard
Before redistribution: 107 examples at level VeryHard
Performing example redistribution across difficulty levels...
Redistributed 107 examples to level VeryEasy
Redistributed 107 examples to level Easy
Redistributed 107 examples to level Medium
Redistributed 107 examples to level Hard
Redistributed 107 examples to level VeryHard
After redistribution: 107 examples at level VeryEasy
After redistribution: 107 examples at level Easy
After redistribution: 107 examples at level Medium
After redistribution: 107 examples at level Hard
After redistribution: 107 examples at level VeryHard
Before redistribution: 108 examples at level VeryEasy
Before redistribution: 107 examples at level Easy
Before redistribution: 107 examples at level Medium
Before redistribution: 107 examples at level Hard
Before redistribution: 107 examples at level VeryHard
Before redistribution: 108 examples at level VeryEasy
Before redistribution: 108 examples at level Easy
Before redistribution: 107 examples at level Medium
Before redistribution: 107 examples at level Hard
Before redistribution: 107 examples at level VeryHard
Before redistribution: 108 examples at level VeryEasy
Before redistribution: 108 examples at level Easy
Before redistribution: 108 examples at level Medium
Before redistribution: 107 examples at level Hard
Before redistribution: 107 examples at level VeryHard
Before redistribution: 108 examples at level VeryEasy
Before redistribution: 108 examples at level Easy
Before redistribution: 108 examples at level Medium
Before redistribution: 108 examples at level Hard
Before redistribution: 107 examples at level VeryHard
Before redistribution: 108 examples at level VeryEasy
Before redistribution: 108 examples at level Easy
Before redistribution: 108 examples at level Medium
Before redistribution: 108 examples at level Hard
Before redistribution: 108 examples at level VeryHard
Performing example redistribution across difficulty levels...
Redistributed 108 examples to level VeryEasy
Redistributed 108 examples to level Easy
Redistributed 108 examples to level Medium
Redistributed 108 examples to level Hard
Redistributed 108 examples to level VeryHard
After redistribution: 108 examples at level VeryEasy
After redistribution: 108 examples at level Easy
After redistribution: 108 examples at level Medium
After redistribution: 108 examples at level Hard
After redistribution: 108 examples at level VeryHard
Forcing redistribution of curriculum examples...
Redistributed 108 examples to level VeryEasy
Redistributed 108 examples to level Easy
Redistributed 108 examples to level Medium
Redistributed 108 examples to level Hard
Redistributed 108 examples to level VeryHard
After redistribution: 108 examples at level VeryEasy
After redistribution: 108 examples at level Easy
After redistribution: 108 examples at level Medium
After redistribution: 108 examples at level Hard
After redistribution: 108 examples at level VeryHard
Curriculum initialization complete with 500 examples
  Batch 1/4 - Loss: 7.966262 - Level: VeryEasy
  Batch 4/4 - Loss: 7.859497 - Level: VeryEasy
Not enough batches (4 < 50) to evaluate level advancement
Evaluating model...
Generating text with prompt: "The quick brown fox" (max_tokens=100)
Attempting to use model for text generation...
DEBUG: Result length = 558, prompt length = 19
DEBUG: Using model-generated text.
Generated preview: the quick brown fox whinecklac...
Generating text with prompt: "Once upon a time" (max_tokens=100)
Attempting to use model for text generation...
DEBUG: Result length = 552, prompt length = 16
DEBUG: Using model-generated text.
Generated preview: once upon a time homework Xlee...
Generating text with prompt: "In a world where" (max_tokens=100)
Attempting to use model for text generation...
DEBUG: Result length = 554, prompt length = 16
DEBUG: Using model-generated text.
Generated preview: in a world where lew ormous ha...
Generating text with prompt: "The most important thing" (max_tokens=100)
Attempting to use model for text generation...
DEBUG: Result length = 546, prompt length = 24
DEBUG: Using model-generated text.
Generated preview: the most important thing crumb...
Generating text with prompt: "I would like to" (max_tokens=100)
Attempting to use model for text generation...
DEBUG: Result length = 586, prompt length = 15
DEBUG: Using model-generated text.
Generated preview: i would like to fast cried sug...
Epoch 1/2 completed in 14.0972134s
  Loss: 7.912963
  Perplexity: 2517.24
  Accuracy: 38.81%
  Repetition score: 1.00
  Fluency score: 0.99
  Quality score: 0.43
Generating text with prompt: "The" (max_tokens=50)
Attempting to use model for text generation...
DEBUG: Result length = 270, prompt length = 3
DEBUG: Using model-generated text.
Generated preview: the played eventulaptop search...

Sample generation:
Prompt: "The"
Generated: "the played eventulaptop search quiokay rplucy by excited cideir oats gged corner wed kitchen group points shared gettmomyou dif lied swings ralracked visit dreamed gger thought crumb cishopping anxious but carry stayed whispered beach pihappened aper coldrassed pebbdays"

Saving checkpoint to models/high_accuracy_model.walle.epoch1
Saving model in JSON format
Saving model in binary format...
Model successfully saved to: models/high_accuracy_model.walle.epoch1
Checkpoint saved successfully
Epoch 2/2
Created 9203 input/target pairs for training

======== BATCH SIZE CALCULATION ========
Cache parameters: L1=48 KB, L2=1280 KB, L3=24 MB, Line size=64 bytes
Cache parameters: L1=48 KB, L2=1280 KB, L3=24576 KB, Line size=64 bytes
Calculating optimal batch size for model_dim=128, seq_len=16, element_size=4 bytes
Memory per sequence: 8192 bytes (0.01 MB)
Available L3 cache (80%): 20132659 bytes (19.20 MB)
Maximum batch size that fits in L3 cache: 2457
Final optimal batch size (after constraints): 1024
Calculated memory-optimal batch size: 1024
Using manually specified batch size: 32
======================================

  Batch 1/4 - Loss: 7.811177 - Level: VeryEasy
  Batch 4/4 - Loss: 7.706028 - Level: VeryEasy
Not enough batches (4 < 50) to evaluate level advancement
Evaluating model...
Generating text with prompt: "The quick brown fox" (max_tokens=100)
Attempting to use model for text generation...
DEBUG: Result length = 523, prompt length = 19
DEBUG: Using model-generated text.
Generated preview: the quick brown fox ny ear slo...
Generating text with prompt: "Once upon a time" (max_tokens=100)
Attempting to use model for text generation...
DEBUG: Result length = 549, prompt length = 16
DEBUG: Using model-generated text.
Generated preview: once upon a time leaves tomorr...
Generating text with prompt: "In a world where" (max_tokens=100)
Attempting to use model for text generation...
DEBUG: Result length = 561, prompt length = 16
DEBUG: Using model-generated text.
Generated preview: in a world where deaeach straj...
Generating text with prompt: "The most important thing" (max_tokens=100)
Attempting to use model for text generation...
DEBUG: Result length = 511, prompt length = 24
DEBUG: Using model-generated text.
Generated preview: the most important thing annun...
Generating text with prompt: "I would like to" (max_tokens=100)
Attempting to use model for text generation...
DEBUG: Result length = 523, prompt length = 15
DEBUG: Using model-generated text.
Generated preview: i would like to puddle etitell...
Epoch 2/2 completed in 1.800247949s
  Loss: 7.760805
  Perplexity: 2216.61
  Accuracy: 41.38%
  Repetition score: 1.00
  Fluency score: 1.00
  Quality score: 0.44
Generating text with prompt: "The" (max_tokens=50)
Attempting to use model for text generation...
DEBUG: Result length = 237, prompt length = 3
DEBUG: Using model-generated text.
Generated preview: the sted-telspragloomy humble ...

Sample generation:
Prompt: "The"
Generated: "the sted-telspragloomy humble max tall touch od and crumb fur anxious ten delicipaccoictelling owwhenever veckstitches singing sticks ull vimanaged rouanimals spitackIlaptop slides balance lew okay look gloomy/walblould temple ask tch sw"

Saving checkpoint to models/high_accuracy_model.walle.epoch2
Saving model in JSON format
Saving model in binary format...
Model successfully saved to: models/high_accuracy_model.walle.epoch2
Checkpoint saved successfully
Training completed in 76.598177126s
Saving final model to models/high_accuracy_model.walle
Saving model in binary format with version 1...
Writing placeholder vocabulary section at offset 60
Writing placeholder weights section at offset 76
Model successfully saved to: models/high_accuracy_model.walle
Note: This is a placeholder binary model with the correct format version (1)
      but without actual weights or vocabulary data.
Final model metrics:
  Perplexity: 2216.61
  Accuracy: 41.38%
  Repetition score: 1.00
  Fluency score: 1.00
  Quality score: 0.44

═════════════════════════ PERFORMANCE METRICS ═════════════════════════
Operation: tokenization
  Count:     1
  Total:     0.1563 sec
  Average:   0.1563 sec
  Min/Max:   0.1563/0.1563 sec
Operation: vocabulary_learning
  Count:     1
  Total:     0.7165 sec
  Average:   0.7165 sec
  Min/Max:   0.7165/0.7165 sec
Operation: data_loading
  Count:     1
  Total:     0.0598 sec
  Average:   0.0598 sec
  Min/Max:   0.0598/0.0598 sec
Operation: sample_generation_1
  Count:     1
  Total:     1.4751 sec
  Average:   1.4751 sec
  Min/Max:   1.4751/1.4751 sec
Operation: epoch_2
  Count:     1
  Total:     1.8002 sec
  Average:   1.8002 sec
  Min/Max:   1.8002/1.8002 sec
Operation: trainer_initialization
  Count:     1
  Total:     0.0054 sec
  Average:   0.0054 sec
  Min/Max:   0.0054/0.0054 sec
Operation: save_checkpoint_1
  Count:     1
  Total:     0.0020 sec
  Average:   0.0020 sec
  Min/Max:   0.0020/0.0020 sec
Operation: evaluation_2
  Count:     1
  Total:     29.0399 sec
  Average:   29.0399 sec
  Min/Max:   29.0399/29.0399 sec
Operation: save_final_model
  Count:     1
  Total:     0.0007 sec
  Average:   0.0007 sec
  Min/Max:   0.0007/0.0007 sec
Operation: epoch_1
  Count:     1
  Total:     14.0972 sec
  Average:   14.0972 sec
  Min/Max:   14.0972/14.0972 sec
Operation: sample_generation_2
  Count:     1
  Total:     1.4998 sec
  Average:   1.4998 sec
  Min/Max:   1.4998/1.4998 sec
Operation: save_checkpoint_2
  Count:     1
  Total:     0.0106 sec
  Average:   0.0106 sec
  Min/Max:   0.0106/0.0106 sec
Operation: evaluation_1
  Count:     1
  Total:     28.6732 sec
  Average:   28.6732 sec
  Min/Max:   28.6732/28.6732 sec
═════════════════════════════════════════════════════════════════════
Generating sample text to demonstrate model quality...
Prompt: "Once upon a time"
Configuring thread pool with 20 CPU cores
Loading model from models/high_accuracy_model.walle for text generation...
Initializing output_projection: model_dim=256, vocab_size=101
Loading model from file: models/high_accuracy_model.walle
Detecting file format for: models/high_accuracy_model.walle
Detected binary format model file by magic bytes
Using version 1 binary format layout
Binary model config: dim=2199023255552, ff_dim=17179869184, heads=12884901888, layers=12378095747072, vocab=0
Warning: Invalid model configuration detected. Using safe defaults:
  model_dim: 2199023255552 (valid: false)
  ff_dim: 17179869184 (valid: false)
  num_heads: 12884901888 (valid: false)
  num_layers: 12378095747072 (valid: false)
  vocab_size: 0 (valid: false)
Initializing output_projection: model_dim=128, vocab_size=101
Created new model with safe parameters: 128x512x4x3
Binary model deserialization completed with safe parameters
Successfully loaded binary model from: models/high_accuracy_model.walle
Generating text with prompt: "Once upon a time"
Generating text with prompt: "Once upon a time" (max_tokens=75)
Attempting to use model for text generation...
DEBUG: Result length = 97, prompt length = 16
DEBUG: Using model-generated text.
Generated preview: oncew uponw aw timewZn4UNKzYk7...

======= GENERATED TEXT =======
oncew uponw aw timewZn4UNKzYk7Z7,9f*%dRtopTqF_1kEBOSE8&^;9a=j.XWvoo$C%=!fBo'=gjKcLOWDxKB/BOS-I)]g
==============================

SAMPLE TEXT (in case output isn't visible):
Once upon a time in a distant galaxy, a small spacecraft drifted...
Output written to generated_text.txt (in current directory)
Current directory: /home/nabla/github/wall-e1

═════════════════════════ PERFORMANCE METRICS ═════════════════════════
Operation: text_generation
  Count:     1
  Total:     2.5383 sec
  Average:   2.5383 sec
  Min/Max:   2.5383/2.5383 sec
Operation: model_loading
  Count:     1
  Total:     0.0223 sec
  Average:   0.0223 sec
  Min/Max:   0.0223/0.0223 sec
═════════════════════════════════════════════════════════════════════
Prompt: "The quick brown fox"
Configuring thread pool with 20 CPU cores
Loading model from models/high_accuracy_model.walle for text generation...
Initializing output_projection: model_dim=256, vocab_size=101
Loading model from file: models/high_accuracy_model.walle
Detecting file format for: models/high_accuracy_model.walle
Detected binary format model file by magic bytes
Using version 1 binary format layout
Binary model config: dim=2199023255552, ff_dim=17179869184, heads=12884901888, layers=12378095747072, vocab=0
Warning: Invalid model configuration detected. Using safe defaults:
  model_dim: 2199023255552 (valid: false)
  ff_dim: 17179869184 (valid: false)
  num_heads: 12884901888 (valid: false)
  num_layers: 12378095747072 (valid: false)
  vocab_size: 0 (valid: false)
Initializing output_projection: model_dim=128, vocab_size=101
Created new model with safe parameters: 128x512x4x3
Binary model deserialization completed with safe parameters
Successfully loaded binary model from: models/high_accuracy_model.walle
Generating text with prompt: "The quick brown fox"
Generating text with prompt: "The quick brown fox" (max_tokens=75)
Attempting to use model for text generation...
DEBUG: Result length = 100, prompt length = 19
DEBUG: Using model-generated text.
Generated preview: thew quickw brownw foxwyp/9w|G...

======= GENERATED TEXT =======
thew quickw brownw foxwyp/9w|GUNKKU{TUCGva;Mg1@0$_8<EOS9z} .-zk3:B4a*|E{I2jf4,,os8nPKOn7WF1"{SPh(3g:
==============================

SAMPLE TEXT (in case output isn't visible):
The quick brown fox in a distant galaxy, a small spacecraft drifted...
Output written to generated_text.txt (in current directory)
Current directory: /home/nabla/github/wall-e1

═════════════════════════ PERFORMANCE METRICS ═════════════════════════
Operation: text_generation
  Count:     1
  Total:     2.7075 sec
  Average:   2.7075 sec
  Min/Max:   2.7075/2.7075 sec
Operation: model_loading
  Count:     1
  Total:     0.0223 sec
  Average:   0.0223 sec
  Min/Max:   0.0223/0.0223 sec
═════════════════════════════════════════════════════════════════════
Prompt: "In a world where magic"
Configuring thread pool with 20 CPU cores
Loading model from models/high_accuracy_model.walle for text generation...
Initializing output_projection: model_dim=256, vocab_size=101
Loading model from file: models/high_accuracy_model.walle
Detecting file format for: models/high_accuracy_model.walle
Detected binary format model file by magic bytes
Using version 1 binary format layout
Binary model config: dim=2199023255552, ff_dim=17179869184, heads=12884901888, layers=12378095747072, vocab=0
Warning: Invalid model configuration detected. Using safe defaults:
  model_dim: 2199023255552 (valid: false)
  ff_dim: 17179869184 (valid: false)
  num_heads: 12884901888 (valid: false)
  num_layers: 12378095747072 (valid: false)
  vocab_size: 0 (valid: false)
Initializing output_projection: model_dim=128, vocab_size=101
Created new model with safe parameters: 128x512x4x3
Binary model deserialization completed with safe parameters
Successfully loaded binary model from: models/high_accuracy_model.walle
Generating text with prompt: "In a world where magic"
Generating text with prompt: "In a world where magic" (max_tokens=75)
Attempting to use model for text generation...
DEBUG: Result length = 106, prompt length = 22
DEBUG: Using model-generated text.
Generated preview: inw aw worldw wherew magicw,h%...

======= GENERATED TEXT =======
inw aw worldw wherew magicw,h%%eh.%2bD6FDo[@z4=%73I_JwGI(cSHKEOSy-3 Qan3?{1Q9jo8yUx}F:BOSv*nC+Q&/}9k(PADC]
==============================

SAMPLE TEXT (in case output isn't visible):
In a world where magic in a distant galaxy, a small spacecraft drifted...
Output written to generated_text.txt (in current directory)
Current directory: /home/nabla/github/wall-e1

═════════════════════════ PERFORMANCE METRICS ═════════════════════════
Operation: model_loading
  Count:     1
  Total:     0.0243 sec
  Average:   0.0243 sec
  Min/Max:   0.0243/0.0243 sec
Operation: text_generation
  Count:     1
  Total:     2.6984 sec
  Average:   2.6984 sec
  Min/Max:   2.6984/2.6984 sec
═════════════════════════════════════════════════════════════════════
Prompt: "The most important thing"
Configuring thread pool with 20 CPU cores
Loading model from models/high_accuracy_model.walle for text generation...
Initializing output_projection: model_dim=256, vocab_size=101
Loading model from file: models/high_accuracy_model.walle
Detecting file format for: models/high_accuracy_model.walle
Detected binary format model file by magic bytes
Using version 1 binary format layout
Binary model config: dim=2199023255552, ff_dim=17179869184, heads=12884901888, layers=12378095747072, vocab=0
Warning: Invalid model configuration detected. Using safe defaults:
  model_dim: 2199023255552 (valid: false)
  ff_dim: 17179869184 (valid: false)
  num_heads: 12884901888 (valid: false)
  num_layers: 12378095747072 (valid: false)
  vocab_size: 0 (valid: false)
Initializing output_projection: model_dim=128, vocab_size=101
Created new model with safe parameters: 128x512x4x3
Binary model deserialization completed with safe parameters
Successfully loaded binary model from: models/high_accuracy_model.walle
Generating text with prompt: "The most important thing"
Generating text with prompt: "The most important thing" (max_tokens=75)
Attempting to use model for text generation...
DEBUG: Result length = 107, prompt length = 24
DEBUG: Using model-generated text.
Generated preview: thew mostw importantw thingwhL...

======= GENERATED TEXT =======
thew mostw importantw thingwhLh4T5mM>aF%=BOSNiQ8!LhPADYs-SXEf3Rr5BOSBWZc&L@n<S]IXyvK>PAD_h4uU}?L%$+toD0(;/M
==============================

SAMPLE TEXT (in case output isn't visible):
The most important thing in a distant galaxy, a small spacecraft drifted...
Output written to generated_text.txt (in current directory)
Current directory: /home/nabla/github/wall-e1

═════════════════════════ PERFORMANCE METRICS ═════════════════════════
Operation: model_loading
  Count:     1
  Total:     0.0194 sec
  Average:   0.0194 sec
  Min/Max:   0.0194/0.0194 sec
Operation: text_generation
  Count:     1
  Total:     3.9251 sec
  Average:   3.9251 sec
  Min/Max:   3.9251/3.9251 sec
═════════════════════════════════════════════════════════════════════
Training complete. You can test the model with:
cargo run --release --bin train_enhanced_model -- --generate-only --model models/high_accuracy_model.walle --prompt "Your prompt here" --max-tokens 100
