Detected JSON format data file
Using quality-focused sampling: 500 high-quality stories
╔═════════════════════════════════════════════════════╗
║              STEP 1: DATA PREPARATION               ║
╚═════════════════════════════════════════════════════╝
Preprocessing disabled. Using original data.
╔═════════════════════════════════════════════════════╗
║          OPTIMIZED TRAINING CONFIGURATION           ║
╚═════════════════════════════════════════════════════╝
Model size: small
Model architecture: 128 dim, 4 heads, 3 layers
Feed-forward dimension: 512
Vocabulary size: 5000
Min token frequency: 2
Learning rate: 0.0001
Epochs: 2
Data sampling: quality (500 stories)
Curriculum examples: 100
Data preprocessing: false
Training data: data/tiny_stories_sample.json
Save path: models/high_accuracy_model.walle
Memory optimization: enabled
Checkpoint strategy: adaptive
Thread optimization: auto
Batch size: auto-calculated
CPU Cores: 20 (all available)
╔═════════════════════════════════════════════════════╗
║           BUILDING OPTIMIZED COMMAND                ║
╚═════════════════════════════════════════════════════╝
╔═════════════════════════════════════════════════════╗
║           STARTING OPTIMIZED TRAINING               ║
╚═════════════════════════════════════════════════════╝
Executing: cargo run --release --bin Wall-E -- data/tiny_stories_sample.json --model-dim 128 --ff-dim 512 --heads 4 --layers 3 --epochs 2 --vocab-size 5000 --min-freq 2 --save-path models/high_accuracy_model.walle --learning-rate 0.0001 --enable-skip --strong-anti-rep --json-format --stories 500 --perf-log true --curriculum-examples 100 --use-memory-opt --checkpoint-strategy adaptive
Using RAYON_NUM_THREADS=20
Detected 20 CPU cores
🔧 Setting WALL_E_DATA_THREADS to 14 for better parallelism (fixing low CPU usage)
Memory [startup]: VmSize:	    5704 kB
Memory [startup]: VmRSS:	    1568 kB

📊 DETAILED STARTUP TIMING 📊
⏳ Initializing thread pools...
Creating thread pool with 20 threads for general operations
  ✅ Global thread pool initialized with 20 threads (1.21ms)
🔹 Creating dedicated thread pool for 'matrix_multiply' operation with 19 threads
Creating thread pool with 19 threads for matrix_multiply operations
  ✅ Thread pool for 'matrix_multiply' initialized with 19 threads (1.23ms)
🔹 Creating dedicated thread pool for 'gradient_update' operation with 15 threads
Creating thread pool with 15 threads for gradient_update operations
  ✅ Thread pool for 'gradient_update' initialized with 15 threads (1.29ms)
Using WALL_E_DATA_THREADS=14 from environment
🔹 Creating dedicated thread pool for 'data_loading' operation with 14 threads
Creating thread pool with 14 threads for data_loading operations
  ✅ Thread pool for 'data_loading' initialized with 14 threads (736.84µs)
🔹 Creating dedicated thread pool for 'attention' operation with 19 threads
Creating thread pool with 19 threads for attention operations
  ✅ Thread pool for 'attention' initialized with 19 threads (1.88ms)
✅ Thread pools initialized in 6.38ms
⏳ Configuring memory allocator...
  ✅ Cache detection completed in 24.61µs
     L1=48 KB, L2=1280 KB, L3=24576 KB, Line size=64 bytes
Configuring memory allocator for CacheEfficient policy
Configuring memory allocator for cache line size: 64 bytes
Configured optimal tensor memory layouts (cache-friendly strides)
Pre-allocated memory for common tensor sizes
Memory policy set for optimal cache efficiency
Cache parameters: L1=48 KB, L2=1280 KB, L3=24576 KB, Line=64B
  ✅ Memory allocator configured in 20.57µs
  ✅ Memory bandwidth measured in 514.70ms: 8.13 GB/s
✅ Memory optimizations completed in 514.77ms
✅ Total initialization completed in 521.16ms

Memory and thread optimizations configured

🔄 STARTING APPLICATION SETUP 🔄
⏳ Parsing command line arguments...
  Processing 32 command line arguments
✅ Arguments parsed in 1.80µs
⏳ Configuring thread pool with 19 CPU cores

🔄 TRAINING SETUP PHASE 🔄
Training Configuration:
  Training data: data/tiny_stories_sample.json
  Data format: TinyStories JSON
  Max stories: 500
  Model dimension: 128
  FF dimension: 512
  Attention heads: 4
  Layers: 3
  Dropout rate: 0.1
  Learning rate: 0.0001
  Epochs: 2
  Curriculum learning: enabled
  Vocabulary size: 5000
  Min token frequency: 2
  Skip connections: enabled
  Strong anti-repetition: enabled
  Save path: models/high_accuracy_model.walle
  CPU threads: 19
  Performance logging: enabled

⏳ Reading training data (single-threaded operation)...
  🔄 Reading JSON file from data/tiny_stories_sample.json...
Found 58300 stories in JSON file
Will use 500 stories for training
Processed 500 stories, total text length: 446785 characters
  ✅ JSON data loaded in 65.17ms, 446785 characters
✅ Training data loaded in 65.21ms
Memory [after_data_loading]: VmSize:	 7223684 kB
Memory [after_data_loading]: VmRSS:	   62508 kB

⏳ Creating trainer...
Initializing enhanced model with configuration:
  model_dim: 128 (validated: 128)
  ff_dim: 512 (validated: 512)
  num_heads: 4 (validated: 4)
  num_layers: 3 (validated: 3)
  dropout_rate: 0.1
  learning_rate: 0.0001
Initializing output_projection: model_dim=128, vocab_size=101
  🔄 Configuring trainer options...
  ✅ Trainer options configured in 133.00ns
  🔄 Enabling memory optimization with gradient checkpointing...
Memory optimization enabled with gradient checkpointing
  🔄 Using adaptive checkpoint strategy
Gradient checkpointing strategy set to Adaptive
  ✅ Memory optimization configured in 1.85µs
Memory [after_memory_opt_enable]: VmSize:	 7223684 kB
Memory [after_memory_opt_enable]: VmRSS:	   62508 kB
✅ Trainer initialization completed in 5.17ms

⏳ Configuring strong anti-repetition mechanisms...
✅ Anti-repetition configured in 759.00ns

⏳ Enabling skip connections...
Enabling residual skip connections for improved gradient flow
Initializing output_projection: model_dim=128, vocab_size=101
Skip connections of type 'residual' enabled
✅ Skip connections enabled in 4.63ms

⏳ Learning tokenizer vocabulary (single-threaded operation)...
Analyzing text for vocabulary...
Parallel vocabulary analysis: processing 45 chunks
Starting parallel vocabulary learning with 45 chunks
Using global thread pool with 20 threads
Word counting completed in 15.58ms, found 3480 unique words
Learning up to 4899 merges to reach vocab size 5000
  Learned 1 merges (0.0%) in 979.25µs...
  Learned 1001 merges (20.4%) in 668.34ms...
  Learned 2001 merges (40.8%) in 1.19s...
  Learned 3001 merges (61.3%) in 1.52s...
  Learned 4001 merges (81.7%) in 1.68s...
Parallel BPE learning completed in 1.70s, vocabulary size: 4177
Learned 4077 merge operations
Tokenizer vocabulary learned: 4177 tokens (from requested max: 5000)
Initializing output_projection: model_dim=128, vocab_size=4177
Resizing output projection to match vocabulary size: 4177
Vocabulary learning completed in 1.71s
✅ Tokenizer vocabulary learned in 1.71s

⏳ Splitting training/validation data...
✅ Data split in 5.19µs: 402106 characters for training, 44679 for validation

⏳ Setting up curriculum learning...

⏳ Tokenizing data (single-threaded operation)...
  🔄 Tokenizing training data (402106 characters)...
  ✅ Training data tokenized in 380.67ms: 176499 tokens
  🔄 Tokenizing validation data (44679 characters)...
  ✅ Validation data tokenized in 45.06ms: 19428 tokens
✅ All data tokenized in 425.79ms
Memory [after_tokenization]: VmSize:	 7223684 kB
Memory [after_tokenization]: VmRSS:	   69060 kB

⏳ Preparing validation dataset...
    🔄 Configuring thread pool for validation data preparation...
Hardware: 10 physical cores, 20 logical cores
Measured memory bandwidth: 8.24 GB/s
Data loading thread calculation: recommended=5, min=4, max=15, final=5
    ✅ Using 5 threads for validation data preparation
🔸 Reusing existing thread pool for 'data_loading' operation
    ✅ Using thread pool with 14 threads for validation data
✅ Validation data prepared in 500.75ms: 2124 examples

✅ TRAINING SETUP COMPLETED in 2.71s
Starting training for 2 epochs...

🔄 BEGINNING TRAINING PROCESS 🔄

⏳ EPOCH 1/2 STARTING
  🔄 Training on 176499 tokens
  ⌛ Running train_epoch - this initial setup might be single-threaded momentarily...
Memory [train_epoch_start]: VmSize:	 7223684 kB
Memory [train_epoch_start]: VmRSS:	   70172 kB
    🔍 TRAIN EPOCH DETAILED LOGGING
    ⏳ Preparing sliding windows...
    🔄 Enabling memory optimization with gradient checkpointing
Memory optimization enabled with gradient checkpointing
Gradient checkpointing strategy set to Uniform
    ✅ Memory optimization enabled in 1.81µs
Memory [after_memory_opt_enable]: VmSize:	 7223684 kB
Memory [after_memory_opt_enable]: VmRSS:	   70172 kB
    🔄 Configuring thread pool for data preparation...
Hardware: 10 physical cores, 20 logical cores
Measured memory bandwidth: 8.00 GB/s
Data loading thread calculation: recommended=5, min=4, max=15, final=5
🔸 Reusing existing thread pool for 'data_loading' operation
Configured dedicated thread pool with 14 threads for data_loading operations
    ✅ Data loading thread pool configured with 5 threads in 488.77ms
    🔄 Creating input/target pairs for training...
    🔄 Calculating sliding window positions...
    ✅ Will create 22061 sliding windows in parallel
    ⚠️ Using direct thread work allocation to avoid deadlocks
    🔄 Creating 22061 input/target pairs directly
    📊 Processing 11 chunks with size 2206 each
🧵 Thread window-processor-0 started processing 2206 windows
    🧵 Thread window-processor-0 processed 10/2206 windows
    🧵 Thread window-processor-0 processed 110/2206 windows
    🧵 Thread window-processor-0 processed 210/2206 windows
    🧵 Thread window-processor-0 processed 310/2206 windows
    🧵 Thread window-processor-0 processed 410/2206 windows
    🧵 Thread window-processor-0 processed 510/2206 windows
    🧵 Thread window-processor-0 processed 610/2206 windows
    🧵 Thread window-processor-0 processed 710/2206 windows
    🧵 Thread window-processor-0 processed 810/2206 windows
    🧵 Thread window-processor-0 processed 910/2206 windows
🧵 Thread window-processor-1 started processing 2206 windows
🧵 Thread window-processor-2 started processing 2206 windows
    🧵 Thread window-processor-2 processed 50/2206 windows
    🧵 Thread window-processor-0 processed 980/2206 windows
    🧵 Thread window-processor-1 processed 100/2206 windows
    🧵 Thread window-processor-2 processed 200/2206 windows
    🧵 Thread window-processor-2 processed 300/2206 windows
    🧵 Thread window-processor-2 processed 400/2206 windows
    🧵 Thread window-processor-2 processed 450/2206 windows
    🧵 Thread window-processor-0 processed 1120/2206 windows
    🧵 Thread window-processor-1 processed 140/2206 windows
    🧵 Thread window-processor-2 processed 520/2206 windows
    🧵 Thread window-processor-1 processed 240/2206 windows
    🧵 Thread window-processor-1 processed 330/2206 windows
    🧵 Thread window-processor-1 processed 430/2206 windows
    🧵 Thread window-processor-1 processed 530/2206 windows
    🧵 Thread window-processor-2 processed 610/2206 windows
    🧵 Thread window-processor-2 processed 710/2206 windows
    🧵 Thread window-processor-2 processed 810/2206 windows
    🧵 Thread window-processor-2 processed 910/2206 windows
🧵 Thread window-processor-3 started processing 2206 windows
    🧵 Thread window-processor-2 processed 1010/2206 windows
    🧵 Thread window-processor-3 processed 70/2206 windows
    🧵 Thread window-processor-3 processed 170/2206 windows
    🧵 Thread window-processor-3 processed 270/2206 windows
    🧵 Thread window-processor-0 processed 1290/2206 windows
    🧵 Thread window-processor-1 processed 570/2206 windows
    🧵 Thread window-processor-0 processed 1420/2206 windows
🧵 Thread window-processor-4 started processing 2206 windows
    🧵 Thread window-processor-4 processed 80/2206 windows
    🧵 Thread window-processor-4 processed 180/2206 windows
    🧵 Thread window-processor-4 processed 280/2206 windows
    🧵 Thread window-processor-2 processed 1110/2206 windows
    🧵 Thread window-processor-2 processed 1210/2206 windows
    🧵 Thread window-processor-0 processed 1470/2206 windows
    🧵 Thread window-processor-0 processed 1530/2206 windows
    🧵 Thread window-processor-3 processed 430/2206 windows
    🧵 Thread window-processor-2 processed 1370/2206 windows
🧵 Thread window-processor-5 started processing 2206 windows
    🧵 Thread window-processor-5 processed 20/2206 windows
🧵 Thread window-processor-6 started processing 2206 windows
    🧵 Thread window-processor-6 processed 40/2206 windows
    🧵 Thread window-processor-6 processed 140/2206 windows
    🧵 Thread window-processor-6 processed 240/2206 windows
    🧵 Thread window-processor-2 processed 1390/2206 windows
    🧵 Thread window-processor-3 processed 470/2206 windows
    🧵 Thread window-processor-3 processed 530/2206 windows
    🧵 Thread window-processor-2 processed 1400/2206 windows
🧵 Thread window-processor-7 started processing 2206 windows
    🧵 Thread window-processor-7 processed 20/2206 windows
    🧵 Thread window-processor-1 processed 780/2206 windows
    🧵 Thread window-processor-1 processed 880/2206 windows
🧵 Thread window-processor-8 started processing 2206 windows
    🧵 Thread window-processor-8 processed 20/2206 windows
    🧵 Thread window-processor-8 processed 40/2206 windows
    🧵 Thread window-processor-7 processed 170/2206 windows
    🧵 Thread window-processor-4 processed 490/2206 windows
🧵 Thread window-processor-9 started processing 2206 windows
    🧵 Thread window-processor-9 processed 60/2206 windows
    🧵 Thread window-processor-3 processed 660/2206 windows
    🧵 Thread window-processor-1 processed 930/2206 windows
    🧵 Thread window-processor-2 processed 1440/2206 windows
    🧵 Thread window-processor-4 processed 570/2206 windows
    🧵 Thread window-processor-1 processed 970/2206 windows
    🧵 Thread window-processor-1 processed 1050/2206 windows
    🧵 Thread window-processor-0 processed 1710/2206 windows
    🧵 Thread window-processor-3 processed 730/2206 windows
🧵 Thread window-processor-10 started processing 1 windows
    ✅ Thread window-processor-10 completed in 639.00ns - added 1 windows to the result set
    ✅ Thread window-processor-0 completed in 6.03ms - added 2206 windows to the result set
    ✅ Thread window-processor-1 completed in 7.39ms - added 2206 windows to the result set
    ✅ Thread window-processor-2 completed in 7.81ms - added 2206 windows to the result set
    ✅ Thread window-processor-6 completed in 8.75ms - added 2206 windows to the result set
    ✅ Thread window-processor-9 completed in 7.52ms - added 2206 windows to the result set
    ✅ Thread window-processor-5 completed in 9.39ms - added 2206 windows to the result set
    ✅ Thread window-processor-4 completed in 9.98ms - added 2206 windows to the result set
    ✅ Thread window-processor-3 completed in 10.89ms - added 2206 windows to the result set
    ✅ Thread window-processor-8 completed in 8.62ms - added 2206 windows to the result set
    ✅ Thread window-processor-7 completed in 8.86ms - added 2206 windows to the result set
    🧵 Threads still working: 0, Progress: 6140/22061
    ✅ Created 22061 input/target pairs in 109.28ms
    📊 Cache parameters: L1=48 KB, L2=1280 KB, L3=24576 KB, Line size=64 bytes
    💻 CPU cores: 20 logical, 10 physical
    🔄 Configuring thread pool for gradient updates...
Hardware: 10 physical cores, 20 logical cores
Measured memory bandwidth: 8.16 GB/s
Estimated bandwidth per thread: 0.00 GB/s
Thread count calculation: bandwidth_limit=5531, compute_limit=12, adjusted=6, final=6
🔸 Reusing existing thread pool for 'gradient_update' operation
Configured dedicated thread pool with 15 threads for gradient_update operations
    ✅ Using 6 threads for gradient processing (configured in 484.18ms)
    🧮 Calculating optimal batch size...
Cache parameters: L1=48 KB, L2=1280 KB, L3=24576 KB, Line size=64 bytes
Calculating optimal batch size for model_dim=128, seq_len=16, element_size=4 bytes
Memory per sequence: 8192 bytes (0.01 MB)
Available L3 cache (80%): 20132659 bytes (19.20 MB)
Maximum batch size that fits in L3 cache: 2457
Final optimal batch size (after constraints): 1024
Calculated memory-optimal batch size: 1024
    ✅ Batch size calculation completed in 63.36µs
      📊 Hardware-optimal batch size: 1024
      📊 Dataset-constrained batch size: 1024
      📊 Using batch size: 1024
    📊 Expected number of batches: 22
    🔄 Shuffling data indices directly...
    ✅ Indices shuffled in 148.64µs
    🔄 Creating batches from shuffled indices...
    ✅ Created 22 batches in 23.67µs

    🔄 BEGINNING BATCH PROCESSING (SEQUENTIAL)
    🚀 Using robust batch-level parallelism with work stealing
    🧵 Using 6 worker threads for batch processing
    💻 Enabling SIMD optimizations for matrix operations
    🔍 Detected CPU SIMD features: ["SSE2", "AVX", "AVX2"]
    ✅ SIMD optimization enabled: true
Initializing enhanced model with configuration:
  model_dim: 128 (validated: 128)
  ff_dim: 512 (validated: 512)
  num_heads: 4 (validated: 4)
  num_layers: 2 (validated: 2)
  dropout_rate: 0.1
  learning_rate: 0.0001
Initializing output_projection: model_dim=128, vocab_size=101
Initializing enhanced model with configuration:
  model_dim: 128 (validated: 128)
  ff_dim: 512 (validated: 512)
  num_heads: 4 (validated: 4)
  num_layers: 2 (validated: 2)
  dropout_rate: 0.1
  learning_rate: 0.0001
Initializing output_projection: model_dim=128, vocab_size=101
Initializing enhanced model with configuration:
  model_dim: 128 (validated: 128)
  ff_dim: 512 (validated: 512)
  num_heads: 4 (validated: 4)
  num_layers: 2 (validated: 2)
  dropout_rate: 0.1
  learning_rate: 0.0001
Initializing output_projection: model_dim=128, vocab_size=101
Initializing enhanced model with configuration:
  model_dim: 128 (validated: 128)
  ff_dim: 512 (validated: 512)
  num_heads: 4 (validated: 4)
  num_layers: 2 (validated: 2)
  dropout_rate: 0.1
  learning_rate: 0.0001
Initializing output_projection: model_dim=128, vocab_size=101
Initializing enhanced model with configuration:
  model_dim: 128 (validated: 128)
  ff_dim: 512 (validated: 512)
  num_heads: 4 (validated: 4)
  num_layers: 2 (validated: 2)
  dropout_rate: 0.1
  learning_rate: 0.0001
Initializing output_projection: model_dim=128, vocab_size=101
Initializing enhanced model with configuration:
  model_dim: 128 (validated: 128)
  ff_dim: 512 (validated: 512)
  num_heads: 4 (validated: 4)
  num_layers: 2 (validated: 2)
  dropout_rate: 0.1
  learning_rate: 0.0001
Initializing output_projection: model_dim=128, vocab_size=101
    ✅ Created 6 trainer clones for parallel batch processing
    🧵 Thread batch-worker-0 started for batch processing
🔸 Reusing existing thread pool for 'data_loading' operation
Data loading with 14 threads
    🧵 Thread batch-worker-2 started for batch processing
🔄 Thread batch-worker-2 assigned batch 20. Remaining: 20/22
🔸 Reusing existing thread pool for 'data_loading' operation
Data loading with 14 threads
Processing 14 chunks across 14 threads
    🧵 Thread batch-worker-1 started for batch processing
🔸 Reusing existing thread pool for 'data_loading' operation
Data loading with 14 threads
    🧵 Thread batch-worker-4 started for batch processing
🔸 Reusing existing thread pool for 'data_loading' operation
Data loading with 14 threads
    🧵 Thread batch-worker-5 started for batch processing
🔸 Reusing existing thread pool for 'data_loading' operation
Data loading with 14 threads
    🧵 Thread batch-worker-3 started for batch processing
🔸 Reusing existing thread pool for 'data_loading' operation
Data loading with 14 threads
Batch prep timing: total=3ms (collect=0ms, min_len=0ms, truncate=1ms, targets=0ms)
    🔄 Thread batch-worker-0 starting train_step for batch 21
Initializing enhanced model with configuration:
  model_dim: 128 (validated: 128)
  ff_dim: 512 (validated: 512)
  num_heads: 4 (validated: 4)
  num_layers: 2 (validated: 2)
  dropout_rate: 0.1
  learning_rate: 0.0001
Processing 16 chunks across 14 threads
Batch prep timing: total=5ms (collect=0ms, min_len=0ms, truncate=0ms, targets=0ms)
    🔄 Thread batch-worker-2 starting train_step for batch 20
Initializing enhanced model with configuration:
  model_dim: 128 (validated: 128)
  ff_dim: 512 (validated: 512)
  num_heads: 4 (validated: 4)
  num_layers: 2 (validated: 2)
  dropout_rate: 0.1
  learning_rate: 0.0001
Processing 16 chunks across 14 threads
Initializing output_projection: model_dim=128, vocab_size=101
Batch prep timing: total=8ms (collect=0ms, min_len=0ms, truncate=1ms, targets=0ms)
    🔄 Thread batch-worker-1 starting train_step for batch 19
Processing 16 chunks across 14 threads
Initializing enhanced model with configuration:
  model_dim: 128 (validated: 128)
  ff_dim: 512 (validated: 512)
  num_heads: 4 (validated: 4)
  num_layers: 2 (validated: 2)
  dropout_rate: 0.1
  learning_rate: 0.0001
🧵 Thread ThreadId(126) state: Idle -> PreparingBatch (after 85ns)
🧵 Thread ThreadId(126) state: PreparingBatch -> ResizingVocabulary (after 10.28µs)
⚠️ TARGET ID ISSUE DETECTED:
  Current output layer size: 101
  Maximum valid target ID: 100
  Maximum ID in batch: 4165
  Unique out-of-range IDs in batch: [105, 106, 107, 108, 110, 111, 113, 115, 116, 118, 119, 122, 125, 126, 128, 130, 132, 135, 139, 141, 144, 145, 146, 147, 148, 150, 151, 152, 153, 154, 156, 158, 161, 164, 165, 168, 169, 170, 174, 175, 176, 178, 180, 186, 188, 189, 191, 192, 193, 194, 195, 198, 199, 200, 204, 205, 207, 209, 211, 214, 217, 219, 222, 225, 227, 231, 234, 236, 237, 238, 240, 241, 243, 244, 245, 248, 251, 257, 264, 265, 266, 267, 270, 271, 272, 273, 274, 275, 276, 277, 278, 280, 281, 282, 283, 284, 285, 286, 290, 291, 296, 298, 300, 301, 302, 306, 307, 308, 312, 315, 318, 320, 321, 323, 324, 325, 326, 327, 328, 331, 333, 334, 335, 336, 337, 338, 340, 343, 345, 346, 348, 352, 353, 356, 357, 358, 359, 361, 362, 364, 365, 366, 367, 368, 369, 371, 372, 373, 374, 376, 377, 380, 383, 385, 386, 387, 388, 390, 392, 394, 395, 397, 399, 400, 401, 406, 407, 410, 417, 418, 420, 421, 422, 423, 424, 426, 427, 429, 430, 431, 435, 436, 437, 439, 440, 441, 442, 446, 447, 448, 449, 452, 455, 457, 458, 463, 464, 465, 467, 468, 470, 471, 472, 473, 476, 477, 478, 479, 480, 482, 484, 486, 490, 495, 497, 498, 502, 503, 504, 508, 510, 512, 515, 516, 517, 518, 519, 521, 524, 526, 527, 533, 534, 537, 538, 539, 540, 543, 545, 547, 550, 551, 558, 559, 560, 561, 562, 563, 566, 569, 571, 572, 575, 576, 577, 582, 583, 587, 589, 591, 594, 595, 596, 598, 600, 601, 602, 604, 606, 607, 608, 609, 610, 611, 614, 616, 619, 622, 624, 627, 630, 631, 632, 633, 634, 636, 641, 642, 645, 649, 650, 651, 654, 655, 656, 657, 658, 660, 671, 675, 676, 678, 680, 681, 682, 683, 684, 685, 687, 689, 691, 693, 697, 698, 699, 701, 702, 704, 706, 708, 711, 715, 716, 723, 726, 727, 729, 734, 735, 736, 737, 738, 741, 742, 743, 744, 746, 747, 748, 749, 751, 752, 753, 754, 755, 756, 758, 760, 762, 763, 764, 767, 768, 770, 772, 773, 774, 775, 776, 778, 782, 783, 785, 787, 788, 794, 795, 796, 797, 799, 800, 801, 807, 810, 811, 813, 814, 817, 819, 822, 823, 824, 825, 826, 828, 829, 831, 833, 836, 838, 843, 845, 847, 853, 854, 858, 859, 860, 861, 863, 865, 866, 867, 868, 869, 870, 872, 873, 876, 877, 879, 882, 884, 885, 886, 888, 892, 893, 899, 900, 901, 902, 903, 904, 905, 906, 908, 912, 914, 915, 916, 917, 918, 919, 922, 924, 927, 929, 933, 937, 938, 939, 940, 941, 942, 943, 944, 947, 952, 953, 955, 956, 960, 962, 963, 964, 968, 969, 970, 972, 974, 979, 980, 981, 982, 983, 984, 986, 988, 990, 991, 992, 993, 994, 995, 996, 1000, 1001, 1002, 1004, 1007, 1010, 1013, 1017, 1018, 1019, 1020, 1021, 1022, 1025, 1026, 1027, 1028, 1031, 1032, 1033, 1038, 1039, 1041, 1042, 1043, 1044, 1045, 1048, 1051, 1052, 1055, 1056, 1057, 1058, 1059, 1060, 1064, 1066, 1067, 1069, 1070, 1071, 1074, 1075, 1076, 1077, 1078, 1082, 1083, 1086, 1087, 1090, 1091, 1093, 1094, 1095, 1096, 1097, 1098, 1099, 1100, 1102, 1104, 1106, 1107, 1109, 1110, 1112, 1114, 1115, 1116, 1118, 1120, 1121, 1123, 1124, 1126, 1132, 1134, 1136, 1137, 1138, 1141, 1142, 1143, 1145, 1147, 1149, 1151, 1152, 1154, 1155, 1161, 1163, 1168, 1169, 1172, 1173, 1174, 1175, 1177, 1181, 1183, 1187, 1188, 1189, 1190, 1191, 1194, 1196, 1197, 1202, 1205, 1207, 1208, 1209, 1211, 1212, 1213, 1215, 1216, 1222, 1226, 1229, 1230, 1232, 1233, 1234, 1240, 1242, 1243, 1246, 1247, 1248, 1249, 1254, 1255, 1259, 1260, 1261, 1265, 1268, 1269, 1270, 1273, 1278, 1279, 1280, 1281, 1282, 1283, 1286, 1287, 1288, 1290, 1292, 1294, 1296, 1301, 1302, 1305, 1307, 1311, 1312, 1314, 1316, 1317, 1318, 1323, 1324, 1325, 1326, 1327, 1328, 1333, 1335, 1338, 1339, 1342, 1343, 1347, 1352, 1353, 1356, 1357, 1360, 1361, 1362, 1364, 1366, 1369, 1371, 1374, 1375, 1377, 1380, 1382, 1384, 1387, 1388, 1392, 1394, 1401, 1404, 1405, 1406, 1407, 1408, 1409, 1410, 1411, 1412, 1416, 1417, 1418, 1421, 1425, 1426, 1434, 1446, 1447, 1449, 1451, 1453, 1454, 1455, 1456, 1457, 1461, 1466, 1467, 1469, 1473, 1474, 1477, 1478, 1484, 1487, 1488, 1489, 1492, 1493, 1495, 1498, 1500, 1501, 1502, 1505, 1508, 1510, 1511, 1513, 1517, 1521, 1524, 1525, 1527, 1529, 1533, 1537, 1538, 1540, 1541, 1543, 1549, 1550, 1551, 1555, 1557, 1560, 1562, 1565, 1567, 1569, 1570, 1571, 1574, 1580, 1582, 1584, 1586, 1588, 1591, 1595, 1596, 1598, 1600, 1601, 1602, 1603, 1604, 1607, 1608, 1609, 1612, 1613, 1614, 1616, 1620, 1621, 1623, 1624, 1625, 1628, 1638, 1640, 1645, 1648, 1649, 1650, 1651, 1656, 1658, 1662, 1665, 1666, 1667, 1669, 1671, 1672, 1674, 1676, 1677, 1680, 1681, 1686, 1687, 1697, 1698, 1703, 1708, 1709, 1710, 1712, 1713, 1714, 1718, 1719, 1722, 1724, 1726, 1731, 1733, 1734, 1736, 1737, 1743, 1744, 1746, 1748, 1749, 1750, 1752, 1753, 1758, 1759, 1761, 1762, 1765, 1768, 1771, 1775, 1777, 1781, 1784, 1786, 1788, 1789, 1790, 1794, 1795, 1796, 1803, 1807, 1813, 1816, 1817, 1819, 1820, 1825, 1835, 1836, 1839, 1840, 1841, 1843, 1844, 1848, 1849, 1853, 1854, 1857, 1862, 1867, 1870, 1871, 1879, 1883, 1885, 1887, 1892, 1895, 1899, 1900, 1902, 1903, 1908, 1909, 1917, 1918, 1919, 1921, 1932, 1936, 1940, 1942, 1943, 1947, 1950, 1952, 1958, 1966, 1970, 1976, 1977, 1978, 1982, 2000, 2001, 2003, 2010, 2011, 2016, 2017, 2019, 2026, 2027, 2030, 2031, 2032, 2037, 2038, 2051, 2055, 2059, 2066, 2068, 2069, 2071, 2073, 2075, 2086, 2087, 2092, 2099, 2104, 2110, 2112, 2113, 2115, 2116, 2117, 2124, 2128, 2130, 2133, 2136, 2137, 2138, 2139, 2141, 2142, 2143, 2148, 2150, 2151, 2152, 2153, 2154, 2156, 2157, 2158, 2162, 2166, 2176, 2180, 2181, 2182, 2183, 2184, 2185, 2195, 2201, 2202, 2208, 2210, 2211, 2212, 2213, 2217, 2222, 2225, 2226, 2230, 2235, 2241, 2242, 2243, 2245, 2247, 2249, 2253, 2256, 2261, 2262, 2265, 2266, 2267, 2270, 2272, 2274, 2279, 2289, 2292, 2297, 2303, 2304, 2307, 2308, 2310, 2312, 2314, 2315, 2316, 2318, 2319, 2320, 2323, 2324, 2327, 2334, 2335, 2336, 2338, 2339, 2341, 2343, 2349, 2350, 2351, 2366, 2368, 2373, 2376, 2381, 2385, 2394, 2396, 2397, 2402, 2405, 2406, 2407, 2408, 2412, 2426, 2428, 2433, 2442, 2450, 2453, 2454, 2455, 2457, 2458, 2468, 2469, 2478, 2480, 2482, 2483, 2484, 2487, 2494, 2495, 2503, 2504, 2505, 2506, 2510, 2516, 2530, 2536, 2540, 2542, 2545, 2546, 2548, 2552, 2563, 2565, 2570, 2574, 2585, 2590, 2596, 2612, 2616, 2646, 2647, 2649, 2660, 2667, 2668, 2670, 2678, 2681, 2687, 2688, 2693, 2694, 2697, 2698, 2705, 2711, 2715, 2719, 2722, 2725, 2730, 2734, 2739, 2740, 2743, 2744, 2747, 2749, 2754, 2757, 2758, 2762, 2766, 2770, 2773, 2775, 2776, 2777, 2778, 2779, 2780, 2794, 2811, 2817, 2819, 2833, 2838, 2850, 2854, 2878, 2882, 2889, 2897, 2902, 2904, 2909, 2910, 2911, 2912, 2914, 2924, 2937, 2939, 2944, 2951, 2952, 2954, 2959, 2962, 2965, 2966, 2973, 2977, 2990, 2992, 3002, 3005, 3007, 3008, 3014, 3020, 3022, 3025, 3027, 3030, 3034, 3035, 3036, 3040, 3044, 3050, 3053, 3054, 3055, 3063, 3068, 3077, 3080, 3085, 3093, 3097, 3099, 3100, 3101, 3102, 3114, 3119, 3121, 3144, 3147, 3155, 3161, 3179, 3188, 3195, 3199, 3203, 3213, 3251, 3254, 3263, 3265, 3266, 3273, 3274, 3280, 3281, 3289, 3299, 3304, 3316, 3318, 3324, 3328, 3331, 3332, 3335, 3342, 3344, 3352, 3360, 3370, 3380, 3381, 3384, 3390, 3391, 3397, 3399, 3401, 3404, 3405, 3409, 3411, 3418, 3425, 3431, 3432, 3435, 3440, 3443, 3445, 3446, 3447, 3455, 3460, 3465, 3468, 3479, 3489, 3499, 3502, 3509, 3515, 3521, 3522, 3527, 3554, 3560, 3561, 3575, 3577, 3583, 3588, 3629, 3633, 3644, 3684, 3690, 3709, 3718, 3719, 3721, 3733, 3742, 3745, 3746, 3756, 3761, 3772, 3784, 3802, 3826, 3830, 3883, 3892, 3893, 3894, 3912, 3913, 3922, 3923, 3932, 3943, 3944, 3947, 3951, 3956, 3958, 3966, 3971, 3982, 4010, 4023, 4026, 4046, 4049, 4050, 4055, 4058, 4065, 4066, 4083, 4084, 4098, 4109, 4110, 4111, 4112, 4118, 4135, 4138, 4139, 4146, 4159, 4165]
  Output projection dimensions: [128, 101]
🔄 Auto-resizing output layer: 101 -> 5000
Resizing output layer from 101 to 5000 tokens
Initializing output_projection: model_dim=128, vocab_size=101
Batch prep timing: total=12ms (collect=0ms, min_len=0ms, truncate=1ms, targets=0ms)
    🔄 Thread batch-worker-4 starting train_step for batch 18
Processing 16 chunks across 14 threads
Initializing enhanced model with configuration:
  model_dim: 128 (validated: 128)
  ff_dim: 512 (validated: 512)
  num_heads: 4 (validated: 4)
  num_layers: 2 (validated: 2)
  dropout_rate: 0.1
  learning_rate: 0.0001
Batch prep timing: total=16ms (collect=0ms, min_len=0ms, truncate=1ms, targets=1ms)
    🔄 Thread batch-worker-5 starting train_step for batch 17
Processing 16 chunks across 14 threads
Output layer successfully resized to vocabulary size 5000
✅ Output layer successfully resized to 5000
🧵 Thread ThreadId(126) state: ResizingVocabulary -> ForwardPass (after 8.080356ms)
🧵 Thread ThreadId(127) state: Idle -> PreparingBatch (after 80ns)
🧵 Thread ThreadId(127) state: PreparingBatch -> ResizingVocabulary (after 34.89µs)
⚠️ TARGET ID ISSUE DETECTED:
  Current output layer size: 101
  Maximum valid target ID: 100
  Maximum ID in batch: 4161
  Unique out-of-range IDs in batch: [105, 107, 108, 110, 113, 114, 115, 116, 117, 118, 119, 120, 121, 122, 125, 126, 127, 128, 130, 132, 135, 136, 139, 144, 145, 146, 148, 150, 151, 153, 159, 162, 164, 168, 170, 171, 175, 176, 178, 180, 182, 186, 189, 191, 193, 194, 195, 196, 198, 200, 207, 209, 211, 214, 217, 219, 225, 227, 228, 233, 234, 236, 237, 238, 239, 241, 243, 245, 246, 248, 251, 253, 255, 257, 258, 266, 270, 272, 273, 274, 275, 278, 280, 282, 283, 284, 285, 286, 289, 291, 295, 298, 300, 301, 302, 306, 307, 308, 312, 315, 317, 318, 320, 322, 323, 325, 326, 327, 328, 330, 331, 333, 337, 338, 340, 342, 343, 345, 346, 348, 352, 353, 356, 357, 358, 359, 361, 362, 364, 365, 366, 367, 368, 369, 371, 372, 373, 374, 376, 377, 379, 383, 385, 387, 390, 394, 395, 397, 401, 402, 407, 408, 410, 413, 417, 418, 420, 421, 422, 423, 424, 426, 427, 429, 430, 431, 435, 437, 440, 441, 442, 446, 447, 448, 452, 455, 457, 458, 463, 464, 467, 468, 470, 471, 473, 476, 477, 478, 479, 480, 482, 486, 490, 495, 497, 498, 502, 503, 504, 507, 508, 510, 512, 516, 517, 518, 519, 521, 524, 526, 527, 533, 534, 537, 538, 539, 540, 541, 543, 545, 547, 551, 558, 559, 561, 562, 563, 566, 569, 571, 572, 575, 576, 582, 587, 589, 591, 595, 596, 597, 598, 600, 601, 604, 606, 607, 608, 609, 610, 611, 616, 619, 622, 623, 624, 625, 627, 632, 633, 634, 636, 641, 642, 649, 650, 651, 654, 655, 657, 660, 664, 675, 676, 678, 680, 681, 682, 683, 684, 685, 687, 689, 691, 693, 697, 698, 699, 701, 702, 703, 704, 706, 711, 716, 727, 729, 731, 734, 735, 737, 738, 741, 742, 743, 744, 747, 748, 749, 751, 752, 753, 754, 755, 756, 760, 762, 764, 767, 768, 770, 772, 774, 775, 776, 778, 782, 783, 787, 790, 795, 796, 797, 799, 800, 801, 807, 810, 811, 813, 817, 819, 823, 824, 825, 826, 828, 831, 833, 834, 836, 838, 843, 847, 853, 856, 858, 860, 861, 865, 867, 868, 869, 870, 872, 873, 876, 877, 879, 880, 882, 884, 886, 888, 892, 893, 899, 900, 901, 903, 904, 906, 908, 910, 912, 914, 915, 916, 917, 918, 919, 920, 922, 924, 927, 929, 937, 938, 942, 943, 947, 951, 952, 955, 956, 959, 963, 967, 969, 972, 974, 976, 980, 981, 984, 986, 988, 990, 992, 993, 994, 995, 996, 1000, 1001, 1002, 1007, 1017, 1018, 1020, 1021, 1022, 1024, 1026, 1027, 1028, 1029, 1031, 1032, 1033, 1035, 1039, 1041, 1042, 1043, 1044, 1045, 1047, 1050, 1051, 1055, 1057, 1060, 1063, 1065, 1067, 1071, 1072, 1074, 1075, 1076, 1077, 1078, 1082, 1083, 1086, 1087, 1090, 1091, 1093, 1098, 1099, 1100, 1102, 1110, 1112, 1115, 1116, 1120, 1126, 1132, 1136, 1137, 1138, 1140, 1141, 1149, 1152, 1154, 1161, 1163, 1168, 1170, 1172, 1174, 1175, 1180, 1187, 1189, 1190, 1195, 1196, 1199, 1202, 1208, 1209, 1210, 1212, 1213, 1214, 1215, 1216, 1220, 1222, 1223, 1226, 1229, 1232, 1233, 1234, 1238, 1239, 1242, 1243, 1247, 1248, 1252, 1253, 1260, 1265, 1268, 1269, 1270, 1271, 1273, 1275, 1277, 1281, 1286, 1288, 1292, 1294, 1296, 1298, 1300, 1301, 1303, 1307, 1309, 1313, 1314, 1316, 1318, 1328, 1329, 1331, 1332, 1333, 1334, 1336, 1338, 1339, 1343, 1347, 1350, 1353, 1354, 1356, 1360, 1362, 1364, 1366, 1371, 1372, 1375, 1377, 1378, 1380, 1382, 1385, 1388, 1392, 1394, 1402, 1408, 1411, 1412, 1416, 1418, 1425, 1427, 1431, 1436, 1440, 1445, 1446, 1450, 1451, 1453, 1454, 1456, 1457, 1467, 1473, 1477, 1482, 1484, 1486, 1489, 1494, 1500, 1501, 1505, 1508, 1513, 1515, 1519, 1521, 1527, 1535, 1537, 1540, 1546, 1549, 1551, 1558, 1560, 1562, 1563, 1566, 1567, 1570, 1576, 1580, 1582, 1584, 1588, 1596, 1601, 1608, 1609, 1610, 1611, 1612, 1613, 1616, 1617, 1624, 1626, 1631, 1633, 1646, 1649, 1650, 1651, 1653, 1659, 1662, 1665, 1680, 1681, 1685, 1686, 1688, 1691, 1698, 1701, 1708, 1713, 1714, 1716, 1720, 1722, 1724, 1736, 1737, 1744, 1745, 1747, 1749, 1752, 1754, 1756, 1758, 1772, 1773, 1775, 1776, 1791, 1793, 1795, 1807, 1812, 1817, 1826, 1840, 1848, 1853, 1857, 1876, 1882, 1887, 1888, 1902, 1905, 1908, 1918, 1933, 1936, 1942, 1945, 1949, 1950, 1958, 1962, 1965, 1966, 1969, 1971, 1976, 1978, 1979, 1991, 1992, 1993, 1997, 2001, 2004, 2007, 2010, 2011, 2020, 2025, 2030, 2032, 2037, 2044, 2048, 2049, 2068, 2080, 2086, 2089, 2093, 2096, 2097, 2106, 2110, 2115, 2117, 2118, 2130, 2142, 2143, 2148, 2149, 2152, 2153, 2155, 2157, 2158, 2162, 2185, 2189, 2199, 2201, 2202, 2204, 2210, 2211, 2220, 2222, 2226, 2228, 2236, 2237, 2243, 2244, 2245, 2249, 2251, 2256, 2258, 2266, 2272, 2279, 2284, 2289, 2294, 2308, 2309, 2311, 2314, 2317, 2318, 2320, 2321, 2327, 2334, 2335, 2336, 2341, 2366, 2368, 2377, 2385, 2405, 2406, 2421, 2422, 2424, 2436, 2445, 2447, 2454, 2456, 2457, 2458, 2463, 2469, 2483, 2485, 2489, 2491, 2494, 2495, 2496, 2497, 2499, 2510, 2515, 2525, 2537, 2539, 2548, 2549, 2554, 2560, 2563, 2588, 2600, 2601, 2612, 2629, 2642, 2646, 2660, 2667, 2674, 2675, 2676, 2700, 2707, 2712, 2713, 2717, 2721, 2729, 2736, 2746, 2752, 2777, 2781, 2786, 2791, 2796, 2808, 2812, 2858, 2863, 2865, 2867, 2871, 2875, 2878, 2882, 2890, 2894, 2901, 2921, 2925, 2932, 2936, 2954, 2963, 2967, 2974, 3002, 3020, 3026, 3030, 3043, 3045, 3048, 3053, 3061, 3066, 3070, 3072, 3079, 3091, 3105, 3106, 3129, 3130, 3132, 3133, 3135, 3195, 3233, 3234, 3242, 3245, 3255, 3256, 3260, 3262, 3266, 3307, 3309, 3312, 3316, 3329, 3331, 3333, 3336, 3337, 3344, 3350, 3352, 3355, 3368, 3372, 3386, 3389, 3409, 3416, 3425, 3427, 3430, 3432, 3442, 3450, 3455, 3463, 3482, 3484, 3495, 3500, 3539, 3611, 3625, 3652, 3654, 3670, 3690, 3715, 3719, 3721, 3722, 3740, 3771, 3779, 3783, 3787, 3793, 3823, 3836, 3850, 3869, 3890, 3932, 3952, 3963, 3983, 4006, 4016, 4037, 4040, 4053, 4105, 4111, 4119, 4120, 4121, 4132, 4142, 4161]
  Output projection dimensions: [128, 101]
🔄 Auto-resizing output layer: 101 -> 5000
Resizing output layer from 101 to 5000 tokens
Initializing enhanced model with configuration:
  model_dim: 128 (validated: 128)
  ff_dim: 512 (validated: 512)
  num_heads: 4 (validated: 4)
  num_layers: 2 (validated: 2)
  dropout_rate: 0.1
  learning_rate: 0.0001
Batch prep timing: total=20ms (collect=0ms, min_len=0ms, truncate=2ms, targets=0ms)
    🔄 Thread batch-worker-3 starting train_step for batch 16
Initializing enhanced model with configuration:
  model_dim: 128 (validated: 128)
  ff_dim: 512 (validated: 512)
  num_heads: 4 (validated: 4)
  num_layers: 2 (validated: 2)
  dropout_rate: 0.1
  learning_rate: 0.0001
Initializing output_projection: model_dim=128, vocab_size=101
Initializing output_projection: model_dim=128, vocab_size=101
Output layer successfully resized to vocabulary size 5000
✅ Output layer successfully resized to 5000
🧵 Thread ThreadId(127) state: ResizingVocabulary -> ForwardPass (after 9.202105ms)
🧵 Thread ThreadId(128) state: Idle -> PreparingBatch (after 72ns)
🧵 Thread ThreadId(128) state: PreparingBatch -> ResizingVocabulary (after 13.627µs)
⚠️ TARGET ID ISSUE DETECTED:
  Current output layer size: 101
  Maximum valid target ID: 100
  Maximum ID in batch: 4174
  Unique out-of-range IDs in batch: [103, 104, 105, 106, 107, 108, 109, 110, 113, 115, 116, 117, 118, 119, 120, 121, 122, 123, 125, 126, 127, 128, 130, 131, 132, 134, 135, 137, 139, 141, 144, 146, 147, 148, 150, 151, 153, 156, 158, 161, 164, 165, 168, 170, 172, 173, 175, 176, 178, 180, 181, 182, 183, 186, 189, 191, 193, 195, 198, 199, 200, 201, 204, 205, 206, 207, 209, 211, 213, 214, 217, 219, 222, 225, 227, 228, 233, 234, 236, 237, 238, 241, 243, 244, 245, 246, 247, 248, 251, 253, 255, 257, 260, 261, 264, 266, 269, 270, 271, 272, 273, 274, 275, 278, 280, 281, 282, 284, 285, 286, 291, 295, 296, 298, 300, 301, 302, 305, 306, 307, 308, 312, 315, 318, 320, 323, 324, 325, 326, 327, 330, 331, 333, 336, 339, 340, 343, 345, 346, 348, 352, 353, 356, 358, 359, 361, 362, 364, 365, 366, 367, 368, 369, 371, 372, 373, 374, 376, 377, 380, 383, 385, 387, 390, 392, 393, 394, 395, 396, 397, 400, 401, 407, 410, 416, 417, 418, 420, 421, 422, 423, 424, 426, 427, 429, 430, 431, 433, 435, 439, 440, 441, 442, 446, 447, 448, 452, 455, 457, 458, 463, 464, 467, 468, 470, 471, 473, 476, 477, 478, 479, 480, 482, 484, 486, 490, 493, 495, 497, 498, 500, 502, 503, 504, 508, 510, 512, 516, 517, 518, 519, 521, 524, 526, 527, 533, 534, 537, 538, 539, 540, 543, 545, 547, 549, 550, 551, 552, 554, 556, 558, 559, 561, 562, 563, 566, 569, 571, 572, 575, 576, 578, 582, 583, 587, 589, 591, 594, 595, 596, 598, 600, 601, 602, 604, 606, 607, 608, 609, 610, 611, 614, 616, 619, 622, 624, 627, 632, 633, 634, 638, 641, 642, 645, 647, 649, 650, 651, 653, 654, 655, 657, 658, 660, 664, 675, 676, 678, 680, 681, 682, 683, 684, 685, 687, 689, 691, 699, 701, 702, 704, 706, 708, 711, 714, 715, 716, 726, 727, 728, 729, 734, 735, 736, 737, 738, 741, 742, 743, 744, 746, 747, 748, 749, 751, 752, 753, 754, 755, 756, 758, 760, 762, 763, 764, 767, 768, 770, 772, 775, 776, 778, 782, 783, 785, 787, 795, 796, 797, 799, 800, 801, 807, 809, 810, 811, 814, 817, 819, 820, 822, 823, 824, 825, 826, 828, 831, 834, 836, 840, 843, 845, 847, 852, 853, 854, 857, 858, 860, 861, 863, 866, 867, 868, 869, 870, 872, 873, 874, 875, 876, 877, 882, 884, 885, 886, 888, 893, 899, 900, 901, 902, 903, 904, 905, 906, 908, 912, 914, 915, 916, 917, 918, 919, 922, 924, 927, 931, 937, 938, 939, 940, 941, 942, 943, 944, 947, 948, 951, 952, 953, 955, 956, 959, 962, 963, 964, 967, 968, 969, 970, 972, 974, 976, 979, 980, 981, 982, 983, 984, 986, 988, 990, 992, 993, 994, 995, 996, 1000, 1001, 1002, 1007, 1010, 1013, 1016, 1018, 1020, 1021, 1022, 1024, 1026, 1029, 1031, 1032, 1033, 1035, 1039, 1041, 1042, 1044, 1047, 1048, 1051, 1052, 1055, 1056, 1057, 1060, 1061, 1065, 1069, 1070, 1071, 1074, 1075, 1076, 1077, 1078, 1082, 1083, 1086, 1087, 1089, 1090, 1091, 1093, 1095, 1096, 1097, 1098, 1100, 1102, 1104, 1106, 1107, 1110, 1112, 1115, 1116, 1118, 1120, 1121, 1123, 1124, 1126, 1128, 1130, 1132, 1134, 1136, 1137, 1140, 1141, 1142, 1143, 1145, 1147, 1149, 1151, 1152, 1154, 1155, 1156, 1161, 1163, 1167, 1168, 1169, 1170, 1171, 1172, 1174, 1175, 1177, 1188, 1189, 1190, 1194, 1195, 1196, 1197, 1199, 1204, 1208, 1209, 1211, 1212, 1213, 1214, 1215, 1216, 1221, 1222, 1223, 1227, 1229, 1233, 1234, 1238, 1239, 1242, 1243, 1246, 1247, 1248, 1249, 1252, 1253, 1254, 1255, 1258, 1259, 1260, 1265, 1267, 1268, 1269, 1270, 1271, 1273, 1277, 1278, 1279, 1280, 1281, 1282, 1283, 1286, 1287, 1294, 1296, 1300, 1301, 1302, 1303, 1305, 1309, 1311, 1312, 1313, 1314, 1316, 1317, 1318, 1323, 1324, 1327, 1329, 1335, 1337, 1338, 1339, 1341, 1342, 1350, 1351, 1352, 1353, 1354, 1356, 1360, 1362, 1366, 1369, 1371, 1373, 1374, 1375, 1377, 1378, 1379, 1380, 1382, 1384, 1385, 1387, 1388, 1392, 1393, 1399, 1401, 1404, 1405, 1406, 1408, 1409, 1412, 1413, 1416, 1417, 1418, 1422, 1425, 1426, 1427, 1431, 1434, 1436, 1438, 1440, 1445, 1449, 1450, 1451, 1453, 1456, 1461, 1466, 1467, 1473, 1474, 1477, 1478, 1481, 1484, 1486, 1487, 1492, 1493, 1495, 1496, 1500, 1502, 1507, 1509, 1510, 1511, 1512, 1513, 1514, 1515, 1516, 1519, 1521, 1524, 1525, 1526, 1527, 1531, 1533, 1537, 1538, 1540, 1541, 1546, 1549, 1550, 1554, 1557, 1558, 1559, 1563, 1566, 1567, 1570, 1574, 1579, 1580, 1588, 1590, 1591, 1595, 1598, 1603, 1604, 1606, 1607, 1610, 1611, 1612, 1613, 1614, 1618, 1620, 1621, 1623, 1627, 1628, 1630, 1648, 1649, 1650, 1651, 1653, 1656, 1660, 1662, 1665, 1667, 1669, 1671, 1672, 1675, 1677, 1678, 1680, 1681, 1684, 1685, 1686, 1687, 1693, 1696, 1697, 1698, 1709, 1713, 1714, 1718, 1720, 1722, 1724, 1726, 1731, 1733, 1737, 1740, 1742, 1743, 1750, 1752, 1753, 1754, 1759, 1768, 1773, 1774, 1775, 1777, 1781, 1786, 1787, 1789, 1791, 1793, 1795, 1796, 1797, 1800, 1805, 1807, 1811, 1813, 1816, 1817, 1826, 1827, 1831, 1835, 1838, 1839, 1843, 1844, 1849, 1852, 1853, 1857, 1858, 1866, 1867, 1870, 1871, 1872, 1873, 1877, 1878, 1879, 1880, 1884, 1887, 1897, 1903, 1908, 1909, 1910, 1911, 1914, 1917, 1918, 1921, 1923, 1927, 1931, 1932, 1933, 1936, 1940, 1942, 1943, 1949, 1950, 1952, 1953, 1961, 1966, 1967, 1969, 1971, 1974, 1976, 1977, 1982, 1983, 1991, 1992, 2000, 2001, 2002, 2003, 2004, 2007, 2013, 2014, 2017, 2019, 2020, 2025, 2026, 2027, 2028, 2030, 2036, 2038, 2039, 2044, 2057, 2062, 2068, 2069, 2073, 2078, 2079, 2086, 2089, 2092, 2093, 2097, 2104, 2106, 2110, 2111, 2112, 2113, 2115, 2116, 2117, 2118, 2120, 2121, 2122, 2127, 2128, 2130, 2133, 2134, 2137, 2138, 2140, 2142, 2147, 2148, 2150, 2152, 2153, 2159, 2160, 2164, 2174, 2180, 2181, 2182, 2183, 2190, 2195, 2199, 2202, 2217, 2220, 2222, 2236, 2237, 2239, 2242, 2244, 2245, 2247, 2248, 2253, 2254, 2256, 2261, 2271, 2272, 2277, 2278, 2281, 2283, 2285, 2286, 2289, 2290, 2291, 2297, 2300, 2302, 2304, 2306, 2312, 2314, 2320, 2323, 2326, 2327, 2328, 2330, 2333, 2335, 2336, 2337, 2338, 2341, 2343, 2344, 2350, 2351, 2354, 2364, 2365, 2366, 2374, 2379, 2381, 2394, 2405, 2406, 2407, 2408, 2409, 2411, 2416, 2418, 2419, 2421, 2422, 2424, 2426, 2427, 2429, 2430, 2438, 2439, 2440, 2447, 2450, 2455, 2458, 2461, 2463, 2469, 2474, 2476, 2483, 2484, 2485, 2486, 2489, 2491, 2496, 2497, 2505, 2506, 2507, 2511, 2512, 2515, 2516, 2520, 2523, 2524, 2529, 2530, 2531, 2532, 2534, 2537, 2538, 2539, 2540, 2543, 2549, 2551, 2557, 2560, 2562, 2565, 2568, 2585, 2588, 2597, 2602, 2613, 2620, 2621, 2635, 2642, 2649, 2655, 2660, 2666, 2672, 2678, 2683, 2684, 2685, 2686, 2689, 2696, 2697, 2704, 2707, 2710, 2713, 2715, 2717, 2721, 2728, 2730, 2737, 2738, 2739, 2743, 2746, 2747, 2748, 2751, 2755, 2756, 2761, 2762, 2772, 2773, 2774, 2779, 2780, 2781, 2782, 2784, 2789, 2791, 2805, 2821, 2827, 2831, 2842, 2848, 2862, 2868, 2872, 2876, 2888, 2894, 2897, 2900, 2911, 2912, 2915, 2925, 2936, 2949, 2956, 2957, 2960, 2967, 2969, 2974, 2975, 2976, 2978, 2979, 2984, 2985, 2992, 2995, 2998, 3000, 3002, 3028, 3036, 3037, 3038, 3043, 3046, 3053, 3056, 3057, 3058, 3061, 3064, 3069, 3076, 3080, 3084, 3087, 3089, 3091, 3095, 3099, 3112, 3113, 3130, 3134, 3142, 3160, 3177, 3179, 3188, 3211, 3214, 3220, 3249, 3256, 3262, 3264, 3269, 3271, 3280, 3283, 3288, 3290, 3300, 3301, 3304, 3305, 3308, 3314, 3321, 3322, 3324, 3329, 3333, 3339, 3341, 3344, 3350, 3353, 3359, 3368, 3372, 3373, 3381, 3382, 3384, 3387, 3392, 3393, 3398, 3399, 3407, 3409, 3421, 3424, 3426, 3430, 3439, 3443, 3447, 3451, 3453, 3456, 3460, 3462, 3466, 3472, 3473, 3478, 3488, 3492, 3498, 3502, 3509, 3512, 3514, 3517, 3518, 3545, 3551, 3560, 3565, 3573, 3631, 3633, 3641, 3654, 3659, 3664, 3673, 3695, 3708, 3709, 3728, 3751, 3757, 3778, 3781, 3794, 3811, 3812, 3833, 3837, 3843, 3844, 3849, 3854, 3861, 3873, 3876, 3883, 3884, 3895, 3896, 3899, 3900, 3906, 3918, 3929, 3930, 3931, 3955, 3967, 3972, 3986, 3997, 3999, 4013, 4014, 4020, 4022, 4030, 4033, 4035, 4042, 4043, 4051, 4052, 4058, 4062, 4075, 4079, 4081, 4090, 4091, 4092, 4093, 4097, 4103, 4120, 4121, 4128, 4137, 4139, 4140, 4142, 4147, 4148, 4151, 4153, 4155, 4157, 4159, 4170, 4174]
  Output projection dimensions: [128, 101]
🔄 Auto-resizing output layer: 101 -> 5000
Resizing output layer from 101 to 5000 tokens
🧵 Thread ThreadId(129) state: Idle -> PreparingBatch (after 95ns)
🧵 Thread ThreadId(129) state: PreparingBatch -> ResizingVocabulary (after 27.395µs)
Initializing output_projection: model_dim=128, vocab_size=101
Initializing output_projection: model_dim=128, vocab_size=101
⚠️ TARGET ID ISSUE DETECTED:
  Current output layer size: 101
  Maximum valid target ID: 100
  Maximum ID in batch: 4172
  Unique out-of-range IDs in batch: [104, 105, 106, 107, 108, 109, 110, 111, 115, 116, 117, 118, 119, 121, 122, 123, 125, 126, 127, 128, 129, 130, 132, 134, 135, 138, 139, 141, 144, 145, 146, 147, 148, 150, 151, 153, 154, 155, 159, 162, 164, 166, 168, 170, 171, 172, 175, 176, 178, 180, 181, 185, 186, 189, 191, 192, 193, 195, 196, 197, 198, 199, 200, 201, 203, 207, 209, 211, 213, 214, 217, 219, 222, 225, 227, 231, 232, 233, 234, 236, 237, 238, 240, 241, 243, 245, 246, 247, 248, 251, 255, 257, 260, 264, 266, 269, 270, 271, 272, 273, 274, 275, 277, 278, 279, 280, 282, 284, 285, 286, 291, 298, 300, 301, 302, 306, 307, 308, 312, 315, 318, 320, 323, 324, 325, 326, 327, 329, 330, 331, 332, 333, 336, 337, 338, 340, 343, 345, 346, 348, 352, 353, 356, 358, 359, 361, 362, 364, 365, 366, 367, 368, 369, 370, 371, 372, 373, 374, 376, 377, 380, 383, 385, 387, 388, 390, 392, 394, 395, 397, 401, 407, 410, 413, 417, 418, 420, 421, 422, 423, 424, 426, 427, 429, 430, 431, 432, 435, 438, 440, 441, 442, 446, 447, 448, 449, 452, 455, 457, 458, 463, 464, 465, 467, 468, 469, 470, 471, 473, 476, 477, 478, 479, 480, 482, 486, 488, 490, 495, 497, 498, 499, 500, 502, 504, 507, 508, 509, 510, 512, 515, 516, 517, 518, 519, 521, 524, 526, 527, 533, 534, 536, 537, 538, 539, 540, 542, 543, 545, 547, 549, 551, 558, 559, 561, 562, 563, 566, 567, 569, 571, 572, 575, 576, 582, 583, 587, 589, 591, 594, 595, 596, 597, 598, 600, 601, 602, 604, 606, 607, 608, 609, 610, 611, 613, 614, 616, 619, 622, 624, 627, 631, 632, 633, 634, 636, 641, 642, 645, 649, 650, 651, 654, 657, 660, 663, 672, 674, 675, 676, 678, 680, 681, 682, 683, 684, 685, 687, 689, 690, 691, 693, 701, 702, 703, 704, 706, 708, 711, 714, 716, 726, 727, 729, 734, 735, 737, 738, 741, 742, 743, 744, 746, 747, 748, 749, 750, 751, 752, 753, 754, 755, 756, 758, 760, 762, 763, 764, 767, 768, 770, 771, 772, 773, 774, 775, 776, 778, 782, 783, 787, 788, 793, 795, 796, 797, 799, 800, 801, 805, 807, 810, 811, 813, 814, 817, 819, 820, 822, 823, 824, 825, 826, 828, 831, 833, 834, 836, 838, 843, 845, 847, 848, 853, 854, 858, 860, 861, 862, 863, 865, 867, 869, 870, 872, 873, 876, 877, 879, 882, 884, 885, 886, 888, 892, 893, 894, 899, 900, 901, 902, 903, 904, 905, 906, 908, 912, 913, 914, 915, 916, 917, 918, 919, 921, 922, 924, 927, 930, 937, 938, 939, 940, 941, 942, 944, 947, 948, 951, 952, 953, 956, 959, 960, 963, 964, 967, 968, 969, 970, 971, 972, 974, 979, 980, 981, 982, 983, 984, 986, 990, 991, 992, 993, 994, 995, 996, 1000, 1001, 1002, 1004, 1007, 1010, 1012, 1013, 1016, 1018, 1020, 1021, 1024, 1026, 1028, 1029, 1031, 1032, 1033, 1035, 1039, 1041, 1042, 1043, 1044, 1045, 1046, 1047, 1048, 1050, 1051, 1052, 1056, 1057, 1058, 1060, 1065, 1066, 1070, 1075, 1076, 1077, 1082, 1083, 1086, 1087, 1090, 1091, 1093, 1094, 1095, 1096, 1097, 1098, 1099, 1100, 1102, 1105, 1106, 1109, 1110, 1115, 1116, 1118, 1120, 1121, 1122, 1123, 1124, 1126, 1128, 1132, 1136, 1137, 1138, 1140, 1141, 1143, 1145, 1147, 1148, 1149, 1151, 1152, 1154, 1155, 1161, 1163, 1167, 1169, 1172, 1174, 1175, 1177, 1178, 1187, 1188, 1189, 1190, 1191, 1194, 1195, 1196, 1197, 1202, 1203, 1208, 1209, 1210, 1211, 1212, 1213, 1214, 1215, 1218, 1221, 1222, 1223, 1226, 1227, 1229, 1230, 1233, 1234, 1239, 1240, 1242, 1243, 1247, 1248, 1249, 1254, 1255, 1259, 1260, 1261, 1265, 1267, 1268, 1269, 1270, 1278, 1280, 1281, 1282, 1283, 1286, 1287, 1288, 1290, 1292, 1294, 1298, 1300, 1302, 1305, 1307, 1309, 1311, 1312, 1314, 1316, 1318, 1322, 1323, 1324, 1325, 1326, 1327, 1328, 1333, 1335, 1336, 1337, 1339, 1340, 1342, 1351, 1352, 1353, 1356, 1360, 1362, 1364, 1369, 1371, 1373, 1374, 1375, 1378, 1380, 1382, 1384, 1387, 1388, 1392, 1394, 1399, 1401, 1402, 1403, 1405, 1406, 1409, 1410, 1411, 1412, 1413, 1415, 1422, 1423, 1425, 1426, 1429, 1431, 1434, 1438, 1440, 1441, 1445, 1446, 1447, 1451, 1453, 1454, 1455, 1457, 1461, 1464, 1466, 1467, 1469, 1473, 1481, 1482, 1484, 1486, 1488, 1489, 1492, 1495, 1496, 1500, 1501, 1502, 1508, 1509, 1510, 1511, 1513, 1514, 1515, 1516, 1521, 1524, 1525, 1527, 1528, 1531, 1533, 1535, 1538, 1540, 1541, 1543, 1546, 1549, 1550, 1555, 1557, 1558, 1562, 1563, 1565, 1566, 1567, 1573, 1582, 1584, 1591, 1595, 1596, 1598, 1600, 1601, 1602, 1603, 1604, 1606, 1609, 1610, 1611, 1612, 1613, 1617, 1618, 1625, 1626, 1633, 1640, 1648, 1653, 1658, 1660, 1661, 1665, 1667, 1669, 1671, 1672, 1675, 1678, 1680, 1681, 1687, 1688, 1691, 1693, 1694, 1697, 1698, 1701, 1709, 1710, 1718, 1720, 1722, 1727, 1733, 1734, 1740, 1742, 1743, 1744, 1745, 1747, 1748, 1749, 1752, 1753, 1754, 1756, 1760, 1762, 1764, 1768, 1771, 1773, 1774, 1775, 1776, 1781, 1784, 1787, 1789, 1790, 1793, 1795, 1797, 1805, 1809, 1811, 1812, 1817, 1819, 1820, 1825, 1827, 1831, 1835, 1838, 1841, 1845, 1846, 1852, 1853, 1858, 1860, 1862, 1864, 1868, 1869, 1870, 1871, 1872, 1875, 1876, 1878, 1879, 1880, 1882, 1883, 1884, 1885, 1888, 1894, 1895, 1897, 1898, 1899, 1902, 1903, 1905, 1908, 1910, 1911, 1915, 1917, 1918, 1919, 1927, 1932, 1933, 1936, 1939, 1941, 1943, 1945, 1946, 1949, 1950, 1952, 1953, 1955, 1959, 1961, 1962, 1965, 1967, 1971, 1974, 1976, 1979, 1980, 1982, 1985, 1991, 1992, 1993, 2000, 2001, 2010, 2011, 2013, 2016, 2017, 2019, 2022, 2023, 2026, 2030, 2037, 2039, 2044, 2048, 2058, 2059, 2062, 2066, 2068, 2070, 2072, 2073, 2075, 2080, 2087, 2092, 2093, 2096, 2097, 2102, 2109, 2110, 2111, 2112, 2114, 2115, 2116, 2117, 2118, 2123, 2124, 2128, 2133, 2134, 2137, 2138, 2139, 2140, 2142, 2143, 2144, 2153, 2156, 2159, 2160, 2175, 2183, 2184, 2191, 2192, 2195, 2199, 2209, 2210, 2212, 2216, 2235, 2236, 2240, 2243, 2244, 2245, 2249, 2257, 2258, 2259, 2261, 2262, 2266, 2268, 2270, 2271, 2272, 2275, 2279, 2281, 2285, 2291, 2294, 2297, 2300, 2304, 2307, 2309, 2311, 2314, 2315, 2316, 2317, 2319, 2320, 2321, 2324, 2325, 2328, 2340, 2349, 2364, 2368, 2370, 2374, 2392, 2394, 2395, 2396, 2401, 2404, 2406, 2407, 2411, 2416, 2421, 2422, 2428, 2429, 2431, 2437, 2438, 2440, 2441, 2442, 2445, 2446, 2447, 2450, 2454, 2458, 2461, 2465, 2468, 2470, 2474, 2484, 2486, 2489, 2491, 2495, 2497, 2499, 2501, 2508, 2509, 2511, 2514, 2517, 2521, 2524, 2527, 2530, 2532, 2539, 2542, 2543, 2545, 2546, 2548, 2550, 2579, 2581, 2583, 2587, 2588, 2590, 2597, 2601, 2602, 2606, 2607, 2608, 2611, 2639, 2649, 2653, 2660, 2672, 2674, 2676, 2677, 2681, 2682, 2683, 2684, 2685, 2693, 2697, 2698, 2708, 2717, 2723, 2734, 2736, 2744, 2751, 2752, 2755, 2770, 2771, 2776, 2777, 2778, 2786, 2787, 2789, 2790, 2791, 2806, 2809, 2821, 2831, 2833, 2844, 2846, 2847, 2859, 2862, 2865, 2869, 2870, 2876, 2878, 2885, 2886, 2887, 2888, 2889, 2890, 2895, 2908, 2909, 2912, 2918, 2919, 2932, 2939, 2951, 2959, 2965, 2966, 2967, 2969, 2971, 2976, 2980, 2985, 2986, 2993, 2995, 2996, 3006, 3023, 3024, 3028, 3037, 3041, 3046, 3053, 3056, 3060, 3061, 3063, 3066, 3074, 3078, 3079, 3081, 3082, 3084, 3086, 3087, 3088, 3095, 3097, 3107, 3112, 3113, 3125, 3133, 3135, 3141, 3146, 3151, 3153, 3157, 3160, 3169, 3191, 3200, 3203, 3220, 3226, 3232, 3237, 3241, 3250, 3251, 3261, 3263, 3265, 3268, 3271, 3279, 3282, 3284, 3290, 3291, 3298, 3301, 3302, 3303, 3323, 3329, 3334, 3336, 3337, 3338, 3357, 3359, 3365, 3370, 3381, 3383, 3388, 3393, 3398, 3399, 3401, 3408, 3410, 3411, 3423, 3425, 3427, 3428, 3435, 3437, 3446, 3448, 3450, 3460, 3464, 3471, 3472, 3475, 3493, 3497, 3499, 3514, 3523, 3524, 3530, 3536, 3562, 3587, 3601, 3620, 3631, 3652, 3668, 3696, 3699, 3706, 3707, 3708, 3721, 3750, 3751, 3757, 3818, 3822, 3824, 3826, 3844, 3848, 3850, 3857, 3859, 3873, 3876, 3887, 3897, 3899, 3922, 3924, 3945, 3946, 3949, 3951, 3952, 3957, 3959, 3965, 3980, 3982, 3984, 3986, 4000, 4001, 4006, 4010, 4016, 4038, 4041, 4055, 4065, 4068, 4069, 4088, 4091, 4096, 4097, 4103, 4106, 4113, 4128, 4129, 4133, 4134, 4137, 4140, 4146, 4149, 4151, 4161, 4163, 4172]
  Output projection dimensions: [128, 101]
🔄 Auto-resizing output layer: 101 -> 5000
Resizing output layer from 101 to 5000 tokens
🧵 Thread ThreadId(130) state: Idle -> PreparingBatch (after 81ns)
🧵 Thread ThreadId(130) state: PreparingBatch -> ResizingVocabulary (after 11.904µs)
Output layer successfully resized to vocabulary size 5000
✅ Output layer successfully resized to 5000
🧵 Thread ThreadId(128) state: ResizingVocabulary -> ForwardPass (after 6.80896ms)
⚠️ TARGET ID ISSUE DETECTED:
  Current output layer size: 101
  Maximum valid target ID: 100
  Maximum ID in batch: 4171
  Unique out-of-range IDs in batch: [104, 105, 107, 108, 109, 110, 111, 112, 113, 115, 116, 118, 119, 121, 122, 123, 124, 125, 126, 128, 129, 130, 131, 132, 133, 134, 135, 136, 138, 139, 140, 141, 144, 145, 146, 148, 150, 151, 152, 153, 154, 161, 165, 168, 169, 170, 171, 172, 175, 176, 178, 180, 182, 185, 186, 188, 189, 191, 192, 193, 195, 197, 198, 199, 200, 202, 204, 207, 209, 211, 214, 216, 217, 219, 223, 225, 227, 232, 234, 236, 237, 238, 240, 241, 243, 245, 246, 248, 249, 251, 255, 257, 266, 267, 270, 271, 272, 273, 274, 275, 277, 278, 279, 280, 282, 283, 284, 285, 286, 291, 292, 295, 298, 300, 301, 302, 306, 307, 308, 309, 310, 311, 312, 315, 318, 320, 321, 323, 324, 325, 326, 327, 329, 331, 332, 333, 336, 337, 339, 340, 343, 345, 346, 348, 349, 353, 354, 356, 358, 359, 361, 362, 364, 365, 366, 367, 368, 369, 370, 371, 372, 373, 374, 375, 376, 377, 378, 379, 380, 383, 385, 387, 390, 394, 395, 397, 398, 401, 407, 408, 410, 413, 417, 418, 420, 421, 422, 423, 424, 426, 427, 429, 430, 431, 435, 440, 441, 442, 445, 446, 447, 448, 449, 452, 454, 455, 457, 458, 463, 464, 467, 468, 469, 470, 471, 473, 476, 477, 478, 479, 480, 482, 486, 490, 495, 497, 498, 500, 502, 504, 505, 508, 510, 512, 516, 517, 518, 519, 521, 523, 524, 526, 527, 533, 534, 536, 537, 538, 539, 540, 542, 543, 544, 545, 547, 549, 551, 558, 559, 560, 561, 562, 563, 566, 569, 571, 572, 575, 576, 579, 582, 583, 587, 589, 591, 594, 595, 596, 597, 598, 600, 601, 602, 604, 606, 607, 608, 609, 610, 611, 614, 616, 619, 622, 624, 627, 631, 632, 633, 634, 641, 642, 645, 649, 650, 651, 652, 653, 654, 655, 657, 660, 664, 675, 676, 678, 680, 681, 682, 683, 684, 685, 687, 689, 691, 693, 699, 701, 702, 704, 706, 708, 711, 713, 715, 716, 722, 727, 729, 734, 735, 737, 738, 741, 742, 743, 744, 746, 747, 748, 749, 750, 752, 753, 754, 755, 756, 758, 760, 762, 763, 764, 767, 768, 770, 772, 774, 775, 776, 778, 782, 783, 784, 787, 788, 793, 795, 796, 797, 799, 800, 801, 807, 810, 811, 813, 814, 817, 819, 823, 824, 825, 826, 828, 831, 833, 834, 836, 838, 843, 845, 847, 853, 854, 858, 860, 863, 865, 867, 868, 869, 870, 872, 873, 876, 877, 879, 880, 882, 885, 888, 893, 899, 900, 901, 902, 903, 904, 905, 906, 908, 911, 912, 914, 915, 916, 917, 918, 919, 922, 924, 927, 937, 938, 939, 940, 941, 942, 943, 944, 947, 948, 952, 953, 955, 956, 960, 962, 963, 964, 968, 969, 970, 972, 974, 976, 979, 980, 981, 983, 984, 986, 988, 990, 991, 993, 994, 995, 996, 999, 1000, 1001, 1002, 1004, 1007, 1010, 1013, 1016, 1017, 1018, 1020, 1021, 1022, 1024, 1025, 1026, 1027, 1028, 1029, 1032, 1033, 1035, 1039, 1041, 1042, 1043, 1044, 1045, 1046, 1048, 1051, 1052, 1055, 1056, 1057, 1058, 1060, 1064, 1065, 1066, 1067, 1069, 1070, 1071, 1074, 1075, 1076, 1077, 1078, 1083, 1086, 1087, 1089, 1091, 1093, 1094, 1095, 1097, 1098, 1099, 1102, 1104, 1106, 1109, 1110, 1111, 1112, 1115, 1116, 1118, 1120, 1121, 1124, 1126, 1128, 1132, 1133, 1134, 1136, 1137, 1138, 1140, 1141, 1142, 1143, 1145, 1147, 1148, 1149, 1151, 1152, 1154, 1155, 1161, 1163, 1168, 1169, 1171, 1174, 1175, 1178, 1187, 1188, 1189, 1190, 1191, 1194, 1195, 1196, 1197, 1199, 1200, 1202, 1204, 1208, 1209, 1210, 1211, 1213, 1214, 1215, 1216, 1221, 1223, 1226, 1227, 1228, 1229, 1230, 1232, 1233, 1234, 1239, 1242, 1243, 1246, 1247, 1248, 1249, 1252, 1254, 1255, 1259, 1260, 1261, 1265, 1267, 1268, 1269, 1270, 1271, 1273, 1277, 1278, 1279, 1280, 1281, 1282, 1292, 1294, 1295, 1296, 1298, 1300, 1301, 1303, 1307, 1309, 1311, 1312, 1313, 1314, 1316, 1317, 1318, 1322, 1323, 1324, 1325, 1326, 1328, 1329, 1332, 1333, 1335, 1337, 1338, 1339, 1343, 1350, 1351, 1353, 1354, 1360, 1362, 1364, 1366, 1371, 1377, 1380, 1384, 1385, 1387, 1388, 1392, 1394, 1397, 1399, 1401, 1402, 1403, 1404, 1405, 1406, 1407, 1409, 1410, 1411, 1412, 1413, 1415, 1421, 1422, 1425, 1426, 1427, 1429, 1431, 1434, 1438, 1440, 1445, 1446, 1447, 1449, 1450, 1451, 1452, 1453, 1456, 1457, 1466, 1467, 1473, 1474, 1478, 1482, 1484, 1486, 1488, 1489, 1492, 1493, 1494, 1496, 1498, 1500, 1501, 1505, 1509, 1510, 1511, 1512, 1513, 1514, 1515, 1517, 1521, 1524, 1527, 1529, 1533, 1538, 1541, 1542, 1543, 1546, 1550, 1557, 1558, 1560, 1562, 1563, 1565, 1567, 1570, 1576, 1579, 1580, 1582, 1590, 1596, 1598, 1600, 1601, 1603, 1604, 1606, 1608, 1611, 1612, 1613, 1616, 1617, 1620, 1623, 1624, 1625, 1626, 1628, 1631, 1633, 1638, 1640, 1643, 1645, 1646, 1648, 1649, 1651, 1653, 1654, 1658, 1660, 1662, 1666, 1667, 1669, 1673, 1675, 1677, 1680, 1681, 1686, 1687, 1688, 1691, 1693, 1694, 1697, 1698, 1709, 1710, 1713, 1718, 1719, 1720, 1722, 1726, 1733, 1734, 1742, 1743, 1744, 1745, 1748, 1749, 1750, 1752, 1753, 1754, 1756, 1764, 1771, 1772, 1773, 1774, 1775, 1777, 1788, 1791, 1795, 1796, 1800, 1805, 1813, 1816, 1819, 1822, 1826, 1827, 1835, 1836, 1838, 1839, 1840, 1844, 1845, 1846, 1856, 1859, 1861, 1864, 1866, 1867, 1868, 1869, 1870, 1871, 1872, 1873, 1875, 1876, 1878, 1879, 1882, 1883, 1884, 1885, 1887, 1891, 1902, 1904, 1905, 1908, 1910, 1917, 1927, 1932, 1936, 1939, 1942, 1947, 1949, 1952, 1954, 1958, 1959, 1961, 1965, 1966, 1971, 1974, 1975, 1977, 1978, 1979, 1980, 1983, 1984, 1989, 1992, 2001, 2002, 2011, 2013, 2016, 2019, 2022, 2023, 2025, 2026, 2028, 2031, 2037, 2039, 2044, 2051, 2058, 2063, 2066, 2068, 2073, 2076, 2078, 2079, 2081, 2086, 2087, 2091, 2092, 2099, 2102, 2104, 2106, 2110, 2115, 2118, 2127, 2128, 2130, 2133, 2136, 2137, 2141, 2142, 2150, 2151, 2152, 2155, 2156, 2157, 2158, 2166, 2189, 2202, 2207, 2210, 2217, 2225, 2226, 2237, 2239, 2242, 2245, 2247, 2249, 2250, 2254, 2258, 2259, 2265, 2267, 2270, 2271, 2272, 2275, 2277, 2278, 2281, 2283, 2285, 2289, 2302, 2303, 2307, 2309, 2310, 2311, 2312, 2316, 2319, 2321, 2327, 2328, 2330, 2334, 2337, 2339, 2341, 2349, 2350, 2351, 2370, 2374, 2376, 2379, 2380, 2392, 2396, 2397, 2398, 2411, 2414, 2417, 2421, 2426, 2428, 2430, 2431, 2438, 2439, 2442, 2453, 2454, 2459, 2462, 2470, 2474, 2478, 2479, 2483, 2496, 2498, 2501, 2502, 2503, 2504, 2505, 2506, 2510, 2513, 2514, 2516, 2517, 2523, 2524, 2525, 2527, 2530, 2532, 2533, 2536, 2544, 2549, 2556, 2562, 2579, 2580, 2581, 2583, 2587, 2591, 2594, 2602, 2607, 2608, 2611, 2612, 2616, 2620, 2639, 2643, 2646, 2648, 2649, 2650, 2665, 2667, 2682, 2683, 2687, 2688, 2695, 2698, 2701, 2705, 2706, 2713, 2721, 2723, 2728, 2739, 2746, 2751, 2759, 2763, 2767, 2771, 2772, 2782, 2783, 2786, 2793, 2796, 2805, 2806, 2808, 2810, 2812, 2817, 2844, 2845, 2862, 2863, 2868, 2875, 2890, 2894, 2899, 2900, 2902, 2904, 2911, 2912, 2927, 2932, 2939, 2953, 2960, 2961, 2963, 2965, 2966, 2974, 2981, 2989, 2991, 2993, 2998, 3002, 3010, 3017, 3018, 3020, 3028, 3031, 3036, 3041, 3043, 3046, 3048, 3054, 3055, 3058, 3063, 3065, 3066, 3080, 3084, 3090, 3095, 3097, 3101, 3104, 3106, 3112, 3114, 3117, 3125, 3130, 3136, 3137, 3138, 3164, 3178, 3185, 3187, 3212, 3213, 3223, 3233, 3235, 3237, 3248, 3279, 3288, 3289, 3296, 3300, 3302, 3313, 3322, 3330, 3336, 3338, 3342, 3343, 3350, 3355, 3368, 3370, 3380, 3392, 3396, 3401, 3406, 3412, 3415, 3416, 3417, 3423, 3424, 3444, 3447, 3453, 3458, 3465, 3466, 3470, 3478, 3482, 3488, 3491, 3493, 3496, 3497, 3508, 3511, 3513, 3515, 3518, 3520, 3521, 3523, 3557, 3563, 3573, 3589, 3597, 3598, 3600, 3602, 3611, 3621, 3647, 3682, 3685, 3691, 3696, 3704, 3708, 3710, 3720, 3733, 3746, 3747, 3771, 3775, 3782, 3785, 3787, 3811, 3818, 3820, 3823, 3836, 3844, 3855, 3857, 3876, 3882, 3889, 3890, 3892, 3900, 3945, 3946, 3959, 3971, 3974, 3976, 3980, 3999, 4004, 4016, 4021, 4032, 4037, 4046, 4049, 4057, 4058, 4061, 4069, 4076, 4078, 4085, 4092, 4096, 4104, 4106, 4116, 4131, 4136, 4146, 4152, 4158, 4161, 4165, 4167, 4169, 4170, 4171]
  Output projection dimensions: [128, 101]
🔄 Auto-resizing output layer: 101 -> 5000
Resizing output layer from 101 to 5000 tokens
🧵 Thread ThreadId(131) state: Idle -> PreparingBatch (after 205ns)
🧵 Thread ThreadId(131) state: PreparingBatch -> ResizingVocabulary (after 15.789µs)
⚠️ TARGET ID ISSUE DETECTED:
  Current output layer size: 101
  Maximum valid target ID: 100
  Maximum ID in batch: 4176
  Unique out-of-range IDs in batch: [106, 107, 108, 109, 110, 111, 113, 115, 116, 118, 119, 121, 123, 126, 128, 130, 131, 132, 133, 134, 135, 136, 138, 139, 144, 145, 146, 148, 150, 151, 153, 154, 155, 156, 158, 159, 161, 162, 164, 165, 168, 169, 170, 171, 172, 174, 175, 176, 177, 178, 180, 184, 186, 188, 189, 191, 193, 195, 196, 197, 198, 199, 200, 201, 206, 207, 209, 211, 214, 216, 217, 219, 223, 225, 227, 229, 234, 236, 237, 238, 241, 243, 244, 245, 247, 248, 251, 255, 257, 260, 266, 270, 271, 272, 273, 274, 275, 276, 278, 280, 281, 282, 283, 284, 285, 286, 289, 291, 292, 298, 300, 301, 302, 306, 307, 308, 312, 315, 317, 318, 320, 321, 323, 325, 326, 327, 328, 329, 330, 331, 333, 336, 338, 339, 340, 343, 345, 346, 348, 349, 352, 353, 356, 358, 359, 361, 362, 364, 365, 366, 367, 368, 369, 370, 371, 372, 373, 374, 376, 377, 380, 381, 383, 385, 387, 390, 394, 395, 397, 401, 402, 407, 410, 417, 418, 420, 421, 422, 423, 424, 426, 427, 429, 430, 431, 440, 441, 442, 446, 447, 448, 451, 452, 454, 455, 457, 458, 459, 462, 463, 464, 467, 468, 470, 471, 473, 476, 477, 478, 479, 480, 482, 486, 490, 495, 497, 498, 502, 504, 508, 510, 512, 516, 517, 518, 519, 520, 521, 524, 526, 527, 533, 534, 537, 539, 540, 541, 543, 545, 547, 549, 550, 551, 558, 559, 561, 562, 563, 566, 569, 571, 572, 575, 576, 577, 582, 583, 585, 587, 589, 591, 594, 595, 596, 598, 600, 601, 602, 604, 606, 607, 608, 609, 610, 611, 613, 616, 619, 622, 624, 626, 627, 630, 632, 633, 634, 641, 642, 645, 647, 649, 650, 651, 654, 655, 657, 660, 675, 676, 678, 680, 681, 682, 683, 684, 685, 687, 689, 691, 697, 699, 701, 702, 704, 706, 708, 711, 715, 716, 720, 722, 724, 727, 729, 734, 735, 737, 738, 741, 742, 743, 744, 746, 747, 748, 749, 750, 751, 752, 753, 754, 755, 756, 758, 760, 762, 763, 767, 768, 770, 772, 773, 774, 775, 776, 778, 782, 783, 787, 788, 795, 796, 797, 799, 800, 801, 806, 807, 810, 811, 813, 814, 817, 818, 819, 822, 823, 824, 825, 826, 828, 831, 833, 834, 836, 838, 843, 845, 847, 851, 853, 854, 858, 859, 860, 861, 863, 865, 867, 868, 869, 870, 872, 873, 876, 877, 879, 882, 884, 885, 886, 888, 890, 892, 893, 899, 900, 902, 903, 904, 905, 906, 912, 914, 915, 916, 917, 918, 919, 922, 927, 934, 937, 938, 939, 940, 941, 942, 943, 944, 945, 947, 948, 949, 950, 951, 952, 953, 955, 956, 959, 962, 963, 964, 967, 968, 969, 970, 971, 972, 974, 976, 977, 979, 980, 981, 982, 984, 986, 988, 990, 991, 992, 993, 995, 996, 1000, 1001, 1002, 1004, 1007, 1010, 1013, 1016, 1017, 1018, 1020, 1022, 1023, 1024, 1026, 1027, 1028, 1029, 1031, 1032, 1033, 1035, 1039, 1041, 1042, 1043, 1044, 1045, 1046, 1047, 1048, 1051, 1052, 1055, 1056, 1057, 1058, 1060, 1065, 1066, 1067, 1069, 1070, 1071, 1074, 1075, 1076, 1077, 1078, 1082, 1083, 1086, 1087, 1088, 1090, 1091, 1092, 1093, 1094, 1095, 1096, 1097, 1098, 1099, 1100, 1102, 1104, 1106, 1110, 1112, 1115, 1116, 1118, 1120, 1121, 1123, 1124, 1126, 1128, 1130, 1132, 1134, 1136, 1138, 1140, 1143, 1145, 1148, 1149, 1151, 1152, 1154, 1155, 1161, 1166, 1167, 1168, 1169, 1174, 1175, 1183, 1188, 1189, 1190, 1191, 1194, 1195, 1196, 1197, 1202, 1207, 1208, 1209, 1210, 1211, 1212, 1213, 1214, 1215, 1216, 1222, 1223, 1226, 1227, 1229, 1232, 1233, 1234, 1240, 1241, 1242, 1246, 1247, 1248, 1249, 1252, 1253, 1255, 1259, 1260, 1261, 1265, 1267, 1268, 1269, 1270, 1273, 1277, 1278, 1280, 1281, 1282, 1286, 1287, 1288, 1292, 1294, 1296, 1300, 1301, 1302, 1303, 1305, 1307, 1309, 1311, 1313, 1314, 1316, 1317, 1322, 1323, 1324, 1325, 1326, 1327, 1328, 1329, 1332, 1333, 1336, 1337, 1338, 1342, 1343, 1350, 1351, 1352, 1353, 1354, 1356, 1360, 1361, 1362, 1366, 1369, 1371, 1372, 1373, 1375, 1378, 1385, 1387, 1392, 1394, 1399, 1401, 1402, 1404, 1405, 1407, 1408, 1409, 1410, 1411, 1413, 1415, 1416, 1417, 1418, 1421, 1422, 1426, 1431, 1434, 1436, 1438, 1440, 1442, 1445, 1446, 1447, 1448, 1449, 1450, 1451, 1452, 1453, 1454, 1456, 1466, 1467, 1468, 1469, 1473, 1474, 1481, 1482, 1486, 1492, 1493, 1495, 1496, 1498, 1500, 1501, 1502, 1508, 1512, 1513, 1514, 1515, 1521, 1524, 1525, 1526, 1527, 1528, 1533, 1535, 1540, 1541, 1546, 1554, 1555, 1557, 1560, 1563, 1565, 1566, 1569, 1570, 1576, 1579, 1580, 1582, 1584, 1586, 1588, 1590, 1591, 1592, 1595, 1596, 1598, 1600, 1603, 1604, 1606, 1608, 1609, 1610, 1611, 1612, 1613, 1614, 1618, 1620, 1621, 1623, 1624, 1631, 1633, 1638, 1640, 1643, 1645, 1646, 1648, 1650, 1651, 1653, 1658, 1659, 1660, 1661, 1662, 1665, 1666, 1667, 1669, 1671, 1672, 1673, 1674, 1676, 1677, 1678, 1680, 1685, 1686, 1687, 1693, 1694, 1696, 1697, 1698, 1701, 1709, 1711, 1712, 1716, 1719, 1724, 1726, 1727, 1731, 1734, 1736, 1740, 1743, 1745, 1747, 1749, 1750, 1752, 1753, 1754, 1758, 1760, 1768, 1771, 1775, 1776, 1777, 1781, 1783, 1786, 1787, 1788, 1789, 1790, 1791, 1793, 1795, 1796, 1800, 1807, 1809, 1811, 1812, 1817, 1820, 1827, 1836, 1838, 1839, 1840, 1843, 1844, 1846, 1849, 1853, 1854, 1856, 1857, 1858, 1862, 1864, 1867, 1868, 1870, 1873, 1875, 1876, 1878, 1879, 1882, 1883, 1884, 1887, 1895, 1897, 1902, 1903, 1908, 1909, 1910, 1914, 1918, 1919, 1923, 1933, 1939, 1940, 1941, 1943, 1945, 1950, 1955, 1958, 1965, 1967, 1970, 1974, 1978, 1979, 1980, 1982, 1983, 1985, 1991, 1992, 1993, 2000, 2010, 2011, 2013, 2015, 2016, 2019, 2022, 2025, 2030, 2031, 2032, 2037, 2044, 2048, 2051, 2054, 2055, 2057, 2058, 2059, 2062, 2066, 2068, 2070, 2071, 2072, 2073, 2075, 2078, 2084, 2086, 2087, 2091, 2097, 2102, 2107, 2109, 2110, 2113, 2114, 2115, 2117, 2120, 2121, 2122, 2123, 2124, 2129, 2134, 2136, 2138, 2142, 2143, 2144, 2148, 2150, 2151, 2152, 2155, 2156, 2158, 2159, 2160, 2161, 2175, 2180, 2181, 2182, 2183, 2185, 2191, 2192, 2201, 2204, 2209, 2212, 2213, 2218, 2225, 2226, 2230, 2233, 2240, 2241, 2243, 2244, 2249, 2253, 2262, 2266, 2270, 2272, 2274, 2279, 2289, 2292, 2302, 2312, 2315, 2317, 2319, 2328, 2334, 2338, 2339, 2341, 2356, 2364, 2365, 2366, 2370, 2375, 2376, 2380, 2394, 2398, 2401, 2402, 2404, 2408, 2411, 2414, 2417, 2419, 2427, 2438, 2439, 2440, 2441, 2454, 2457, 2458, 2459, 2465, 2468, 2479, 2483, 2485, 2495, 2498, 2502, 2503, 2504, 2506, 2509, 2510, 2511, 2512, 2517, 2524, 2525, 2526, 2529, 2531, 2535, 2536, 2538, 2539, 2540, 2543, 2544, 2549, 2562, 2563, 2565, 2573, 2577, 2587, 2588, 2597, 2605, 2620, 2628, 2634, 2639, 2642, 2644, 2653, 2655, 2659, 2665, 2666, 2670, 2671, 2675, 2678, 2684, 2688, 2689, 2695, 2704, 2705, 2706, 2711, 2712, 2717, 2721, 2722, 2723, 2725, 2729, 2738, 2739, 2741, 2746, 2748, 2750, 2752, 2753, 2755, 2761, 2763, 2767, 2771, 2775, 2779, 2780, 2781, 2785, 2791, 2794, 2811, 2817, 2822, 2833, 2844, 2845, 2846, 2847, 2859, 2860, 2882, 2891, 2903, 2913, 2924, 2927, 2934, 2936, 2955, 2956, 2958, 2960, 2969, 2972, 2977, 2981, 2983, 2989, 3000, 3005, 3019, 3022, 3032, 3034, 3035, 3048, 3050, 3052, 3064, 3065, 3068, 3070, 3076, 3077, 3078, 3082, 3084, 3085, 3091, 3093, 3102, 3107, 3108, 3116, 3121, 3129, 3132, 3137, 3141, 3148, 3159, 3169, 3181, 3185, 3187, 3201, 3226, 3230, 3232, 3235, 3239, 3255, 3262, 3265, 3271, 3282, 3288, 3291, 3293, 3298, 3300, 3305, 3316, 3341, 3350, 3355, 3359, 3362, 3365, 3375, 3376, 3380, 3384, 3387, 3397, 3430, 3431, 3432, 3434, 3438, 3439, 3440, 3444, 3449, 3454, 3455, 3457, 3464, 3468, 3478, 3481, 3486, 3491, 3492, 3495, 3497, 3504, 3516, 3517, 3518, 3521, 3524, 3558, 3561, 3569, 3570, 3573, 3577, 3589, 3601, 3630, 3642, 3650, 3660, 3668, 3670, 3684, 3691, 3697, 3699, 3709, 3710, 3713, 3727, 3742, 3747, 3748, 3752, 3766, 3775, 3776, 3786, 3792, 3803, 3818, 3829, 3850, 3859, 3872, 3878, 3883, 3894, 3905, 3912, 3913, 3929, 3937, 3949, 3955, 3958, 3962, 3963, 3969, 3971, 3980, 3981, 3989, 3992, 3999, 4000, 4045, 4052, 4064, 4065, 4066, 4074, 4088, 4094, 4098, 4100, 4102, 4110, 4115, 4116, 4120, 4129, 4132, 4135, 4136, 4138, 4145, 4155, 4162, 4164, 4176]
  Output projection dimensions: [128, 101]
🔄 Auto-resizing output layer: 101 -> 5000
Resizing output layer from 101 to 5000 tokens
Output layer successfully resized to vocabulary size 5000
✅ Output layer successfully resized to 5000
Output layer successfully resized to vocabulary size 5000
✅ Output layer successfully resized to 5000
🧵 Thread ThreadId(130) state: ResizingVocabulary -> ForwardPass (after 4.381291ms)
🧵 Thread ThreadId(129) state: ResizingVocabulary -> ForwardPass (after 9.437425ms)
Output layer successfully resized to vocabulary size 5000
✅ Output layer successfully resized to 5000
🧵 Thread ThreadId(131) state: ResizingVocabulary -> ForwardPass (after 2.867648ms)
✅ Standard training completed in 11.987594707s with loss 8.516419
🧵 Thread ThreadId(127) state: ForwardPass -> Completed (after 11.996826262s)
    ✅ Thread batch-worker-0 completed train_step for batch 21 in 12.01s
    ✅ Thread batch-worker-0 added batch 21 results to shared collection
    ✅ Thread batch-worker-0 sent batch 21 completion message
🔄 Thread batch-worker-0 assigned batch 15. Remaining: 15/22
🔸 Reusing existing thread pool for 'data_loading' operation
Data loading with 14 threads
Processing 16 chunks across 14 threads
    📊 Batch 22/22 - Loss: 8.516419 - Avg: 8.516419 - Prep: 0.003s - Train: 12.014s
Batch prep timing: total=4ms (collect=1ms, min_len=0ms, truncate=2ms, targets=0ms)
    🔄 Thread batch-worker-0 starting train_step for batch 15
Initializing enhanced model with configuration:
  model_dim: 128 (validated: 128)
  ff_dim: 512 (validated: 512)
  num_heads: 4 (validated: 4)
  num_layers: 2 (validated: 2)
  dropout_rate: 0.1
  learning_rate: 0.0001
Initializing output_projection: model_dim=128, vocab_size=101
🧵 Thread ThreadId(132) state: Idle -> PreparingBatch (after 90ns)
🧵 Thread ThreadId(132) state: PreparingBatch -> ResizingVocabulary (after 14.012µs)
⚠️ TARGET ID ISSUE DETECTED:
  Current output layer size: 101
  Maximum valid target ID: 100
  Maximum ID in batch: 4171
  Unique out-of-range IDs in batch: [104, 106, 107, 108, 109, 110, 111, 113, 114, 115, 116, 117, 118, 119, 121, 125, 126, 128, 129, 130, 132, 134, 135, 136, 138, 139, 142, 143, 144, 145, 146, 147, 148, 150, 151, 153, 155, 158, 159, 161, 164, 165, 168, 170, 173, 174, 175, 176, 178, 180, 181, 182, 183, 185, 186, 189, 191, 192, 193, 195, 198, 200, 204, 206, 207, 209, 211, 214, 216, 217, 219, 222, 225, 227, 228, 230, 233, 234, 236, 237, 238, 241, 243, 245, 246, 248, 251, 255, 257, 259, 266, 267, 268, 270, 271, 272, 273, 274, 275, 277, 278, 280, 282, 284, 285, 286, 290, 291, 298, 300, 301, 302, 306, 307, 308, 309, 312, 315, 316, 318, 320, 322, 323, 324, 325, 326, 327, 328, 330, 331, 333, 335, 336, 337, 340, 343, 345, 346, 348, 352, 353, 356, 358, 359, 360, 361, 362, 364, 365, 366, 367, 368, 369, 370, 371, 372, 373, 374, 376, 377, 379, 382, 383, 385, 387, 390, 394, 395, 397, 401, 403, 405, 406, 407, 410, 417, 418, 420, 421, 422, 423, 424, 426, 427, 429, 430, 431, 435, 440, 441, 442, 445, 446, 447, 448, 451, 452, 455, 457, 458, 463, 464, 467, 468, 469, 470, 471, 472, 473, 476, 477, 478, 479, 480, 482, 486, 488, 490, 495, 497, 498, 500, 502, 504, 508, 509, 510, 512, 516, 517, 518, 519, 521, 522, 524, 526, 527, 533, 534, 536, 537, 538, 539, 540, 541, 542, 543, 545, 547, 549, 551, 554, 558, 559, 561, 562, 563, 566, 569, 571, 572, 575, 576, 582, 583, 584, 587, 589, 591, 594, 595, 596, 597, 598, 600, 601, 602, 604, 606, 607, 608, 609, 610, 611, 614, 616, 619, 622, 624, 627, 631, 632, 633, 634, 635, 636, 638, 639, 641, 642, 645, 649, 650, 651, 654, 655, 657, 659, 660, 664, 675, 676, 678, 680, 681, 682, 683, 684, 685, 687, 689, 691, 698, 701, 702, 704, 706, 708, 711, 715, 716, 723, 725, 726, 727, 729, 734, 735, 737, 738, 740, 741, 742, 743, 744, 746, 748, 749, 751, 752, 754, 755, 756, 758, 760, 762, 763, 764, 767, 768, 770, 771, 772, 774, 775, 776, 778, 782, 783, 787, 795, 796, 797, 799, 800, 801, 805, 807, 810, 811, 813, 814, 817, 818, 819, 823, 824, 825, 826, 828, 831, 833, 834, 836, 838, 842, 843, 845, 847, 853, 854, 858, 860, 861, 863, 865, 867, 869, 870, 872, 873, 876, 877, 879, 880, 882, 884, 885, 886, 888, 893, 899, 900, 901, 902, 903, 904, 905, 906, 908, 912, 913, 914, 915, 916, 918, 919, 922, 924, 927, 929, 937, 939, 940, 941, 942, 943, 944, 947, 948, 950, 951, 952, 953, 955, 956, 960, 963, 964, 967, 968, 969, 970, 972, 974, 976, 979, 980, 981, 982, 983, 984, 986, 988, 990, 991, 992, 993, 994, 995, 996, 997, 999, 1000, 1002, 1007, 1010, 1013, 1016, 1018, 1019, 1020, 1021, 1022, 1024, 1026, 1027, 1028, 1029, 1032, 1033, 1035, 1039, 1041, 1042, 1043, 1044, 1045, 1047, 1048, 1050, 1051, 1052, 1055, 1057, 1058, 1060, 1065, 1066, 1067, 1069, 1070, 1071, 1075, 1077, 1078, 1083, 1086, 1090, 1091, 1093, 1094, 1095, 1096, 1097, 1098, 1099, 1102, 1104, 1106, 1109, 1110, 1112, 1115, 1116, 1118, 1120, 1121, 1123, 1124, 1126, 1127, 1128, 1134, 1136, 1137, 1138, 1140, 1141, 1143, 1145, 1147, 1148, 1149, 1151, 1152, 1154, 1155, 1161, 1163, 1167, 1168, 1169, 1172, 1174, 1175, 1181, 1183, 1187, 1188, 1189, 1191, 1194, 1195, 1196, 1197, 1202, 1204, 1208, 1209, 1210, 1211, 1212, 1213, 1214, 1215, 1216, 1221, 1222, 1223, 1226, 1227, 1228, 1229, 1230, 1232, 1233, 1234, 1236, 1238, 1239, 1240, 1241, 1242, 1243, 1246, 1247, 1252, 1254, 1255, 1257, 1258, 1259, 1260, 1267, 1268, 1269, 1270, 1271, 1277, 1278, 1279, 1280, 1281, 1282, 1283, 1286, 1288, 1292, 1294, 1296, 1298, 1300, 1301, 1302, 1303, 1305, 1307, 1311, 1313, 1314, 1317, 1318, 1322, 1323, 1325, 1326, 1327, 1328, 1329, 1332, 1333, 1335, 1336, 1338, 1339, 1342, 1343, 1347, 1350, 1351, 1352, 1353, 1356, 1360, 1362, 1364, 1366, 1369, 1371, 1372, 1373, 1374, 1375, 1377, 1378, 1382, 1384, 1387, 1388, 1392, 1393, 1397, 1399, 1401, 1404, 1405, 1408, 1409, 1410, 1411, 1412, 1413, 1415, 1417, 1418, 1421, 1422, 1425, 1426, 1431, 1434, 1436, 1438, 1440, 1446, 1447, 1451, 1453, 1454, 1456, 1457, 1461, 1466, 1467, 1469, 1473, 1474, 1477, 1481, 1482, 1484, 1486, 1488, 1496, 1498, 1501, 1502, 1505, 1508, 1509, 1510, 1511, 1512, 1513, 1514, 1517, 1521, 1524, 1525, 1527, 1531, 1535, 1537, 1538, 1541, 1543, 1546, 1549, 1550, 1557, 1558, 1560, 1566, 1567, 1569, 1570, 1574, 1579, 1584, 1586, 1588, 1591, 1595, 1596, 1600, 1601, 1603, 1604, 1608, 1613, 1616, 1617, 1618, 1621, 1625, 1626, 1627, 1628, 1633, 1638, 1640, 1643, 1645, 1649, 1653, 1658, 1661, 1665, 1666, 1669, 1673, 1674, 1675, 1676, 1677, 1678, 1679, 1680, 1686, 1687, 1688, 1691, 1693, 1696, 1697, 1701, 1709, 1713, 1714, 1716, 1719, 1722, 1724, 1731, 1734, 1736, 1737, 1740, 1742, 1744, 1745, 1747, 1748, 1754, 1758, 1760, 1764, 1773, 1774, 1777, 1781, 1784, 1791, 1793, 1796, 1797, 1800, 1805, 1809, 1816, 1817, 1819, 1820, 1822, 1825, 1830, 1832, 1833, 1836, 1838, 1839, 1840, 1843, 1845, 1848, 1849, 1853, 1854, 1856, 1858, 1861, 1864, 1866, 1867, 1869, 1870, 1874, 1875, 1876, 1877, 1878, 1879, 1880, 1882, 1883, 1885, 1888, 1892, 1895, 1897, 1898, 1899, 1902, 1905, 1906, 1910, 1915, 1918, 1919, 1927, 1929, 1953, 1954, 1959, 1965, 1967, 1970, 1971, 1975, 1976, 1977, 1979, 1982, 1983, 1984, 1991, 1993, 1997, 1998, 2002, 2003, 2016, 2017, 2019, 2020, 2021, 2022, 2025, 2026, 2027, 2032, 2036, 2037, 2039, 2054, 2057, 2066, 2071, 2073, 2075, 2076, 2078, 2079, 2081, 2089, 2092, 2093, 2096, 2097, 2106, 2111, 2113, 2115, 2120, 2121, 2122, 2123, 2124, 2128, 2134, 2136, 2137, 2138, 2144, 2147, 2153, 2155, 2156, 2158, 2159, 2160, 2162, 2164, 2167, 2179, 2182, 2189, 2190, 2191, 2192, 2195, 2199, 2208, 2210, 2218, 2219, 2220, 2249, 2250, 2251, 2253, 2254, 2257, 2258, 2259, 2262, 2266, 2275, 2277, 2283, 2284, 2285, 2302, 2304, 2306, 2308, 2309, 2314, 2315, 2316, 2317, 2318, 2323, 2326, 2328, 2333, 2335, 2336, 2337, 2338, 2340, 2342, 2343, 2368, 2373, 2375, 2379, 2380, 2392, 2393, 2395, 2398, 2401, 2405, 2406, 2409, 2412, 2416, 2417, 2426, 2428, 2430, 2431, 2433, 2434, 2438, 2442, 2453, 2454, 2455, 2456, 2457, 2461, 2462, 2465, 2468, 2478, 2480, 2482, 2486, 2487, 2491, 2498, 2502, 2503, 2506, 2508, 2509, 2512, 2513, 2523, 2527, 2532, 2536, 2537, 2538, 2539, 2540, 2541, 2542, 2550, 2551, 2562, 2568, 2569, 2573, 2579, 2581, 2585, 2592, 2597, 2600, 2602, 2604, 2609, 2617, 2622, 2634, 2638, 2645, 2648, 2672, 2682, 2686, 2693, 2694, 2700, 2706, 2711, 2712, 2715, 2719, 2722, 2734, 2736, 2741, 2761, 2762, 2772, 2773, 2774, 2775, 2776, 2777, 2779, 2780, 2782, 2785, 2787, 2788, 2794, 2804, 2806, 2808, 2810, 2811, 2817, 2840, 2842, 2846, 2858, 2863, 2865, 2869, 2873, 2886, 2889, 2904, 2910, 2911, 2912, 2921, 2922, 2925, 2932, 2933, 2934, 2951, 2955, 2959, 2962, 2966, 2967, 2969, 2979, 2981, 2986, 2989, 2990, 2992, 2993, 2996, 3008, 3009, 3029, 3033, 3044, 3053, 3056, 3058, 3059, 3065, 3076, 3079, 3097, 3102, 3104, 3111, 3132, 3133, 3135, 3147, 3155, 3157, 3158, 3161, 3178, 3179, 3185, 3204, 3211, 3214, 3222, 3224, 3238, 3242, 3249, 3268, 3275, 3279, 3284, 3288, 3296, 3297, 3300, 3307, 3328, 3335, 3343, 3365, 3376, 3378, 3379, 3388, 3390, 3391, 3392, 3396, 3399, 3401, 3408, 3418, 3420, 3425, 3426, 3441, 3445, 3447, 3448, 3459, 3468, 3470, 3486, 3488, 3489, 3490, 3491, 3495, 3497, 3498, 3501, 3507, 3511, 3524, 3525, 3551, 3552, 3563, 3571, 3589, 3590, 3597, 3598, 3601, 3617, 3643, 3677, 3686, 3708, 3715, 3739, 3741, 3746, 3751, 3763, 3767, 3777, 3781, 3805, 3829, 3837, 3843, 3851, 3861, 3883, 3884, 3887, 3893, 3898, 3934, 3938, 3950, 3956, 3966, 3974, 3985, 3987, 4008, 4018, 4019, 4021, 4026, 4035, 4047, 4056, 4067, 4072, 4076, 4085, 4094, 4102, 4107, 4120, 4130, 4132, 4133, 4136, 4139, 4157, 4162, 4163, 4166, 4170, 4171]
  Output projection dimensions: [128, 101]
🔄 Auto-resizing output layer: 101 -> 5000
Resizing output layer from 101 to 5000 tokens
Output layer successfully resized to vocabulary size 5000
✅ Output layer successfully resized to 5000
🧵 Thread ThreadId(132) state: ResizingVocabulary -> ForwardPass (after 968.246µs)
✅ Standard training completed in 16.814220263s with loss 8.516057
🧵 Thread ThreadId(126) state: ForwardPass -> Completed (after 16.822344947s)
    ✅ Thread batch-worker-2 completed train_step for batch 20 in 16.83s
    ✅ Thread batch-worker-2 added batch 20 results to shared collection
    ✅ Thread batch-worker-2 sent batch 20 completion message
✅ Thread batch-worker-2 completed batch 20. Progress: 2/22
🔸 Reusing existing thread pool for 'data_loading' operation
    📊 Batch 21/22 - Loss: 8.516057 - Avg: 8.516238 - Prep: 0.005s - Train: 16.829s
Data loading with 14 threads
Processing 16 chunks across 14 threads
Batch prep timing: total=4ms (collect=1ms, min_len=0ms, truncate=1ms, targets=1ms)
    🔄 Thread batch-worker-2 starting train_step for batch 14
Initializing enhanced model with configuration:
  model_dim: 128 (validated: 128)
  ff_dim: 512 (validated: 512)
  num_heads: 4 (validated: 4)
  num_layers: 2 (validated: 2)
  dropout_rate: 0.1
  learning_rate: 0.0001
Initializing output_projection: model_dim=128, vocab_size=101
🧵 Thread ThreadId(133) state: Idle -> PreparingBatch (after 98ns)
🧵 Thread ThreadId(133) state: PreparingBatch -> ResizingVocabulary (after 18.664µs)
⚠️ TARGET ID ISSUE DETECTED:
  Current output layer size: 101
  Maximum valid target ID: 100
  Maximum ID in batch: 4174
  Unique out-of-range IDs in batch: [103, 104, 105, 106, 107, 108, 109, 110, 111, 112, 115, 116, 118, 119, 120, 121, 122, 123, 126, 127, 128, 130, 132, 133, 134, 135, 136, 138, 139, 144, 145, 148, 150, 151, 152, 153, 154, 155, 156, 161, 162, 163, 165, 168, 170, 171, 175, 176, 178, 180, 181, 182, 183, 184, 186, 189, 191, 192, 193, 195, 196, 198, 200, 203, 204, 205, 206, 207, 209, 211, 212, 213, 214, 215, 217, 219, 225, 227, 228, 234, 235, 236, 237, 238, 241, 243, 245, 246, 248, 249, 251, 253, 257, 263, 264, 266, 270, 271, 272, 273, 274, 275, 276, 278, 280, 281, 282, 283, 284, 285, 286, 290, 291, 298, 300, 301, 302, 306, 307, 308, 312, 314, 315, 318, 320, 321, 322, 323, 325, 326, 327, 328, 331, 333, 337, 338, 340, 343, 345, 346, 347, 348, 350, 352, 353, 355, 356, 358, 359, 361, 362, 364, 365, 366, 367, 368, 369, 371, 372, 373, 374, 375, 376, 377, 379, 380, 383, 385, 387, 390, 393, 394, 395, 397, 400, 401, 405, 407, 410, 412, 417, 418, 420, 421, 422, 423, 424, 426, 427, 429, 430, 431, 433, 435, 436, 439, 440, 441, 442, 443, 446, 447, 448, 451, 452, 455, 457, 458, 463, 464, 467, 468, 470, 471, 472, 473, 476, 477, 478, 479, 480, 482, 486, 490, 492, 495, 497, 498, 502, 504, 508, 510, 512, 516, 517, 518, 519, 520, 521, 523, 524, 525, 526, 527, 531, 533, 534, 537, 538, 539, 540, 543, 545, 547, 549, 550, 551, 558, 559, 561, 562, 563, 566, 569, 571, 572, 575, 576, 582, 583, 584, 587, 589, 591, 595, 596, 597, 598, 599, 600, 601, 602, 603, 604, 605, 606, 607, 608, 609, 610, 611, 616, 619, 622, 624, 627, 631, 632, 633, 634, 636, 641, 642, 645, 649, 650, 651, 654, 655, 657, 658, 660, 663, 672, 675, 676, 678, 680, 681, 682, 683, 684, 685, 687, 689, 691, 694, 697, 699, 701, 702, 704, 706, 708, 711, 713, 715, 716, 720, 722, 727, 729, 734, 735, 737, 738, 741, 742, 743, 744, 746, 748, 749, 751, 752, 753, 754, 755, 756, 758, 760, 761, 762, 763, 764, 767, 768, 770, 772, 773, 774, 775, 776, 778, 782, 783, 787, 788, 794, 795, 796, 797, 799, 800, 807, 810, 811, 813, 814, 817, 819, 821, 823, 824, 825, 826, 828, 831, 833, 836, 838, 843, 845, 847, 849, 853, 854, 858, 859, 860, 861, 863, 865, 867, 868, 869, 870, 872, 873, 876, 877, 879, 880, 881, 882, 884, 885, 886, 888, 893, 899, 900, 901, 902, 903, 904, 905, 906, 908, 912, 914, 915, 916, 917, 918, 919, 921, 922, 923, 924, 927, 937, 938, 939, 940, 941, 942, 943, 944, 947, 948, 951, 952, 953, 955, 956, 959, 960, 963, 964, 967, 968, 969, 970, 972, 974, 976, 979, 980, 981, 982, 983, 984, 986, 988, 990, 991, 993, 994, 995, 996, 1000, 1001, 1002, 1004, 1007, 1010, 1013, 1016, 1018, 1020, 1021, 1022, 1024, 1025, 1026, 1027, 1028, 1031, 1032, 1033, 1035, 1039, 1041, 1042, 1043, 1044, 1045, 1047, 1048, 1050, 1051, 1052, 1055, 1057, 1058, 1060, 1064, 1065, 1066, 1067, 1069, 1070, 1071, 1075, 1076, 1078, 1079, 1082, 1083, 1086, 1087, 1089, 1090, 1091, 1093, 1094, 1095, 1096, 1097, 1100, 1102, 1106, 1109, 1110, 1112, 1115, 1116, 1118, 1121, 1123, 1124, 1126, 1132, 1134, 1136, 1137, 1138, 1140, 1141, 1142, 1143, 1145, 1147, 1148, 1151, 1155, 1156, 1161, 1163, 1169, 1171, 1172, 1174, 1175, 1177, 1181, 1187, 1188, 1189, 1190, 1194, 1195, 1196, 1197, 1202, 1208, 1209, 1210, 1211, 1212, 1213, 1214, 1216, 1220, 1221, 1222, 1223, 1227, 1228, 1229, 1230, 1232, 1233, 1234, 1237, 1239, 1240, 1242, 1243, 1246, 1247, 1248, 1249, 1252, 1253, 1254, 1255, 1260, 1261, 1265, 1267, 1270, 1271, 1273, 1277, 1278, 1281, 1286, 1287, 1288, 1290, 1292, 1294, 1296, 1298, 1300, 1301, 1302, 1303, 1309, 1311, 1314, 1316, 1317, 1318, 1322, 1323, 1324, 1325, 1326, 1327, 1328, 1329, 1335, 1336, 1337, 1339, 1342, 1347, 1350, 1352, 1353, 1360, 1362, 1364, 1366, 1369, 1373, 1374, 1375, 1377, 1378, 1380, 1382, 1385, 1387, 1388, 1392, 1394, 1399, 1401, 1403, 1404, 1406, 1408, 1409, 1410, 1411, 1412, 1413, 1415, 1416, 1417, 1418, 1421, 1422, 1425, 1426, 1427, 1430, 1436, 1437, 1440, 1442, 1445, 1447, 1449, 1453, 1454, 1456, 1461, 1464, 1469, 1477, 1478, 1481, 1482, 1488, 1489, 1492, 1493, 1495, 1496, 1500, 1508, 1510, 1512, 1513, 1514, 1517, 1521, 1524, 1525, 1531, 1533, 1535, 1537, 1540, 1541, 1546, 1549, 1550, 1554, 1555, 1558, 1559, 1567, 1569, 1570, 1574, 1579, 1580, 1584, 1586, 1588, 1591, 1595, 1596, 1598, 1600, 1601, 1602, 1606, 1609, 1610, 1611, 1612, 1614, 1616, 1617, 1618, 1623, 1627, 1631, 1633, 1638, 1640, 1643, 1645, 1649, 1650, 1651, 1653, 1656, 1658, 1661, 1662, 1665, 1669, 1671, 1673, 1675, 1676, 1677, 1678, 1680, 1681, 1685, 1686, 1693, 1694, 1697, 1698, 1701, 1709, 1710, 1713, 1716, 1718, 1719, 1724, 1726, 1733, 1744, 1747, 1749, 1752, 1753, 1754, 1762, 1764, 1768, 1769, 1772, 1774, 1783, 1787, 1788, 1790, 1791, 1796, 1800, 1804, 1805, 1807, 1809, 1815, 1816, 1817, 1820, 1822, 1826, 1830, 1835, 1838, 1840, 1841, 1843, 1848, 1849, 1852, 1853, 1854, 1856, 1857, 1858, 1860, 1872, 1875, 1876, 1877, 1882, 1884, 1885, 1887, 1894, 1898, 1900, 1909, 1910, 1914, 1917, 1918, 1919, 1927, 1931, 1933, 1941, 1942, 1945, 1952, 1953, 1961, 1965, 1970, 1971, 1975, 1976, 1977, 1978, 1979, 1980, 1982, 1983, 1984, 1985, 1989, 1993, 2000, 2001, 2002, 2003, 2004, 2007, 2010, 2011, 2016, 2017, 2020, 2022, 2023, 2026, 2028, 2030, 2038, 2048, 2051, 2054, 2055, 2058, 2066, 2071, 2076, 2079, 2080, 2081, 2084, 2091, 2092, 2097, 2099, 2102, 2107, 2108, 2110, 2111, 2112, 2113, 2115, 2121, 2123, 2124, 2129, 2130, 2134, 2136, 2137, 2138, 2142, 2144, 2147, 2148, 2149, 2151, 2154, 2155, 2156, 2157, 2161, 2162, 2164, 2166, 2176, 2180, 2181, 2189, 2192, 2199, 2201, 2202, 2209, 2210, 2211, 2212, 2213, 2217, 2218, 2220, 2222, 2223, 2228, 2235, 2236, 2237, 2239, 2245, 2249, 2253, 2258, 2259, 2261, 2265, 2266, 2271, 2278, 2284, 2291, 2297, 2303, 2305, 2306, 2311, 2315, 2317, 2318, 2319, 2320, 2321, 2328, 2335, 2336, 2337, 2338, 2339, 2340, 2343, 2347, 2349, 2356, 2364, 2370, 2373, 2374, 2376, 2377, 2393, 2394, 2396, 2397, 2398, 2407, 2408, 2409, 2414, 2421, 2422, 2426, 2429, 2433, 2441, 2442, 2446, 2454, 2455, 2456, 2462, 2473, 2474, 2479, 2480, 2483, 2491, 2494, 2499, 2501, 2505, 2506, 2510, 2511, 2512, 2514, 2515, 2520, 2525, 2529, 2530, 2531, 2532, 2536, 2537, 2543, 2549, 2550, 2551, 2556, 2562, 2563, 2568, 2570, 2573, 2579, 2581, 2583, 2602, 2607, 2609, 2612, 2613, 2617, 2620, 2623, 2628, 2629, 2630, 2646, 2648, 2649, 2653, 2655, 2661, 2667, 2674, 2676, 2682, 2683, 2692, 2696, 2700, 2701, 2704, 2708, 2710, 2712, 2722, 2728, 2736, 2738, 2744, 2751, 2753, 2755, 2763, 2771, 2774, 2778, 2779, 2780, 2782, 2783, 2785, 2786, 2794, 2796, 2805, 2809, 2812, 2822, 2832, 2842, 2843, 2854, 2858, 2863, 2869, 2875, 2876, 2886, 2887, 2890, 2891, 2894, 2900, 2902, 2909, 2910, 2912, 2913, 2915, 2921, 2927, 2929, 2934, 2936, 2944, 2949, 2953, 2954, 2959, 2961, 2973, 2974, 2979, 2990, 2991, 2996, 3000, 3002, 3008, 3009, 3010, 3025, 3028, 3031, 3034, 3036, 3041, 3045, 3047, 3050, 3059, 3063, 3069, 3072, 3080, 3081, 3082, 3083, 3090, 3093, 3101, 3108, 3112, 3119, 3121, 3132, 3136, 3155, 3164, 3173, 3187, 3191, 3193, 3195, 3203, 3213, 3214, 3228, 3232, 3235, 3237, 3238, 3239, 3242, 3246, 3254, 3273, 3286, 3299, 3307, 3313, 3315, 3318, 3324, 3335, 3350, 3352, 3353, 3358, 3370, 3372, 3373, 3374, 3379, 3381, 3382, 3388, 3407, 3408, 3409, 3410, 3411, 3418, 3421, 3423, 3425, 3432, 3433, 3435, 3443, 3444, 3446, 3449, 3454, 3457, 3461, 3463, 3474, 3476, 3481, 3491, 3498, 3500, 3510, 3512, 3513, 3516, 3520, 3521, 3526, 3561, 3575, 3588, 3598, 3609, 3615, 3626, 3641, 3655, 3656, 3657, 3683, 3697, 3707, 3718, 3728, 3740, 3741, 3742, 3744, 3745, 3756, 3757, 3761, 3762, 3765, 3766, 3767, 3776, 3789, 3817, 3820, 3848, 3851, 3855, 3884, 3890, 3901, 3905, 3923, 3945, 3946, 3958, 3961, 3965, 3969, 3976, 3978, 3982, 4013, 4021, 4036, 4039, 4043, 4044, 4056, 4072, 4082, 4091, 4101, 4105, 4122, 4124, 4141, 4144, 4145, 4146, 4147, 4160, 4173, 4174]
  Output projection dimensions: [128, 101]
🔄 Auto-resizing output layer: 101 -> 5000
Resizing output layer from 101 to 5000 tokens
Output layer successfully resized to vocabulary size 5000
✅ Output layer successfully resized to 5000
🧵 Thread ThreadId(133) state: ResizingVocabulary -> ForwardPass (after 992.842µs)
✅ Standard training completed in 20.101212437s with loss 8.516057
🧵 Thread ThreadId(129) state: ForwardPass -> Completed (after 20.110825816s)
    ✅ Thread batch-worker-4 completed train_step for batch 18 in 20.13s
    ✅ Thread batch-worker-4 added batch 18 results to shared collection
    ✅ Thread batch-worker-4 sent batch 18 completion message
🔸 Reusing existing thread pool for 'data_loading' operation
Data loading with 14 threads
Processing 16 chunks across 14 threads
Batch prep timing: total=5ms (collect=1ms, min_len=0ms, truncate=1ms, targets=1ms)
    🔄 Thread batch-worker-4 starting train_step for batch 13
Initializing enhanced model with configuration:
  model_dim: 128 (validated: 128)
  ff_dim: 512 (validated: 512)
  num_heads: 4 (validated: 4)
  num_layers: 2 (validated: 2)
  dropout_rate: 0.1
  learning_rate: 0.0001
Initializing output_projection: model_dim=128, vocab_size=101
🧵 Thread ThreadId(134) state: Idle -> PreparingBatch (after 128ns)
🧵 Thread ThreadId(134) state: PreparingBatch -> ResizingVocabulary (after 72.718µs)
⚠️ TARGET ID ISSUE DETECTED:
  Current output layer size: 101
  Maximum valid target ID: 100
  Maximum ID in batch: 4173
  Unique out-of-range IDs in batch: [103, 104, 105, 107, 108, 109, 110, 111, 113, 115, 116, 117, 118, 119, 121, 122, 123, 126, 128, 130, 131, 132, 134, 135, 136, 137, 141, 144, 145, 146, 148, 150, 151, 152, 153, 156, 157, 161, 164, 168, 170, 173, 175, 176, 178, 180, 181, 182, 184, 186, 188, 189, 191, 193, 195, 198, 200, 204, 206, 207, 208, 209, 210, 211, 214, 215, 216, 217, 219, 225, 227, 231, 232, 233, 234, 236, 237, 238, 241, 243, 245, 247, 248, 251, 255, 257, 259, 265, 266, 270, 271, 272, 273, 274, 275, 276, 278, 280, 282, 283, 284, 285, 286, 291, 298, 300, 301, 302, 304, 306, 307, 308, 312, 314, 315, 318, 320, 323, 325, 326, 327, 328, 331, 332, 333, 339, 340, 343, 345, 346, 347, 348, 352, 353, 356, 358, 359, 361, 362, 364, 365, 366, 367, 368, 369, 371, 372, 373, 374, 376, 377, 380, 383, 385, 387, 389, 390, 394, 395, 396, 397, 398, 401, 405, 407, 410, 412, 413, 417, 418, 420, 421, 422, 423, 424, 426, 427, 429, 430, 431, 433, 435, 437, 440, 441, 442, 446, 447, 448, 452, 454, 455, 457, 458, 459, 463, 464, 467, 468, 470, 471, 473, 474, 476, 477, 478, 479, 480, 481, 482, 486, 490, 495, 497, 498, 502, 503, 504, 508, 510, 512, 516, 517, 518, 519, 521, 523, 524, 526, 527, 533, 534, 537, 538, 539, 540, 543, 545, 547, 550, 551, 558, 559, 560, 561, 562, 563, 564, 566, 567, 569, 571, 572, 574, 575, 576, 582, 583, 587, 589, 591, 594, 595, 596, 598, 600, 601, 602, 604, 605, 606, 607, 608, 609, 610, 611, 616, 619, 622, 624, 625, 627, 632, 633, 634, 638, 641, 642, 645, 649, 650, 651, 654, 655, 657, 660, 662, 671, 675, 676, 678, 680, 681, 682, 683, 684, 685, 687, 689, 691, 693, 698, 701, 702, 704, 706, 709, 711, 715, 716, 725, 726, 727, 729, 734, 735, 737, 738, 741, 742, 743, 744, 746, 747, 748, 751, 752, 753, 754, 755, 756, 758, 760, 762, 763, 764, 767, 768, 770, 772, 774, 775, 776, 778, 782, 783, 787, 788, 794, 795, 796, 797, 799, 800, 801, 805, 807, 808, 810, 811, 813, 814, 817, 819, 823, 824, 825, 826, 828, 831, 833, 834, 838, 843, 845, 847, 849, 853, 854, 858, 860, 861, 862, 863, 865, 867, 868, 869, 870, 872, 873, 875, 876, 877, 879, 880, 881, 882, 884, 885, 886, 888, 892, 893, 899, 900, 901, 902, 903, 904, 905, 908, 912, 913, 914, 915, 916, 917, 918, 919, 920, 922, 924, 927, 931, 937, 938, 939, 940, 941, 942, 943, 944, 947, 948, 950, 951, 952, 953, 956, 959, 962, 963, 964, 967, 968, 969, 970, 972, 974, 979, 980, 981, 982, 984, 986, 990, 992, 993, 994, 995, 996, 1001, 1002, 1004, 1007, 1010, 1013, 1016, 1018, 1020, 1021, 1022, 1023, 1024, 1026, 1027, 1028, 1029, 1031, 1032, 1033, 1035, 1039, 1041, 1043, 1044, 1045, 1046, 1047, 1048, 1051, 1052, 1055, 1056, 1057, 1058, 1060, 1061, 1064, 1065, 1066, 1067, 1069, 1070, 1071, 1074, 1075, 1078, 1082, 1083, 1087, 1090, 1091, 1093, 1094, 1095, 1096, 1097, 1098, 1099, 1100, 1102, 1104, 1106, 1109, 1110, 1112, 1114, 1115, 1116, 1118, 1120, 1121, 1123, 1124, 1126, 1127, 1128, 1132, 1134, 1136, 1137, 1138, 1140, 1141, 1143, 1145, 1147, 1148, 1149, 1151, 1154, 1155, 1161, 1163, 1169, 1171, 1172, 1174, 1175, 1177, 1181, 1187, 1189, 1190, 1196, 1197, 1202, 1208, 1209, 1210, 1212, 1213, 1214, 1215, 1216, 1220, 1222, 1223, 1226, 1227, 1229, 1230, 1233, 1234, 1239, 1240, 1241, 1242, 1243, 1246, 1247, 1248, 1249, 1252, 1253, 1254, 1255, 1259, 1260, 1261, 1265, 1268, 1269, 1270, 1271, 1277, 1278, 1280, 1281, 1282, 1284, 1286, 1287, 1288, 1290, 1292, 1294, 1298, 1300, 1301, 1302, 1303, 1305, 1307, 1309, 1311, 1312, 1314, 1317, 1322, 1323, 1324, 1325, 1327, 1328, 1329, 1332, 1333, 1335, 1336, 1337, 1338, 1339, 1350, 1352, 1353, 1354, 1356, 1360, 1361, 1362, 1364, 1366, 1369, 1372, 1373, 1374, 1375, 1377, 1378, 1379, 1380, 1384, 1385, 1387, 1388, 1394, 1399, 1401, 1403, 1404, 1405, 1406, 1407, 1408, 1410, 1412, 1413, 1415, 1416, 1417, 1421, 1425, 1427, 1434, 1436, 1437, 1438, 1440, 1442, 1445, 1447, 1449, 1450, 1451, 1453, 1454, 1456, 1457, 1461, 1466, 1467, 1468, 1469, 1473, 1474, 1477, 1478, 1481, 1484, 1486, 1488, 1491, 1495, 1496, 1500, 1501, 1502, 1508, 1510, 1511, 1513, 1514, 1517, 1521, 1523, 1524, 1525, 1527, 1533, 1537, 1538, 1540, 1541, 1546, 1551, 1554, 1555, 1557, 1558, 1560, 1562, 1563, 1565, 1566, 1567, 1570, 1574, 1579, 1588, 1590, 1591, 1592, 1595, 1598, 1600, 1604, 1609, 1611, 1612, 1614, 1617, 1620, 1621, 1623, 1624, 1625, 1627, 1628, 1640, 1645, 1646, 1650, 1651, 1656, 1665, 1666, 1669, 1671, 1672, 1673, 1676, 1677, 1680, 1681, 1685, 1686, 1687, 1688, 1693, 1696, 1697, 1698, 1699, 1701, 1708, 1709, 1710, 1714, 1718, 1719, 1721, 1722, 1724, 1727, 1733, 1740, 1743, 1745, 1748, 1750, 1752, 1753, 1754, 1756, 1758, 1760, 1762, 1768, 1772, 1775, 1776, 1787, 1788, 1789, 1790, 1795, 1796, 1797, 1807, 1809, 1812, 1817, 1820, 1827, 1835, 1836, 1838, 1840, 1841, 1843, 1845, 1846, 1848, 1849, 1853, 1854, 1858, 1862, 1863, 1864, 1867, 1868, 1869, 1870, 1871, 1873, 1875, 1876, 1879, 1883, 1887, 1891, 1894, 1899, 1903, 1904, 1905, 1908, 1910, 1917, 1927, 1931, 1935, 1940, 1941, 1942, 1947, 1949, 1951, 1952, 1953, 1958, 1961, 1966, 1967, 1969, 1970, 1971, 1976, 1991, 1993, 1997, 2002, 2013, 2014, 2016, 2019, 2022, 2029, 2030, 2031, 2032, 2039, 2051, 2076, 2079, 2081, 2084, 2087, 2089, 2091, 2102, 2106, 2107, 2113, 2114, 2115, 2116, 2117, 2118, 2120, 2136, 2139, 2140, 2144, 2147, 2150, 2152, 2155, 2156, 2161, 2164, 2180, 2181, 2184, 2185, 2191, 2201, 2202, 2207, 2211, 2212, 2213, 2216, 2218, 2220, 2225, 2228, 2233, 2235, 2236, 2237, 2239, 2242, 2244, 2250, 2251, 2253, 2257, 2258, 2259, 2261, 2265, 2268, 2271, 2272, 2274, 2275, 2283, 2291, 2292, 2297, 2302, 2303, 2305, 2307, 2309, 2312, 2314, 2315, 2317, 2318, 2320, 2323, 2324, 2325, 2330, 2334, 2335, 2336, 2338, 2339, 2341, 2342, 2343, 2344, 2349, 2350, 2351, 2370, 2374, 2375, 2379, 2380, 2397, 2405, 2406, 2407, 2411, 2412, 2416, 2421, 2422, 2431, 2433, 2434, 2447, 2448, 2453, 2457, 2459, 2461, 2462, 2465, 2480, 2483, 2491, 2494, 2495, 2498, 2499, 2504, 2506, 2508, 2510, 2513, 2530, 2534, 2538, 2540, 2542, 2544, 2550, 2560, 2565, 2574, 2579, 2581, 2583, 2587, 2588, 2590, 2591, 2599, 2600, 2605, 2606, 2608, 2622, 2628, 2643, 2648, 2649, 2655, 2671, 2672, 2674, 2675, 2682, 2686, 2688, 2689, 2696, 2706, 2707, 2708, 2710, 2714, 2723, 2730, 2734, 2741, 2746, 2747, 2749, 2750, 2754, 2765, 2772, 2775, 2780, 2783, 2791, 2806, 2819, 2821, 2827, 2831, 2836, 2842, 2843, 2845, 2865, 2868, 2869, 2894, 2895, 2900, 2901, 2902, 2907, 2908, 2911, 2915, 2916, 2918, 2919, 2924, 2925, 2934, 2939, 2943, 2945, 2960, 2962, 2964, 2967, 2972, 2974, 2975, 2984, 2991, 2995, 2996, 3014, 3019, 3023, 3024, 3029, 3032, 3033, 3034, 3038, 3041, 3051, 3052, 3054, 3061, 3063, 3065, 3069, 3070, 3072, 3076, 3079, 3082, 3083, 3084, 3087, 3092, 3094, 3097, 3105, 3113, 3116, 3121, 3130, 3134, 3147, 3149, 3155, 3158, 3168, 3172, 3173, 3181, 3193, 3198, 3201, 3211, 3212, 3223, 3226, 3235, 3242, 3249, 3253, 3255, 3260, 3265, 3271, 3274, 3275, 3289, 3290, 3301, 3304, 3308, 3312, 3320, 3321, 3334, 3335, 3339, 3341, 3348, 3353, 3354, 3358, 3386, 3398, 3407, 3412, 3415, 3418, 3423, 3424, 3428, 3429, 3434, 3436, 3437, 3439, 3453, 3456, 3472, 3477, 3488, 3506, 3514, 3522, 3525, 3526, 3573, 3575, 3579, 3588, 3589, 3610, 3617, 3626, 3645, 3655, 3657, 3659, 3664, 3671, 3698, 3707, 3714, 3716, 3722, 3744, 3752, 3756, 3762, 3763, 3771, 3782, 3786, 3805, 3813, 3817, 3822, 3837, 3842, 3843, 3849, 3857, 3858, 3875, 3886, 3898, 3904, 3924, 3934, 3944, 3961, 3965, 3983, 3987, 3995, 3996, 4001, 4007, 4009, 4019, 4020, 4022, 4029, 4040, 4042, 4047, 4048, 4071, 4072, 4073, 4112, 4116, 4137, 4147, 4148, 4149, 4154, 4155, 4157, 4172, 4173]
  Output projection dimensions: [128, 101]
🔄 Auto-resizing output layer: 101 -> 5000
Resizing output layer from 101 to 5000 tokens
Output layer successfully resized to vocabulary size 5000
✅ Output layer successfully resized to 5000
🧵 Thread ThreadId(134) state: ResizingVocabulary -> ForwardPass (after 2.356412ms)
✅ Standard training completed in 23.439535818s with loss 8.516057
🧵 Thread ThreadId(131) state: ForwardPass -> Completed (after 23.442429742s)
    ✅ Thread batch-worker-5 completed train_step for batch 17 in 23.47s
    ✅ Thread batch-worker-5 added batch 17 results to shared collection
    ✅ Thread batch-worker-5 sent batch 17 completion message
🔸 Reusing existing thread pool for 'data_loading' operation
Data loading with 14 threads
Processing 16 chunks across 14 threads
✅ Standard training completed in 23.447455974s with loss 8.516057
🧵 Thread ThreadId(128) state: ForwardPass -> Completed (after 23.454329608s)
    ✅ Thread batch-worker-1 completed train_step for batch 19 in 23.48s
    ✅ Thread batch-worker-1 added batch 19 results to shared collection
    ✅ Thread batch-worker-1 sent batch 19 completion message
🔸 Reusing existing thread pool for 'data_loading' operation
Data loading with 14 threads
Batch prep timing: total=5ms (collect=1ms, min_len=0ms, truncate=2ms, targets=1ms)
    🔄 Thread batch-worker-5 starting train_step for batch 12
Initializing enhanced model with configuration:
  model_dim: 128 (validated: 128)
  ff_dim: 512 (validated: 512)
  num_heads: 4 (validated: 4)
  num_layers: 2 (validated: 2)
  dropout_rate: 0.1
  learning_rate: 0.0001
Processing 16 chunks across 14 threads
✅ Standard training completed in 23.447117551s with loss 8.516057
🧵 Thread ThreadId(130) state: ForwardPass -> Completed (after 23.451505708s)
    ✅ Thread batch-worker-3 completed train_step for batch 16 in 23.47s
    ✅ Thread batch-worker-3 added batch 16 results to shared collection
    ✅ Thread batch-worker-3 sent batch 16 completion message
🔄 Thread batch-worker-3 assigned batch 10. Remaining: 10/22
🔸 Reusing existing thread pool for 'data_loading' operation
Data loading with 14 threads
Batch prep timing: total=7ms (collect=0ms, min_len=0ms, truncate=2ms, targets=0ms)
    🔄 Thread batch-worker-1 starting train_step for batch 11
Initializing enhanced model with configuration:
  model_dim: 128 (validated: 128)
  ff_dim: 512 (validated: 512)
  num_heads: 4 (validated: 4)
  num_layers: 2 (validated: 2)
  dropout_rate: 0.1
  learning_rate: 0.0001
Processing 16 chunks across 14 threads
Initializing output_projection: model_dim=128, vocab_size=101
Batch prep timing: total=7ms (collect=0ms, min_len=0ms, truncate=1ms, targets=0ms)
    🔄 Thread batch-worker-3 starting train_step for batch 10
Initializing enhanced model with configuration:
  model_dim: 128 (validated: 128)
  ff_dim: 512 (validated: 512)
  num_heads: 4 (validated: 4)
  num_layers: 2 (validated: 2)
  dropout_rate: 0.1
  learning_rate: 0.0001
🧵 Thread ThreadId(135) state: Idle -> PreparingBatch (after 92ns)
🧵 Thread ThreadId(135) state: PreparingBatch -> ResizingVocabulary (after 17.072µs)
⚠️ TARGET ID ISSUE DETECTED:
  Current output layer size: 101
  Maximum valid target ID: 100
  Maximum ID in batch: 4169
  Unique out-of-range IDs in batch: [106, 107, 108, 110, 112, 115, 116, 117, 118, 119, 120, 121, 123, 126, 128, 129, 130, 131, 132, 134, 135, 137, 139, 144, 147, 148, 150, 151, 153, 154, 155, 156, 157, 161, 165, 168, 169, 170, 175, 176, 178, 180, 183, 184, 185, 186, 188, 189, 191, 193, 195, 196, 198, 200, 205, 206, 207, 209, 211, 214, 217, 219, 225, 227, 232, 234, 236, 237, 238, 241, 243, 245, 247, 248, 251, 253, 255, 257, 260, 264, 265, 266, 267, 268, 269, 270, 271, 272, 273, 274, 275, 276, 278, 280, 282, 284, 285, 286, 290, 291, 295, 298, 300, 301, 302, 305, 306, 307, 308, 312, 315, 318, 320, 322, 323, 324, 325, 326, 327, 328, 331, 332, 333, 340, 343, 345, 346, 348, 352, 353, 356, 357, 358, 359, 361, 362, 364, 365, 366, 367, 368, 369, 371, 372, 373, 374, 376, 377, 379, 383, 385, 386, 387, 388, 389, 390, 394, 395, 397, 399, 400, 401, 407, 408, 410, 413, 417, 418, 420, 421, 422, 423, 424, 426, 427, 429, 430, 431, 433, 435, 440, 441, 442, 446, 447, 448, 452, 455, 457, 458, 463, 464, 465, 467, 468, 470, 471, 473, 476, 477, 478, 479, 480, 482, 486, 490, 495, 497, 498, 502, 504, 507, 508, 509, 510, 511, 512, 516, 517, 518, 519, 521, 524, 525, 526, 527, 530, 533, 534, 537, 538, 539, 540, 541, 543, 545, 547, 551, 554, 556, 558, 559, 561, 562, 563, 566, 569, 571, 572, 575, 576, 582, 583, 585, 587, 589, 591, 594, 595, 596, 597, 598, 600, 601, 602, 604, 606, 607, 608, 609, 610, 611, 614, 616, 619, 622, 624, 627, 631, 632, 633, 634, 638, 641, 642, 645, 649, 650, 651, 654, 655, 657, 660, 663, 675, 676, 678, 680, 681, 682, 683, 684, 685, 687, 689, 691, 693, 699, 701, 702, 704, 706, 708, 711, 715, 716, 719, 726, 727, 729, 732, 734, 735, 736, 737, 738, 741, 742, 743, 744, 746, 747, 748, 749, 751, 752, 753, 754, 755, 756, 758, 760, 762, 763, 764, 767, 768, 770, 772, 774, 775, 776, 778, 782, 783, 787, 795, 796, 797, 799, 800, 801, 807, 810, 811, 813, 814, 817, 818, 819, 820, 821, 824, 825, 826, 828, 831, 833, 834, 836, 838, 843, 845, 847, 848, 849, 853, 858, 860, 861, 863, 865, 867, 869, 870, 872, 873, 876, 877, 879, 880, 882, 884, 885, 886, 888, 892, 893, 899, 900, 901, 902, 903, 904, 905, 906, 908, 912, 914, 915, 916, 917, 918, 919, 922, 923, 924, 925, 927, 932, 937, 938, 939, 940, 941, 942, 943, 944, 947, 948, 952, 953, 955, 956, 959, 960, 963, 964, 967, 968, 969, 970, 972, 974, 979, 980, 981, 982, 983, 984, 986, 990, 991, 992, 993, 994, 996, 1000, 1001, 1002, 1004, 1007, 1010, 1013, 1016, 1017, 1018, 1020, 1021, 1022, 1024, 1026, 1027, 1028, 1029, 1031, 1032, 1033, 1035, 1038, 1039, 1041, 1042, 1043, 1045, 1047, 1048, 1050, 1052, 1055, 1056, 1057, 1058, 1060, 1061, 1065, 1066, 1067, 1069, 1070, 1071, 1074, 1075, 1076, 1077, 1078, 1083, 1086, 1087, 1090, 1091, 1094, 1095, 1096, 1099, 1100, 1102, 1104, 1106, 1109, 1110, 1112, 1115, 1116, 1120, 1121, 1122, 1123, 1124, 1125, 1126, 1128, 1132, 1136, 1137, 1138, 1139, 1140, 1141, 1143, 1145, 1147, 1148, 1149, 1151, 1154, 1155, 1163, 1167, 1168, 1169, 1172, 1174, 1175, 1177, 1178, 1187, 1188, 1189, 1190, 1191, 1194, 1195, 1196, 1197, 1202, 1208, 1209, 1210, 1211, 1212, 1213, 1214, 1215, 1216, 1218, 1222, 1226, 1227, 1228, 1229, 1230, 1232, 1233, 1239, 1240, 1242, 1243, 1246, 1247, 1248, 1249, 1254, 1255, 1259, 1260, 1261, 1265, 1267, 1270, 1271, 1273, 1277, 1278, 1279, 1280, 1281, 1286, 1287, 1288, 1290, 1292, 1294, 1296, 1298, 1302, 1303, 1305, 1309, 1311, 1313, 1314, 1315, 1316, 1317, 1323, 1324, 1325, 1329, 1332, 1333, 1335, 1336, 1337, 1338, 1339, 1340, 1342, 1343, 1347, 1354, 1356, 1360, 1362, 1364, 1366, 1371, 1373, 1375, 1377, 1378, 1380, 1382, 1384, 1385, 1387, 1388, 1392, 1394, 1399, 1401, 1402, 1404, 1405, 1406, 1408, 1410, 1411, 1412, 1413, 1415, 1417, 1418, 1422, 1425, 1426, 1427, 1431, 1434, 1438, 1440, 1442, 1445, 1449, 1450, 1451, 1453, 1456, 1457, 1461, 1464, 1466, 1467, 1473, 1474, 1477, 1482, 1484, 1488, 1492, 1493, 1495, 1498, 1500, 1501, 1502, 1505, 1509, 1510, 1511, 1512, 1513, 1514, 1515, 1517, 1521, 1524, 1525, 1527, 1533, 1535, 1537, 1538, 1540, 1541, 1543, 1549, 1555, 1557, 1558, 1559, 1563, 1565, 1566, 1567, 1568, 1570, 1574, 1576, 1579, 1584, 1588, 1590, 1591, 1595, 1598, 1602, 1603, 1604, 1606, 1608, 1610, 1611, 1612, 1613, 1614, 1616, 1617, 1621, 1623, 1625, 1626, 1628, 1631, 1633, 1638, 1640, 1643, 1645, 1649, 1653, 1656, 1658, 1659, 1660, 1661, 1662, 1664, 1667, 1668, 1669, 1671, 1672, 1673, 1674, 1675, 1676, 1677, 1680, 1681, 1683, 1685, 1686, 1687, 1694, 1696, 1697, 1701, 1708, 1709, 1716, 1718, 1719, 1720, 1722, 1724, 1726, 1734, 1736, 1737, 1740, 1742, 1743, 1744, 1745, 1747, 1748, 1749, 1750, 1754, 1758, 1761, 1762, 1764, 1768, 1771, 1772, 1773, 1774, 1777, 1784, 1786, 1788, 1789, 1795, 1796, 1803, 1805, 1809, 1811, 1812, 1816, 1817, 1819, 1822, 1825, 1835, 1838, 1839, 1840, 1843, 1844, 1845, 1846, 1851, 1853, 1856, 1858, 1862, 1864, 1866, 1867, 1869, 1870, 1873, 1874, 1876, 1878, 1883, 1884, 1885, 1887, 1894, 1895, 1898, 1899, 1902, 1914, 1917, 1919, 1932, 1936, 1941, 1947, 1949, 1950, 1951, 1959, 1961, 1965, 1969, 1971, 1974, 1975, 1976, 1977, 1979, 1982, 1984, 1985, 1991, 1992, 1993, 1997, 2003, 2013, 2015, 2016, 2019, 2026, 2029, 2038, 2039, 2044, 2048, 2051, 2055, 2061, 2066, 2068, 2075, 2076, 2078, 2080, 2089, 2091, 2096, 2097, 2099, 2102, 2106, 2107, 2110, 2114, 2116, 2118, 2120, 2121, 2123, 2124, 2127, 2138, 2139, 2140, 2143, 2144, 2147, 2150, 2154, 2159, 2169, 2175, 2176, 2180, 2182, 2189, 2190, 2192, 2199, 2202, 2204, 2210, 2211, 2212, 2217, 2220, 2226, 2228, 2233, 2235, 2240, 2241, 2242, 2244, 2250, 2254, 2256, 2261, 2262, 2268, 2274, 2275, 2277, 2283, 2284, 2285, 2291, 2300, 2303, 2304, 2311, 2312, 2314, 2315, 2316, 2317, 2324, 2325, 2327, 2330, 2335, 2337, 2340, 2342, 2349, 2351, 2353, 2354, 2356, 2360, 2370, 2374, 2375, 2377, 2380, 2395, 2397, 2402, 2404, 2409, 2412, 2416, 2419, 2426, 2427, 2428, 2429, 2431, 2434, 2436, 2446, 2448, 2450, 2453, 2465, 2469, 2470, 2476, 2482, 2489, 2498, 2505, 2510, 2512, 2513, 2515, 2520, 2523, 2526, 2527, 2529, 2531, 2534, 2535, 2539, 2540, 2541, 2543, 2545, 2546, 2548, 2554, 2557, 2562, 2563, 2579, 2585, 2590, 2592, 2596, 2597, 2601, 2602, 2604, 2606, 2607, 2608, 2611, 2620, 2621, 2622, 2635, 2638, 2643, 2645, 2653, 2668, 2672, 2681, 2682, 2684, 2691, 2693, 2696, 2700, 2704, 2708, 2717, 2719, 2722, 2725, 2732, 2734, 2737, 2738, 2740, 2745, 2749, 2759, 2761, 2762, 2766, 2773, 2776, 2777, 2778, 2783, 2785, 2789, 2793, 2809, 2811, 2822, 2827, 2848, 2850, 2863, 2865, 2870, 2872, 2873, 2876, 2878, 2908, 2916, 2918, 2924, 2933, 2934, 2944, 2949, 2951, 2952, 2964, 2983, 2990, 2991, 2992, 2993, 2995, 3000, 3018, 3019, 3030, 3032, 3038, 3045, 3047, 3050, 3051, 3055, 3058, 3065, 3068, 3069, 3074, 3076, 3079, 3081, 3084, 3087, 3088, 3093, 3094, 3095, 3104, 3105, 3106, 3108, 3111, 3113, 3114, 3116, 3155, 3157, 3168, 3191, 3193, 3211, 3222, 3230, 3239, 3245, 3262, 3266, 3268, 3289, 3290, 3297, 3301, 3305, 3307, 3318, 3342, 3362, 3363, 3368, 3376, 3377, 3382, 3396, 3397, 3411, 3433, 3434, 3435, 3437, 3443, 3458, 3461, 3462, 3466, 3468, 3472, 3478, 3489, 3490, 3496, 3500, 3501, 3507, 3508, 3510, 3511, 3512, 3514, 3516, 3520, 3526, 3530, 3542, 3558, 3560, 3578, 3582, 3610, 3624, 3643, 3650, 3657, 3660, 3676, 3680, 3688, 3699, 3709, 3722, 3724, 3729, 3761, 3768, 3772, 3773, 3804, 3813, 3827, 3833, 3836, 3853, 3869, 3878, 3889, 3893, 3917, 3918, 3932, 3936, 3943, 3947, 3949, 3950, 3963, 3966, 3997, 4000, 4004, 4011, 4013, 4019, 4029, 4030, 4033, 4041, 4050, 4062, 4065, 4068, 4069, 4076, 4077, 4083, 4097, 4103, 4113, 4115, 4118, 4154, 4163, 4164, 4167, 4169]
  Output projection dimensions: [128, 101]
🔄 Auto-resizing output layer: 101 -> 5000
Resizing output layer from 101 to 5000 tokens
Output layer successfully resized to vocabulary size 5000
✅ Output layer successfully resized to 5000
🧵 Thread ThreadId(135) state: ResizingVocabulary -> ForwardPass (after 1.115726ms)
Initializing output_projection: model_dim=128, vocab_size=101
🧵 Thread ThreadId(136) state: Idle -> PreparingBatch (after 97ns)
🧵 Thread ThreadId(136) state: PreparingBatch -> ResizingVocabulary (after 21.514µs)
⚠️ TARGET ID ISSUE DETECTED:
  Current output layer size: 101
  Maximum valid target ID: 100
  Maximum ID in batch: 4175
  Unique out-of-range IDs in batch: [103, 104, 105, 106, 107, 108, 109, 110, 113, 115, 116, 118, 119, 121, 123, 126, 128, 130, 132, 135, 136, 137, 138, 143, 144, 146, 148, 150, 151, 152, 153, 155, 156, 157, 159, 162, 165, 166, 168, 169, 170, 171, 175, 176, 178, 180, 182, 183, 185, 186, 189, 191, 193, 195, 197, 198, 200, 201, 202, 203, 204, 205, 207, 208, 209, 211, 212, 214, 215, 217, 219, 220, 223, 225, 227, 233, 234, 235, 236, 237, 238, 240, 241, 242, 243, 245, 246, 248, 251, 253, 255, 257, 259, 261, 265, 266, 269, 270, 271, 272, 273, 274, 275, 276, 277, 278, 280, 282, 284, 285, 286, 289, 291, 295, 298, 300, 301, 302, 306, 307, 308, 311, 312, 315, 318, 320, 323, 325, 326, 327, 328, 330, 331, 332, 333, 334, 339, 340, 343, 345, 346, 347, 348, 350, 353, 356, 358, 359, 360, 361, 362, 364, 365, 366, 367, 368, 369, 371, 372, 373, 374, 375, 376, 377, 383, 385, 386, 387, 390, 394, 395, 397, 401, 407, 410, 416, 417, 418, 420, 421, 422, 423, 424, 426, 427, 429, 430, 431, 440, 441, 442, 443, 446, 447, 448, 452, 454, 455, 457, 458, 463, 464, 467, 468, 470, 471, 473, 476, 477, 478, 479, 480, 481, 482, 486, 490, 495, 497, 498, 502, 504, 508, 510, 512, 516, 517, 518, 519, 521, 523, 524, 526, 527, 533, 534, 537, 538, 539, 540, 541, 543, 545, 547, 549, 551, 553, 558, 559, 561, 562, 563, 566, 567, 569, 571, 572, 575, 576, 582, 583, 587, 588, 589, 591, 594, 595, 596, 597, 598, 600, 601, 602, 604, 605, 606, 607, 608, 609, 610, 611, 613, 616, 619, 622, 623, 624, 627, 630, 631, 632, 633, 634, 636, 641, 642, 645, 649, 650, 651, 654, 655, 657, 660, 672, 675, 676, 678, 680, 681, 682, 683, 684, 685, 687, 689, 691, 698, 701, 702, 704, 706, 708, 711, 715, 716, 722, 723, 726, 727, 729, 734, 735, 737, 738, 741, 742, 744, 746, 747, 748, 749, 751, 752, 753, 754, 755, 756, 758, 760, 762, 763, 764, 767, 768, 772, 773, 774, 775, 776, 778, 779, 782, 783, 787, 795, 797, 799, 800, 801, 807, 810, 811, 813, 814, 817, 819, 823, 824, 825, 826, 828, 831, 833, 834, 836, 838, 843, 845, 847, 849, 853, 854, 858, 860, 861, 863, 865, 867, 869, 870, 873, 876, 877, 879, 880, 882, 884, 886, 888, 892, 893, 896, 899, 900, 901, 902, 903, 904, 905, 906, 908, 912, 913, 914, 916, 917, 918, 919, 922, 924, 927, 929, 937, 938, 939, 940, 941, 942, 943, 944, 947, 948, 951, 952, 953, 955, 956, 959, 960, 962, 963, 964, 967, 968, 969, 970, 972, 974, 976, 977, 979, 980, 981, 982, 983, 984, 986, 988, 990, 991, 992, 993, 994, 995, 996, 997, 1000, 1001, 1002, 1007, 1010, 1013, 1016, 1018, 1020, 1021, 1022, 1023, 1024, 1026, 1027, 1028, 1031, 1032, 1033, 1035, 1039, 1042, 1043, 1044, 1045, 1047, 1050, 1051, 1055, 1056, 1057, 1058, 1060, 1061, 1064, 1065, 1066, 1067, 1070, 1071, 1074, 1075, 1076, 1078, 1082, 1083, 1087, 1091, 1093, 1094, 1095, 1096, 1097, 1098, 1099, 1100, 1102, 1104, 1106, 1109, 1110, 1112, 1115, 1116, 1118, 1120, 1121, 1123, 1124, 1126, 1128, 1132, 1134, 1136, 1138, 1140, 1141, 1143, 1145, 1147, 1148, 1149, 1152, 1154, 1155, 1162, 1163, 1167, 1169, 1173, 1174, 1175, 1177, 1180, 1187, 1188, 1189, 1190, 1191, 1194, 1195, 1196, 1199, 1202, 1209, 1212, 1213, 1214, 1215, 1216, 1221, 1222, 1226, 1227, 1233, 1234, 1239, 1240, 1242, 1243, 1245, 1246, 1247, 1248, 1249, 1253, 1254, 1255, 1258, 1259, 1260, 1261, 1265, 1266, 1267, 1268, 1269, 1270, 1271, 1273, 1278, 1280, 1282, 1283, 1286, 1287, 1294, 1296, 1298, 1300, 1302, 1303, 1305, 1307, 1309, 1311, 1313, 1314, 1316, 1317, 1318, 1322, 1323, 1324, 1326, 1328, 1329, 1333, 1335, 1337, 1338, 1339, 1343, 1347, 1350, 1351, 1352, 1353, 1354, 1356, 1364, 1366, 1369, 1372, 1373, 1375, 1377, 1378, 1382, 1384, 1385, 1387, 1388, 1392, 1394, 1401, 1402, 1404, 1406, 1409, 1410, 1411, 1413, 1415, 1416, 1418, 1421, 1422, 1425, 1426, 1427, 1431, 1436, 1438, 1440, 1442, 1445, 1447, 1448, 1449, 1450, 1453, 1454, 1461, 1464, 1467, 1469, 1473, 1474, 1477, 1478, 1481, 1483, 1486, 1487, 1488, 1489, 1492, 1493, 1495, 1498, 1501, 1505, 1508, 1509, 1510, 1512, 1514, 1515, 1517, 1524, 1525, 1527, 1528, 1531, 1533, 1535, 1537, 1540, 1541, 1543, 1546, 1549, 1550, 1555, 1558, 1559, 1560, 1562, 1563, 1565, 1566, 1567, 1569, 1570, 1574, 1576, 1579, 1580, 1581, 1582, 1586, 1590, 1591, 1595, 1596, 1600, 1602, 1604, 1610, 1614, 1617, 1618, 1621, 1623, 1624, 1625, 1626, 1627, 1628, 1630, 1631, 1638, 1640, 1643, 1646, 1648, 1649, 1650, 1651, 1653, 1654, 1656, 1658, 1662, 1665, 1666, 1669, 1672, 1678, 1681, 1687, 1688, 1691, 1693, 1698, 1708, 1710, 1713, 1714, 1719, 1720, 1726, 1733, 1736, 1740, 1742, 1744, 1745, 1746, 1747, 1748, 1752, 1753, 1758, 1759, 1762, 1768, 1771, 1772, 1773, 1774, 1775, 1776, 1779, 1781, 1787, 1788, 1791, 1793, 1794, 1811, 1812, 1816, 1818, 1821, 1822, 1832, 1835, 1836, 1839, 1840, 1841, 1843, 1846, 1851, 1852, 1853, 1856, 1858, 1860, 1862, 1864, 1867, 1871, 1872, 1873, 1876, 1877, 1878, 1879, 1882, 1883, 1887, 1891, 1895, 1897, 1898, 1900, 1904, 1905, 1909, 1910, 1918, 1919, 1923, 1929, 1931, 1932, 1933, 1936, 1940, 1942, 1943, 1945, 1949, 1953, 1958, 1959, 1961, 1965, 1966, 1970, 1975, 1978, 1983, 1984, 1985, 1992, 1993, 1998, 2000, 2003, 2011, 2015, 2016, 2020, 2025, 2028, 2029, 2031, 2039, 2044, 2057, 2058, 2066, 2069, 2070, 2071, 2072, 2073, 2078, 2079, 2080, 2081, 2084, 2086, 2087, 2091, 2092, 2093, 2097, 2102, 2104, 2107, 2109, 2111, 2112, 2113, 2114, 2116, 2122, 2123, 2130, 2133, 2136, 2137, 2139, 2142, 2147, 2153, 2155, 2156, 2157, 2158, 2159, 2162, 2163, 2169, 2173, 2176, 2181, 2183, 2185, 2190, 2191, 2195, 2199, 2204, 2206, 2207, 2210, 2212, 2213, 2216, 2222, 2237, 2241, 2248, 2253, 2257, 2258, 2259, 2261, 2262, 2265, 2266, 2270, 2271, 2274, 2277, 2279, 2283, 2284, 2286, 2297, 2302, 2303, 2304, 2305, 2306, 2307, 2308, 2309, 2310, 2311, 2312, 2315, 2318, 2319, 2321, 2327, 2328, 2330, 2333, 2334, 2337, 2338, 2343, 2344, 2353, 2356, 2360, 2368, 2370, 2375, 2376, 2377, 2379, 2385, 2392, 2396, 2401, 2402, 2404, 2406, 2408, 2409, 2412, 2417, 2421, 2426, 2428, 2434, 2439, 2440, 2441, 2442, 2447, 2448, 2456, 2458, 2462, 2463, 2474, 2480, 2484, 2486, 2495, 2496, 2498, 2503, 2504, 2508, 2509, 2513, 2516, 2517, 2529, 2531, 2535, 2538, 2539, 2544, 2549, 2550, 2557, 2560, 2565, 2568, 2570, 2573, 2577, 2579, 2587, 2597, 2600, 2605, 2606, 2607, 2616, 2622, 2628, 2647, 2652, 2661, 2667, 2668, 2674, 2676, 2678, 2681, 2686, 2688, 2689, 2693, 2694, 2695, 2697, 2698, 2701, 2704, 2711, 2723, 2729, 2730, 2732, 2734, 2735, 2737, 2738, 2743, 2745, 2748, 2752, 2753, 2754, 2758, 2759, 2762, 2775, 2776, 2777, 2783, 2788, 2793, 2808, 2810, 2827, 2831, 2836, 2845, 2846, 2848, 2854, 2858, 2859, 2860, 2862, 2867, 2868, 2876, 2885, 2891, 2894, 2895, 2897, 2899, 2900, 2902, 2914, 2918, 2922, 2924, 2927, 2929, 2932, 2933, 2947, 2948, 2953, 2955, 2958, 2960, 2962, 2976, 2989, 2990, 2998, 3005, 3008, 3010, 3016, 3017, 3024, 3026, 3029, 3034, 3041, 3043, 3048, 3052, 3054, 3056, 3057, 3070, 3074, 3080, 3082, 3083, 3087, 3091, 3093, 3106, 3107, 3108, 3111, 3141, 3146, 3173, 3185, 3187, 3201, 3203, 3208, 3226, 3233, 3250, 3255, 3261, 3277, 3284, 3286, 3298, 3299, 3308, 3321, 3322, 3323, 3334, 3336, 3337, 3339, 3344, 3347, 3353, 3359, 3370, 3373, 3378, 3388, 3404, 3413, 3419, 3420, 3426, 3438, 3457, 3462, 3466, 3469, 3470, 3471, 3473, 3475, 3476, 3486, 3487, 3501, 3504, 3506, 3519, 3520, 3522, 3523, 3527, 3530, 3545, 3552, 3557, 3559, 3577, 3587, 3598, 3621, 3626, 3647, 3665, 3670, 3672, 3684, 3699, 3704, 3717, 3755, 3757, 3762, 3777, 3782, 3783, 3791, 3793, 3833, 3857, 3868, 3874, 3875, 3886, 3895, 3896, 3906, 3917, 3922, 3926, 3947, 3967, 3969, 3971, 3981, 3983, 3990, 3991, 3994, 4009, 4020, 4023, 4028, 4034, 4035, 4037, 4046, 4047, 4057, 4071, 4074, 4091, 4115, 4116, 4122, 4128, 4130, 4132, 4142, 4148, 4149, 4151, 4158, 4166, 4175]
  Output projection dimensions: [128, 101]
🔄 Auto-resizing output layer: 101 -> 5000
Resizing output layer from 101 to 5000 tokens
Output layer successfully resized to vocabulary size 5000
✅ Output layer successfully resized to 5000
🧵 Thread ThreadId(136) state: ResizingVocabulary -> ForwardPass (after 1.050583ms)
Initializing output_projection: model_dim=128, vocab_size=101
🧵 Thread ThreadId(137) state: Idle -> PreparingBatch (after 126ns)
🧵 Thread ThreadId(137) state: PreparingBatch -> ResizingVocabulary (after 20.36µs)
⚠️ TARGET ID ISSUE DETECTED:
  Current output layer size: 101
  Maximum valid target ID: 100
  Maximum ID in batch: 4172
  Unique out-of-range IDs in batch: [103, 104, 105, 106, 107, 108, 110, 111, 112, 113, 115, 116, 118, 119, 121, 122, 123, 125, 126, 128, 129, 130, 132, 133, 134, 135, 136, 138, 139, 143, 144, 146, 148, 150, 151, 153, 155, 158, 159, 161, 162, 164, 165, 168, 170, 172, 175, 176, 178, 180, 182, 184, 186, 189, 191, 192, 193, 195, 196, 197, 198, 200, 203, 205, 207, 208, 209, 211, 214, 216, 217, 219, 224, 225, 227, 228, 230, 233, 234, 235, 236, 237, 238, 239, 241, 243, 244, 245, 248, 251, 255, 257, 258, 260, 263, 265, 266, 267, 270, 271, 272, 273, 274, 275, 278, 279, 280, 282, 283, 284, 285, 286, 290, 291, 292, 293, 296, 298, 300, 301, 302, 306, 307, 308, 310, 311, 312, 315, 318, 320, 321, 323, 325, 326, 327, 328, 330, 331, 333, 337, 338, 339, 340, 343, 345, 346, 348, 350, 352, 353, 356, 358, 359, 361, 362, 364, 365, 366, 367, 368, 369, 371, 372, 373, 374, 376, 377, 379, 383, 385, 387, 388, 390, 394, 395, 397, 399, 401, 407, 410, 414, 417, 418, 420, 421, 422, 423, 424, 426, 427, 429, 430, 431, 433, 435, 437, 440, 441, 442, 443, 446, 447, 448, 449, 452, 454, 455, 457, 458, 462, 463, 464, 467, 468, 470, 471, 473, 476, 477, 478, 479, 480, 482, 486, 490, 495, 497, 498, 502, 503, 504, 507, 508, 510, 512, 516, 517, 518, 519, 520, 521, 523, 524, 526, 527, 533, 534, 537, 538, 539, 540, 541, 542, 543, 545, 547, 550, 551, 554, 555, 558, 559, 561, 562, 563, 566, 569, 571, 572, 575, 576, 579, 582, 583, 587, 589, 591, 594, 595, 596, 598, 600, 601, 602, 604, 606, 607, 608, 609, 610, 611, 613, 616, 618, 619, 622, 624, 626, 627, 628, 632, 633, 634, 641, 642, 645, 649, 650, 651, 654, 655, 657, 658, 660, 662, 675, 676, 678, 680, 681, 682, 683, 684, 685, 687, 689, 691, 693, 694, 698, 701, 702, 704, 706, 708, 711, 715, 716, 729, 734, 735, 736, 737, 738, 741, 742, 743, 744, 746, 747, 748, 749, 750, 751, 752, 753, 754, 755, 756, 758, 760, 762, 763, 764, 767, 768, 770, 772, 773, 774, 775, 776, 778, 782, 783, 785, 787, 790, 795, 796, 797, 799, 800, 801, 806, 807, 808, 810, 811, 813, 814, 817, 819, 820, 822, 823, 824, 825, 826, 828, 831, 833, 834, 836, 843, 845, 847, 853, 854, 857, 858, 860, 861, 863, 865, 867, 869, 870, 872, 873, 876, 877, 879, 880, 884, 885, 886, 888, 892, 893, 899, 900, 901, 902, 903, 904, 905, 906, 908, 911, 912, 914, 915, 916, 917, 918, 919, 920, 922, 924, 927, 929, 937, 938, 939, 940, 941, 942, 943, 944, 947, 948, 951, 952, 953, 955, 956, 959, 960, 962, 963, 964, 967, 968, 969, 970, 972, 974, 976, 979, 980, 981, 982, 983, 984, 986, 988, 990, 991, 992, 993, 994, 995, 999, 1000, 1001, 1002, 1003, 1004, 1010, 1013, 1016, 1018, 1020, 1021, 1022, 1024, 1026, 1027, 1028, 1031, 1032, 1035, 1038, 1039, 1042, 1044, 1045, 1047, 1048, 1050, 1051, 1052, 1055, 1056, 1057, 1058, 1060, 1064, 1065, 1066, 1067, 1069, 1070, 1071, 1074, 1075, 1076, 1077, 1078, 1082, 1086, 1090, 1091, 1093, 1094, 1095, 1097, 1098, 1099, 1100, 1102, 1104, 1106, 1109, 1110, 1112, 1115, 1118, 1120, 1124, 1126, 1127, 1128, 1132, 1136, 1137, 1138, 1140, 1141, 1143, 1145, 1147, 1148, 1151, 1152, 1154, 1155, 1161, 1163, 1167, 1168, 1169, 1170, 1171, 1173, 1174, 1175, 1177, 1181, 1187, 1188, 1190, 1191, 1194, 1196, 1197, 1199, 1202, 1208, 1209, 1210, 1211, 1212, 1214, 1215, 1216, 1221, 1222, 1223, 1226, 1227, 1229, 1230, 1232, 1233, 1234, 1239, 1240, 1242, 1243, 1246, 1247, 1248, 1249, 1252, 1253, 1254, 1259, 1260, 1261, 1265, 1266, 1267, 1268, 1269, 1270, 1273, 1277, 1278, 1279, 1280, 1281, 1282, 1286, 1287, 1288, 1290, 1292, 1294, 1298, 1301, 1302, 1303, 1305, 1307, 1309, 1311, 1313, 1314, 1318, 1322, 1323, 1326, 1327, 1329, 1332, 1333, 1337, 1338, 1339, 1342, 1343, 1347, 1350, 1351, 1352, 1353, 1356, 1357, 1360, 1362, 1364, 1366, 1371, 1372, 1373, 1374, 1375, 1377, 1378, 1380, 1385, 1387, 1388, 1392, 1394, 1402, 1404, 1405, 1406, 1409, 1415, 1416, 1418, 1422, 1425, 1427, 1430, 1431, 1434, 1436, 1442, 1445, 1446, 1449, 1450, 1451, 1453, 1454, 1455, 1456, 1457, 1459, 1461, 1466, 1469, 1473, 1474, 1477, 1478, 1481, 1482, 1484, 1486, 1488, 1489, 1491, 1493, 1495, 1496, 1498, 1500, 1501, 1502, 1505, 1508, 1509, 1511, 1512, 1513, 1515, 1517, 1521, 1524, 1527, 1535, 1540, 1546, 1549, 1550, 1551, 1552, 1557, 1560, 1563, 1566, 1570, 1574, 1576, 1579, 1580, 1588, 1590, 1591, 1595, 1598, 1600, 1601, 1603, 1604, 1606, 1609, 1610, 1611, 1612, 1614, 1620, 1623, 1625, 1626, 1627, 1628, 1638, 1640, 1645, 1646, 1649, 1650, 1651, 1656, 1661, 1662, 1665, 1666, 1667, 1669, 1671, 1672, 1673, 1674, 1675, 1677, 1678, 1686, 1687, 1688, 1691, 1693, 1697, 1699, 1701, 1708, 1709, 1711, 1713, 1716, 1718, 1722, 1724, 1726, 1727, 1733, 1736, 1740, 1742, 1743, 1744, 1747, 1748, 1752, 1753, 1756, 1759, 1762, 1764, 1768, 1774, 1775, 1781, 1784, 1789, 1791, 1795, 1797, 1805, 1809, 1813, 1817, 1819, 1820, 1822, 1825, 1826, 1836, 1838, 1840, 1841, 1843, 1846, 1848, 1853, 1854, 1857, 1858, 1860, 1864, 1869, 1871, 1872, 1876, 1878, 1882, 1883, 1884, 1885, 1888, 1897, 1902, 1903, 1905, 1909, 1910, 1917, 1919, 1927, 1929, 1931, 1939, 1943, 1945, 1947, 1961, 1969, 1970, 1976, 1979, 1989, 1991, 1997, 2001, 2004, 2007, 2010, 2011, 2015, 2016, 2017, 2021, 2022, 2023, 2027, 2029, 2030, 2031, 2032, 2037, 2039, 2044, 2048, 2054, 2055, 2058, 2059, 2062, 2069, 2070, 2071, 2076, 2080, 2081, 2086, 2087, 2089, 2091, 2092, 2093, 2107, 2109, 2111, 2112, 2114, 2116, 2118, 2121, 2129, 2130, 2134, 2136, 2140, 2144, 2150, 2152, 2154, 2162, 2164, 2166, 2171, 2175, 2176, 2180, 2181, 2182, 2184, 2185, 2189, 2191, 2195, 2204, 2209, 2210, 2212, 2213, 2217, 2219, 2220, 2223, 2235, 2236, 2242, 2243, 2254, 2257, 2259, 2261, 2262, 2266, 2270, 2271, 2275, 2277, 2278, 2283, 2286, 2289, 2291, 2304, 2306, 2307, 2308, 2309, 2310, 2311, 2315, 2316, 2328, 2330, 2333, 2335, 2337, 2341, 2344, 2349, 2351, 2353, 2360, 2364, 2366, 2368, 2370, 2376, 2385, 2392, 2393, 2395, 2404, 2405, 2406, 2407, 2408, 2411, 2414, 2416, 2417, 2428, 2431, 2434, 2442, 2444, 2447, 2448, 2451, 2453, 2457, 2465, 2473, 2476, 2479, 2485, 2489, 2495, 2496, 2501, 2506, 2508, 2510, 2516, 2517, 2526, 2527, 2529, 2533, 2540, 2543, 2544, 2546, 2548, 2549, 2554, 2565, 2569, 2581, 2583, 2587, 2590, 2591, 2595, 2599, 2606, 2612, 2621, 2634, 2642, 2647, 2648, 2671, 2675, 2677, 2678, 2681, 2684, 2688, 2696, 2697, 2700, 2701, 2710, 2713, 2719, 2725, 2728, 2729, 2734, 2737, 2748, 2751, 2754, 2759, 2761, 2770, 2771, 2773, 2777, 2778, 2782, 2783, 2787, 2793, 2806, 2809, 2810, 2819, 2821, 2839, 2840, 2842, 2858, 2860, 2868, 2870, 2873, 2876, 2882, 2886, 2894, 2900, 2901, 2902, 2908, 2909, 2922, 2929, 2932, 2933, 2936, 2948, 2955, 2973, 2979, 2980, 2981, 2983, 2986, 2996, 3000, 3005, 3006, 3007, 3008, 3009, 3014, 3016, 3020, 3026, 3027, 3029, 3031, 3036, 3044, 3054, 3060, 3068, 3074, 3081, 3083, 3097, 3099, 3108, 3111, 3112, 3114, 3120, 3125, 3129, 3130, 3136, 3144, 3153, 3155, 3158, 3159, 3164, 3172, 3173, 3187, 3190, 3191, 3204, 3214, 3239, 3250, 3260, 3268, 3284, 3290, 3291, 3293, 3296, 3298, 3308, 3312, 3329, 3336, 3339, 3341, 3342, 3347, 3357, 3363, 3372, 3374, 3378, 3380, 3388, 3391, 3392, 3396, 3404, 3413, 3415, 3417, 3420, 3426, 3428, 3431, 3442, 3444, 3459, 3463, 3468, 3470, 3475, 3477, 3481, 3483, 3490, 3492, 3496, 3502, 3503, 3505, 3507, 3510, 3512, 3516, 3527, 3531, 3541, 3551, 3553, 3554, 3565, 3571, 3575, 3576, 3582, 3587, 3607, 3624, 3638, 3667, 3668, 3672, 3677, 3686, 3688, 3691, 3704, 3722, 3724, 3729, 3748, 3781, 3783, 3794, 3809, 3819, 3830, 3837, 3849, 3858, 3859, 3869, 3870, 3872, 3874, 3876, 3887, 3891, 3894, 3895, 3904, 3906, 3918, 3920, 3931, 3933, 3938, 3949, 3956, 3961, 3962, 3963, 3969, 3972, 3978, 3986, 3991, 4004, 4006, 4008, 4022, 4033, 4050, 4066, 4074, 4094, 4107, 4114, 4119, 4137, 4144, 4148, 4156, 4172]
  Output projection dimensions: [128, 101]
🔄 Auto-resizing output layer: 101 -> 5000
Resizing output layer from 101 to 5000 tokens
Output layer successfully resized to vocabulary size 5000
✅ Output layer successfully resized to 5000
🧵 Thread ThreadId(137) state: ResizingVocabulary -> ForwardPass (after 1.369689ms)
✅ Standard training completed in 18.068152512s with loss 8.516057
🧵 Thread ThreadId(132) state: ForwardPass -> Completed (after 18.069148758s)
    ✅ Thread batch-worker-0 completed train_step for batch 15 in 18.08s
    ✅ Thread batch-worker-0 added batch 15 results to shared collection
    ✅ Thread batch-worker-0 sent batch 15 completion message
✅ Thread batch-worker-0 completed batch 15. Progress: 7/22
🔸 Reusing existing thread pool for 'data_loading' operation
Data loading with 14 threads
    📊 Batch 16/22 - Loss: 8.516057 - Avg: 8.516109 - Prep: 0.005s - Train: 18.076s
Processing 16 chunks across 14 threads
Batch prep timing: total=5ms (collect=1ms, min_len=0ms, truncate=2ms, targets=0ms)
    🔄 Thread batch-worker-0 starting train_step for batch 9
Initializing enhanced model with configuration:
  model_dim: 128 (validated: 128)
  ff_dim: 512 (validated: 512)
  num_heads: 4 (validated: 4)
  num_layers: 2 (validated: 2)
  dropout_rate: 0.1
  learning_rate: 0.0001
Initializing output_projection: model_dim=128, vocab_size=101
🧵 Thread ThreadId(138) state: Idle -> PreparingBatch (after 116ns)
🧵 Thread ThreadId(138) state: PreparingBatch -> ResizingVocabulary (after 40.862µs)
⚠️ TARGET ID ISSUE DETECTED:
  Current output layer size: 101
  Maximum valid target ID: 100
  Maximum ID in batch: 4156
  Unique out-of-range IDs in batch: [103, 104, 106, 107, 108, 109, 110, 113, 115, 116, 118, 119, 121, 125, 126, 127, 128, 130, 132, 134, 135, 136, 139, 140, 141, 144, 145, 148, 150, 151, 153, 154, 155, 158, 161, 162, 164, 165, 168, 170, 171, 172, 173, 175, 176, 178, 180, 182, 184, 186, 189, 191, 192, 193, 195, 196, 197, 198, 200, 203, 204, 207, 209, 211, 214, 217, 219, 222, 225, 227, 230, 234, 236, 237, 238, 241, 243, 245, 246, 248, 251, 255, 257, 265, 266, 268, 270, 271, 272, 273, 274, 275, 278, 279, 280, 281, 282, 284, 285, 286, 291, 296, 298, 300, 301, 302, 306, 307, 308, 309, 312, 315, 318, 320, 323, 324, 325, 326, 327, 328, 330, 331, 333, 337, 338, 339, 340, 343, 345, 346, 348, 349, 352, 353, 356, 358, 359, 361, 362, 364, 365, 366, 367, 368, 369, 370, 371, 372, 373, 374, 375, 376, 377, 379, 380, 383, 385, 387, 390, 394, 395, 397, 401, 407, 410, 417, 418, 420, 421, 422, 423, 424, 426, 427, 429, 430, 431, 440, 441, 442, 446, 447, 448, 449, 452, 455, 457, 458, 463, 464, 467, 468, 469, 470, 471, 472, 473, 476, 477, 478, 479, 480, 482, 486, 488, 490, 491, 493, 495, 496, 497, 498, 500, 502, 504, 508, 509, 510, 511, 512, 516, 517, 518, 519, 521, 523, 524, 526, 527, 533, 534, 537, 538, 539, 540, 542, 543, 545, 547, 549, 551, 554, 558, 559, 560, 561, 562, 563, 566, 569, 571, 572, 575, 576, 582, 583, 587, 589, 591, 594, 595, 596, 598, 600, 601, 602, 604, 606, 607, 608, 609, 610, 611, 616, 619, 622, 624, 627, 631, 632, 633, 634, 635, 638, 641, 642, 645, 649, 650, 651, 652, 654, 655, 656, 657, 658, 660, 675, 676, 678, 680, 681, 682, 683, 684, 685, 687, 689, 691, 693, 699, 701, 702, 704, 706, 708, 711, 713, 715, 716, 726, 727, 729, 734, 735, 737, 738, 741, 742, 743, 744, 746, 747, 748, 749, 751, 752, 753, 754, 755, 756, 758, 760, 761, 762, 763, 764, 767, 768, 770, 772, 774, 775, 776, 778, 782, 783, 787, 795, 796, 797, 799, 800, 801, 805, 807, 810, 813, 814, 817, 819, 820, 823, 824, 825, 826, 828, 831, 833, 834, 836, 838, 842, 843, 845, 847, 853, 854, 858, 860, 861, 863, 865, 867, 868, 869, 870, 872, 873, 876, 877, 879, 880, 882, 884, 885, 886, 888, 892, 893, 899, 901, 902, 903, 904, 905, 906, 908, 912, 913, 914, 915, 916, 917, 918, 919, 922, 923, 924, 925, 927, 937, 938, 939, 940, 941, 942, 943, 944, 947, 948, 951, 952, 953, 955, 956, 959, 960, 963, 964, 968, 969, 970, 972, 976, 979, 982, 983, 984, 986, 988, 989, 990, 991, 992, 993, 994, 995, 996, 1000, 1001, 1002, 1004, 1007, 1010, 1013, 1016, 1017, 1018, 1020, 1021, 1022, 1024, 1026, 1027, 1028, 1029, 1031, 1032, 1033, 1035, 1039, 1041, 1042, 1043, 1044, 1045, 1047, 1048, 1050, 1055, 1056, 1058, 1060, 1064, 1065, 1066, 1067, 1069, 1070, 1071, 1074, 1075, 1076, 1077, 1078, 1083, 1086, 1087, 1088, 1089, 1090, 1091, 1092, 1093, 1094, 1095, 1096, 1098, 1099, 1100, 1102, 1106, 1109, 1110, 1112, 1115, 1116, 1118, 1120, 1121, 1123, 1124, 1126, 1127, 1128, 1132, 1134, 1136, 1137, 1138, 1140, 1141, 1143, 1145, 1147, 1148, 1149, 1151, 1152, 1154, 1155, 1163, 1168, 1169, 1172, 1174, 1175, 1177, 1186, 1187, 1188, 1190, 1191, 1194, 1195, 1196, 1197, 1199, 1202, 1203, 1204, 1205, 1209, 1210, 1211, 1212, 1213, 1215, 1216, 1218, 1222, 1223, 1226, 1227, 1229, 1232, 1233, 1234, 1239, 1242, 1247, 1248, 1249, 1254, 1255, 1257, 1259, 1260, 1265, 1268, 1270, 1273, 1277, 1278, 1279, 1280, 1281, 1282, 1283, 1286, 1288, 1290, 1292, 1296, 1298, 1300, 1302, 1303, 1309, 1313, 1314, 1316, 1318, 1322, 1324, 1326, 1327, 1328, 1335, 1336, 1338, 1342, 1343, 1347, 1351, 1353, 1354, 1356, 1357, 1360, 1362, 1364, 1366, 1369, 1371, 1372, 1373, 1375, 1377, 1378, 1380, 1384, 1387, 1394, 1399, 1401, 1402, 1403, 1406, 1408, 1410, 1411, 1412, 1413, 1415, 1416, 1417, 1418, 1421, 1422, 1423, 1426, 1427, 1431, 1434, 1436, 1438, 1440, 1442, 1445, 1447, 1449, 1450, 1453, 1454, 1456, 1457, 1461, 1464, 1466, 1468, 1469, 1477, 1481, 1482, 1484, 1486, 1488, 1489, 1493, 1495, 1496, 1498, 1500, 1502, 1505, 1508, 1509, 1510, 1511, 1512, 1515, 1517, 1525, 1527, 1531, 1533, 1535, 1537, 1538, 1543, 1546, 1550, 1555, 1557, 1559, 1560, 1562, 1563, 1565, 1566, 1579, 1582, 1584, 1586, 1588, 1591, 1595, 1598, 1602, 1603, 1604, 1606, 1609, 1610, 1611, 1612, 1613, 1614, 1617, 1618, 1620, 1621, 1624, 1627, 1628, 1631, 1638, 1640, 1643, 1648, 1649, 1650, 1651, 1653, 1656, 1666, 1672, 1674, 1675, 1676, 1680, 1682, 1685, 1688, 1696, 1698, 1701, 1708, 1710, 1716, 1718, 1720, 1721, 1726, 1727, 1733, 1736, 1739, 1748, 1750, 1754, 1758, 1759, 1769, 1771, 1772, 1774, 1777, 1786, 1788, 1795, 1796, 1797, 1805, 1807, 1809, 1811, 1816, 1817, 1818, 1819, 1822, 1826, 1827, 1830, 1835, 1836, 1839, 1841, 1843, 1844, 1846, 1849, 1851, 1853, 1854, 1856, 1857, 1858, 1868, 1870, 1871, 1872, 1875, 1877, 1878, 1884, 1885, 1887, 1888, 1891, 1895, 1897, 1898, 1899, 1904, 1905, 1909, 1910, 1914, 1917, 1918, 1919, 1923, 1932, 1933, 1936, 1941, 1943, 1945, 1947, 1949, 1950, 1953, 1967, 1969, 1970, 1974, 1975, 1977, 1978, 1980, 1982, 1983, 1985, 1991, 1993, 1997, 2003, 2004, 2009, 2010, 2011, 2013, 2015, 2017, 2021, 2023, 2025, 2026, 2028, 2029, 2031, 2032, 2037, 2039, 2048, 2051, 2055, 2057, 2059, 2062, 2068, 2069, 2070, 2071, 2075, 2086, 2089, 2091, 2092, 2093, 2097, 2102, 2104, 2106, 2107, 2108, 2109, 2114, 2123, 2127, 2130, 2133, 2136, 2137, 2138, 2139, 2140, 2142, 2143, 2144, 2150, 2151, 2153, 2155, 2158, 2159, 2160, 2161, 2166, 2174, 2175, 2190, 2199, 2202, 2204, 2208, 2210, 2216, 2217, 2222, 2226, 2227, 2236, 2239, 2242, 2243, 2250, 2258, 2261, 2265, 2267, 2268, 2271, 2274, 2275, 2277, 2281, 2284, 2289, 2290, 2303, 2307, 2308, 2312, 2318, 2326, 2330, 2335, 2341, 2342, 2364, 2366, 2375, 2379, 2380, 2394, 2395, 2401, 2402, 2404, 2409, 2412, 2414, 2416, 2417, 2419, 2422, 2427, 2428, 2429, 2433, 2434, 2439, 2440, 2453, 2454, 2455, 2456, 2459, 2461, 2462, 2463, 2465, 2468, 2469, 2478, 2479, 2480, 2485, 2487, 2489, 2494, 2495, 2496, 2498, 2499, 2503, 2504, 2505, 2507, 2508, 2509, 2514, 2515, 2525, 2526, 2527, 2532, 2533, 2536, 2537, 2539, 2541, 2550, 2551, 2557, 2560, 2579, 2581, 2585, 2590, 2601, 2605, 2609, 2613, 2620, 2621, 2622, 2629, 2634, 2643, 2645, 2646, 2648, 2649, 2655, 2665, 2667, 2668, 2670, 2671, 2672, 2675, 2676, 2684, 2685, 2692, 2693, 2700, 2706, 2712, 2714, 2719, 2721, 2725, 2728, 2730, 2731, 2736, 2744, 2747, 2752, 2753, 2756, 2758, 2761, 2762, 2763, 2767, 2770, 2772, 2783, 2786, 2789, 2793, 2796, 2805, 2812, 2819, 2845, 2847, 2848, 2861, 2865, 2870, 2903, 2907, 2910, 2932, 2942, 2944, 2949, 2951, 2952, 2953, 2957, 2958, 2964, 2969, 2971, 2972, 2974, 2977, 2978, 2980, 2983, 2986, 2995, 3005, 3007, 3008, 3010, 3019, 3023, 3025, 3027, 3029, 3031, 3035, 3037, 3038, 3040, 3043, 3048, 3060, 3067, 3070, 3078, 3080, 3089, 3095, 3101, 3102, 3107, 3111, 3119, 3136, 3137, 3146, 3158, 3164, 3182, 3186, 3187, 3188, 3199, 3200, 3201, 3203, 3210, 3212, 3220, 3233, 3239, 3245, 3246, 3254, 3256, 3260, 3262, 3265, 3268, 3273, 3277, 3279, 3293, 3303, 3308, 3309, 3318, 3321, 3336, 3348, 3354, 3355, 3362, 3363, 3365, 3372, 3375, 3376, 3378, 3379, 3383, 3384, 3386, 3387, 3391, 3392, 3405, 3406, 3408, 3412, 3416, 3419, 3420, 3424, 3429, 3432, 3438, 3451, 3454, 3456, 3483, 3490, 3504, 3515, 3522, 3523, 3524, 3526, 3536, 3542, 3560, 3563, 3567, 3570, 3577, 3583, 3654, 3655, 3665, 3667, 3672, 3680, 3682, 3686, 3697, 3710, 3717, 3728, 3747, 3750, 3776, 3785, 3792, 3812, 3827, 3830, 3850, 3863, 3879, 3884, 3889, 3896, 3897, 3919, 3931, 3937, 3939, 3967, 3972, 3993, 4000, 4026, 4047, 4051, 4052, 4054, 4055, 4061, 4062, 4067, 4077, 4078, 4105, 4122, 4126, 4131, 4141, 4150, 4156]
  Output projection dimensions: [128, 101]
🔄 Auto-resizing output layer: 101 -> 5000
Resizing output layer from 101 to 5000 tokens
Output layer successfully resized to vocabulary size 5000
✅ Output layer successfully resized to 5000
🧵 Thread ThreadId(138) state: ResizingVocabulary -> ForwardPass (after 1.536874ms)
✅ Standard training completed in 19.196144919s with loss 8.516057
🧵 Thread ThreadId(134) state: ForwardPass -> Completed (after 19.198542961s)
    ✅ Thread batch-worker-4 completed train_step for batch 13 in 19.21s
    ✅ Thread batch-worker-4 added batch 13 results to shared collection
    ✅ Thread batch-worker-4 sent batch 13 completion message
🔸 Reusing existing thread pool for 'data_loading' operation
Data loading with 14 threads
Processing 16 chunks across 14 threads
Batch prep timing: total=5ms (collect=0ms, min_len=0ms, truncate=2ms, targets=0ms)
    🔄 Thread batch-worker-4 starting train_step for batch 8
Initializing enhanced model with configuration:
  model_dim: 128 (validated: 128)
  ff_dim: 512 (validated: 512)
  num_heads: 4 (validated: 4)
  num_layers: 2 (validated: 2)
  dropout_rate: 0.1
  learning_rate: 0.0001
Initializing output_projection: model_dim=128, vocab_size=101
🧵 Thread ThreadId(139) state: Idle -> PreparingBatch (after 134ns)
🧵 Thread ThreadId(139) state: PreparingBatch -> ResizingVocabulary (after 36.594µs)
⚠️ TARGET ID ISSUE DETECTED:
  Current output layer size: 101
  Maximum valid target ID: 100
  Maximum ID in batch: 4173
  Unique out-of-range IDs in batch: [103, 104, 106, 107, 108, 109, 110, 111, 113, 114, 115, 116, 118, 119, 120, 121, 123, 126, 128, 130, 131, 132, 133, 135, 136, 138, 139, 140, 142, 144, 145, 146, 147, 148, 150, 151, 152, 153, 154, 156, 161, 162, 163, 164, 165, 166, 168, 170, 171, 173, 175, 176, 177, 178, 180, 181, 182, 183, 186, 188, 189, 191, 193, 194, 195, 196, 198, 199, 200, 201, 203, 204, 205, 207, 209, 210, 211, 213, 214, 215, 217, 219, 223, 225, 227, 232, 233, 234, 235, 236, 237, 238, 239, 240, 241, 243, 245, 248, 249, 251, 255, 257, 260, 262, 266, 269, 270, 271, 272, 273, 274, 275, 278, 279, 280, 282, 283, 284, 285, 286, 291, 292, 298, 300, 301, 302, 304, 305, 306, 307, 308, 311, 312, 314, 315, 318, 320, 322, 323, 325, 326, 327, 328, 330, 331, 333, 336, 337, 339, 340, 343, 345, 346, 348, 350, 352, 353, 354, 356, 358, 359, 360, 361, 362, 364, 365, 366, 367, 368, 369, 371, 372, 373, 374, 376, 377, 379, 380, 382, 383, 385, 387, 390, 392, 394, 395, 397, 401, 407, 408, 410, 417, 418, 420, 421, 422, 423, 424, 426, 427, 429, 430, 431, 435, 440, 441, 442, 445, 446, 447, 448, 449, 452, 453, 455, 457, 458, 461, 463, 464, 467, 468, 470, 471, 473, 476, 477, 478, 479, 480, 481, 482, 486, 490, 492, 495, 497, 498, 502, 504, 506, 508, 510, 512, 516, 517, 518, 519, 520, 521, 523, 524, 526, 527, 530, 533, 534, 537, 538, 539, 540, 541, 543, 545, 547, 549, 551, 558, 559, 560, 561, 562, 563, 566, 569, 571, 572, 575, 576, 577, 582, 583, 587, 589, 591, 594, 595, 596, 597, 598, 600, 601, 602, 604, 606, 607, 608, 609, 610, 611, 614, 616, 619, 622, 624, 627, 631, 632, 633, 634, 641, 642, 643, 645, 646, 649, 650, 651, 654, 655, 657, 658, 660, 664, 665, 675, 676, 678, 680, 681, 682, 683, 684, 685, 687, 689, 691, 693, 698, 699, 701, 702, 704, 706, 708, 713, 714, 715, 716, 722, 725, 727, 729, 734, 735, 736, 737, 741, 742, 743, 744, 746, 747, 748, 749, 751, 752, 753, 754, 755, 756, 758, 760, 763, 764, 767, 768, 770, 772, 774, 775, 776, 778, 782, 783, 784, 787, 794, 795, 796, 797, 799, 800, 801, 807, 810, 811, 813, 814, 817, 818, 819, 822, 823, 824, 825, 826, 828, 831, 833, 834, 836, 838, 840, 843, 847, 851, 853, 854, 858, 860, 861, 863, 865, 868, 869, 870, 872, 873, 876, 877, 879, 880, 884, 885, 886, 888, 890, 899, 900, 901, 902, 903, 904, 905, 906, 908, 912, 914, 916, 917, 918, 919, 922, 924, 937, 938, 939, 940, 941, 942, 943, 944, 945, 947, 948, 950, 951, 952, 955, 956, 959, 960, 962, 963, 967, 968, 969, 970, 972, 976, 977, 979, 980, 981, 982, 983, 986, 988, 990, 991, 992, 993, 994, 996, 1000, 1001, 1004, 1007, 1010, 1012, 1015, 1016, 1017, 1018, 1019, 1020, 1021, 1022, 1024, 1026, 1027, 1028, 1029, 1031, 1032, 1033, 1035, 1039, 1041, 1042, 1043, 1044, 1045, 1047, 1048, 1050, 1051, 1052, 1055, 1056, 1057, 1058, 1060, 1065, 1066, 1069, 1070, 1071, 1072, 1074, 1075, 1076, 1077, 1078, 1082, 1083, 1087, 1090, 1091, 1093, 1094, 1095, 1096, 1097, 1098, 1099, 1100, 1102, 1104, 1106, 1109, 1110, 1112, 1115, 1116, 1118, 1120, 1121, 1123, 1126, 1127, 1128, 1132, 1134, 1136, 1137, 1138, 1140, 1141, 1143, 1148, 1149, 1151, 1152, 1154, 1155, 1161, 1163, 1167, 1168, 1169, 1170, 1172, 1173, 1174, 1177, 1181, 1187, 1188, 1189, 1190, 1191, 1195, 1197, 1199, 1202, 1204, 1208, 1209, 1210, 1211, 1212, 1213, 1214, 1215, 1216, 1218, 1220, 1221, 1222, 1223, 1226, 1227, 1230, 1232, 1233, 1234, 1238, 1239, 1240, 1242, 1243, 1246, 1247, 1248, 1252, 1254, 1255, 1259, 1260, 1261, 1265, 1267, 1269, 1270, 1271, 1273, 1277, 1280, 1281, 1282, 1283, 1286, 1287, 1288, 1290, 1292, 1294, 1295, 1296, 1298, 1300, 1301, 1302, 1303, 1305, 1307, 1309, 1311, 1313, 1314, 1316, 1317, 1318, 1322, 1323, 1325, 1326, 1327, 1328, 1329, 1332, 1333, 1335, 1336, 1337, 1338, 1339, 1342, 1343, 1347, 1351, 1352, 1353, 1354, 1356, 1360, 1361, 1364, 1366, 1369, 1371, 1372, 1373, 1374, 1375, 1377, 1378, 1380, 1382, 1385, 1388, 1394, 1395, 1399, 1401, 1402, 1403, 1408, 1409, 1410, 1411, 1412, 1413, 1415, 1416, 1417, 1418, 1421, 1422, 1426, 1431, 1438, 1440, 1442, 1445, 1447, 1449, 1450, 1451, 1453, 1454, 1457, 1466, 1467, 1474, 1477, 1478, 1481, 1482, 1484, 1486, 1488, 1489, 1492, 1493, 1495, 1496, 1500, 1501, 1508, 1509, 1510, 1511, 1512, 1514, 1515, 1517, 1525, 1526, 1527, 1529, 1531, 1535, 1537, 1540, 1543, 1546, 1549, 1550, 1551, 1555, 1558, 1560, 1562, 1563, 1565, 1566, 1567, 1569, 1570, 1571, 1573, 1574, 1576, 1582, 1584, 1591, 1600, 1601, 1602, 1603, 1604, 1609, 1610, 1611, 1613, 1614, 1617, 1618, 1620, 1623, 1625, 1626, 1631, 1638, 1640, 1643, 1648, 1650, 1651, 1653, 1658, 1661, 1665, 1666, 1667, 1671, 1672, 1673, 1674, 1675, 1676, 1677, 1678, 1680, 1686, 1688, 1691, 1693, 1694, 1696, 1698, 1703, 1708, 1710, 1713, 1714, 1718, 1720, 1727, 1731, 1734, 1740, 1742, 1743, 1745, 1747, 1750, 1752, 1754, 1758, 1759, 1764, 1765, 1771, 1776, 1786, 1787, 1788, 1791, 1794, 1797, 1805, 1807, 1809, 1812, 1813, 1816, 1817, 1827, 1831, 1835, 1836, 1839, 1840, 1841, 1844, 1845, 1851, 1853, 1859, 1860, 1861, 1862, 1866, 1868, 1869, 1870, 1872, 1875, 1877, 1879, 1882, 1885, 1887, 1888, 1891, 1897, 1898, 1899, 1900, 1902, 1903, 1909, 1917, 1927, 1931, 1941, 1945, 1950, 1952, 1953, 1958, 1960, 1961, 1967, 1970, 1976, 1977, 1980, 1982, 1983, 1984, 1992, 1993, 2000, 2001, 2003, 2004, 2015, 2016, 2021, 2026, 2027, 2028, 2030, 2031, 2032, 2044, 2048, 2054, 2055, 2058, 2059, 2061, 2063, 2070, 2071, 2075, 2078, 2079, 2080, 2081, 2083, 2087, 2089, 2091, 2096, 2099, 2102, 2104, 2106, 2109, 2110, 2111, 2112, 2114, 2115, 2116, 2118, 2121, 2122, 2124, 2127, 2128, 2130, 2134, 2136, 2137, 2140, 2143, 2144, 2148, 2154, 2155, 2156, 2157, 2158, 2159, 2161, 2162, 2163, 2166, 2175, 2182, 2184, 2189, 2192, 2202, 2208, 2211, 2212, 2214, 2216, 2217, 2225, 2227, 2228, 2233, 2235, 2236, 2239, 2241, 2243, 2244, 2247, 2251, 2256, 2259, 2265, 2268, 2270, 2271, 2272, 2274, 2278, 2279, 2283, 2285, 2289, 2291, 2292, 2300, 2303, 2307, 2309, 2310, 2311, 2316, 2317, 2320, 2321, 2324, 2326, 2327, 2330, 2333, 2335, 2336, 2337, 2339, 2340, 2342, 2343, 2351, 2360, 2365, 2377, 2385, 2392, 2401, 2402, 2407, 2412, 2414, 2416, 2418, 2419, 2422, 2424, 2434, 2438, 2439, 2440, 2446, 2448, 2458, 2459, 2474, 2483, 2487, 2498, 2501, 2502, 2504, 2508, 2509, 2512, 2514, 2517, 2522, 2524, 2526, 2533, 2534, 2540, 2541, 2542, 2543, 2545, 2546, 2550, 2551, 2554, 2555, 2556, 2568, 2569, 2570, 2573, 2577, 2585, 2591, 2599, 2601, 2604, 2606, 2616, 2617, 2620, 2639, 2647, 2660, 2668, 2670, 2674, 2677, 2682, 2683, 2688, 2691, 2693, 2695, 2698, 2701, 2708, 2719, 2722, 2723, 2725, 2731, 2732, 2736, 2737, 2739, 2740, 2746, 2747, 2748, 2749, 2759, 2765, 2767, 2772, 2773, 2779, 2782, 2784, 2806, 2811, 2832, 2844, 2846, 2858, 2861, 2863, 2872, 2878, 2901, 2907, 2908, 2913, 2915, 2919, 2933, 2934, 2936, 2948, 2952, 2957, 2960, 2966, 2969, 2972, 2976, 2977, 2981, 2983, 2985, 2991, 2993, 2996, 2998, 3005, 3017, 3018, 3023, 3024, 3029, 3030, 3033, 3034, 3035, 3038, 3043, 3044, 3048, 3051, 3056, 3057, 3058, 3059, 3066, 3081, 3091, 3094, 3097, 3103, 3105, 3108, 3117, 3125, 3133, 3134, 3135, 3141, 3144, 3146, 3161, 3169, 3178, 3182, 3185, 3193, 3195, 3237, 3250, 3251, 3253, 3256, 3266, 3277, 3286, 3297, 3299, 3304, 3307, 3312, 3315, 3316, 3323, 3328, 3332, 3339, 3348, 3369, 3373, 3376, 3378, 3379, 3383, 3386, 3391, 3406, 3433, 3436, 3438, 3440, 3448, 3449, 3450, 3455, 3465, 3468, 3471, 3481, 3484, 3485, 3492, 3498, 3525, 3527, 3530, 3545, 3552, 3562, 3569, 3597, 3624, 3625, 3626, 3627, 3641, 3642, 3657, 3673, 3677, 3680, 3682, 3685, 3686, 3690, 3714, 3715, 3725, 3734, 3737, 3739, 3745, 3767, 3776, 3778, 3786, 3791, 3792, 3803, 3805, 3841, 3844, 3870, 3899, 3900, 3901, 3907, 3924, 3933, 3936, 3937, 3938, 3958, 3989, 4001, 4002, 4009, 4010, 4013, 4018, 4028, 4029, 4040, 4061, 4068, 4081, 4082, 4090, 4100, 4103, 4108, 4112, 4134, 4143, 4144, 4152, 4159, 4162, 4173]
  Output projection dimensions: [128, 101]
🔄 Auto-resizing output layer: 101 -> 5000
Resizing output layer from 101 to 5000 tokens
Output layer successfully resized to vocabulary size 5000
✅ Output layer successfully resized to 5000
🧵 Thread ThreadId(139) state: ResizingVocabulary -> ForwardPass (after 2.448063ms)
✅ Standard training completed in 24.132723439s with loss 8.516057
🧵 Thread ThreadId(133) state: ForwardPass -> Completed (after 24.133764444s)
    ✅ Thread batch-worker-2 completed train_step for batch 14 in 24.14s
    ✅ Thread batch-worker-2 added batch 14 results to shared collection
    ✅ Thread batch-worker-2 sent batch 14 completion message
🔸 Reusing existing thread pool for 'data_loading' operation
Data loading with 14 threads
Processing 16 chunks across 14 threads
Batch prep timing: total=5ms (collect=1ms, min_len=1ms, truncate=1ms, targets=0ms)
    🔄 Thread batch-worker-2 starting train_step for batch 7
Initializing enhanced model with configuration:
  model_dim: 128 (validated: 128)
  ff_dim: 512 (validated: 512)
  num_heads: 4 (validated: 4)
  num_layers: 2 (validated: 2)
  dropout_rate: 0.1
  learning_rate: 0.0001
Initializing output_projection: model_dim=128, vocab_size=101
🧵 Thread ThreadId(140) state: Idle -> PreparingBatch (after 124ns)
🧵 Thread ThreadId(140) state: PreparingBatch -> ResizingVocabulary (after 36.205µs)
⚠️ TARGET ID ISSUE DETECTED:
  Current output layer size: 101
  Maximum valid target ID: 100
  Maximum ID in batch: 4175
  Unique out-of-range IDs in batch: [103, 104, 105, 106, 107, 108, 109, 110, 113, 115, 116, 117, 118, 119, 120, 121, 122, 123, 125, 126, 128, 130, 132, 133, 134, 135, 136, 138, 139, 144, 145, 146, 148, 150, 151, 153, 154, 155, 156, 159, 161, 164, 165, 168, 169, 170, 171, 172, 173, 175, 176, 178, 180, 182, 183, 184, 186, 189, 191, 193, 194, 195, 198, 199, 200, 203, 205, 206, 207, 209, 211, 214, 216, 217, 219, 225, 227, 228, 230, 232, 234, 235, 236, 237, 238, 240, 241, 243, 245, 246, 247, 248, 251, 256, 257, 265, 266, 269, 270, 271, 272, 273, 274, 275, 278, 279, 280, 282, 284, 285, 286, 289, 291, 295, 296, 298, 300, 301, 302, 306, 307, 308, 311, 312, 315, 318, 320, 323, 325, 326, 327, 328, 329, 330, 331, 332, 333, 336, 337, 338, 339, 340, 342, 343, 345, 346, 348, 352, 353, 356, 357, 358, 359, 360, 361, 362, 364, 365, 366, 367, 368, 369, 370, 371, 372, 373, 374, 376, 377, 383, 385, 387, 389, 390, 394, 395, 397, 401, 407, 410, 413, 417, 418, 419, 420, 421, 422, 423, 424, 426, 427, 429, 430, 431, 440, 441, 442, 443, 445, 446, 447, 448, 452, 455, 457, 458, 463, 464, 465, 467, 468, 470, 471, 473, 476, 477, 478, 479, 480, 482, 486, 490, 493, 495, 497, 498, 502, 504, 508, 510, 512, 516, 517, 518, 519, 520, 521, 524, 526, 527, 530, 533, 534, 537, 538, 539, 540, 541, 543, 545, 547, 549, 551, 554, 558, 559, 561, 562, 563, 566, 569, 571, 572, 574, 575, 576, 582, 583, 587, 589, 591, 594, 595, 596, 597, 598, 600, 601, 602, 604, 606, 607, 608, 609, 610, 611, 614, 616, 619, 620, 622, 624, 627, 632, 633, 634, 641, 642, 645, 647, 649, 650, 651, 654, 655, 657, 660, 662, 671, 675, 676, 678, 680, 681, 682, 683, 684, 685, 687, 689, 690, 691, 692, 693, 701, 702, 704, 706, 708, 711, 714, 715, 716, 719, 722, 725, 727, 728, 729, 734, 735, 737, 738, 741, 742, 743, 744, 746, 747, 748, 749, 751, 752, 753, 754, 755, 756, 758, 760, 762, 763, 764, 767, 768, 770, 772, 774, 775, 776, 778, 782, 783, 787, 788, 795, 796, 797, 799, 800, 801, 807, 810, 811, 813, 814, 817, 819, 823, 824, 825, 826, 828, 829, 831, 833, 836, 838, 843, 845, 847, 848, 853, 858, 860, 861, 863, 865, 867, 868, 869, 870, 872, 873, 876, 877, 879, 882, 884, 885, 886, 888, 892, 893, 896, 899, 900, 901, 902, 903, 904, 905, 906, 908, 912, 915, 916, 917, 918, 919, 920, 924, 927, 937, 938, 939, 940, 941, 942, 943, 944, 948, 950, 951, 953, 955, 956, 959, 960, 963, 964, 967, 968, 970, 972, 974, 976, 979, 980, 981, 982, 983, 984, 988, 990, 992, 993, 994, 995, 996, 1001, 1002, 1004, 1007, 1010, 1013, 1015, 1016, 1018, 1020, 1021, 1022, 1026, 1027, 1028, 1029, 1031, 1032, 1033, 1035, 1039, 1041, 1043, 1044, 1047, 1048, 1051, 1052, 1055, 1056, 1057, 1058, 1060, 1065, 1066, 1067, 1069, 1070, 1071, 1074, 1075, 1076, 1077, 1082, 1083, 1087, 1090, 1093, 1094, 1095, 1097, 1099, 1100, 1102, 1104, 1106, 1109, 1110, 1112, 1115, 1116, 1118, 1120, 1121, 1123, 1124, 1126, 1128, 1132, 1134, 1136, 1137, 1138, 1140, 1141, 1143, 1145, 1147, 1148, 1149, 1151, 1152, 1161, 1163, 1167, 1170, 1172, 1174, 1175, 1177, 1188, 1189, 1190, 1194, 1195, 1196, 1197, 1202, 1203, 1204, 1208, 1209, 1210, 1211, 1212, 1213, 1215, 1221, 1222, 1225, 1226, 1227, 1229, 1230, 1232, 1233, 1239, 1240, 1241, 1242, 1243, 1247, 1249, 1252, 1253, 1254, 1255, 1259, 1260, 1261, 1265, 1267, 1268, 1269, 1270, 1271, 1273, 1277, 1278, 1280, 1282, 1286, 1287, 1290, 1292, 1294, 1296, 1298, 1300, 1301, 1302, 1305, 1307, 1309, 1316, 1317, 1318, 1323, 1324, 1325, 1326, 1327, 1333, 1336, 1337, 1338, 1339, 1343, 1347, 1351, 1352, 1353, 1354, 1360, 1361, 1366, 1373, 1374, 1375, 1377, 1380, 1382, 1384, 1385, 1388, 1392, 1394, 1401, 1402, 1405, 1406, 1408, 1410, 1413, 1415, 1416, 1421, 1422, 1423, 1426, 1427, 1434, 1436, 1438, 1440, 1447, 1449, 1452, 1454, 1461, 1464, 1466, 1468, 1477, 1478, 1481, 1482, 1483, 1487, 1489, 1492, 1493, 1495, 1496, 1498, 1501, 1502, 1505, 1506, 1510, 1512, 1513, 1515, 1521, 1524, 1525, 1527, 1531, 1533, 1535, 1537, 1538, 1541, 1546, 1549, 1550, 1551, 1552, 1555, 1557, 1560, 1562, 1566, 1567, 1569, 1570, 1571, 1576, 1579, 1580, 1584, 1590, 1591, 1595, 1596, 1598, 1600, 1601, 1603, 1604, 1606, 1613, 1616, 1621, 1623, 1624, 1625, 1626, 1627, 1633, 1638, 1645, 1649, 1651, 1653, 1656, 1658, 1660, 1662, 1665, 1666, 1667, 1671, 1672, 1678, 1684, 1685, 1687, 1688, 1691, 1693, 1697, 1701, 1708, 1709, 1711, 1713, 1714, 1716, 1718, 1719, 1720, 1722, 1724, 1727, 1731, 1733, 1737, 1743, 1744, 1748, 1749, 1754, 1756, 1758, 1759, 1760, 1762, 1764, 1768, 1772, 1774, 1775, 1776, 1777, 1779, 1781, 1784, 1787, 1788, 1789, 1790, 1791, 1793, 1794, 1795, 1797, 1805, 1807, 1809, 1812, 1813, 1817, 1819, 1820, 1822, 1825, 1827, 1836, 1838, 1840, 1841, 1843, 1844, 1848, 1854, 1856, 1857, 1858, 1860, 1862, 1864, 1866, 1869, 1870, 1872, 1876, 1879, 1880, 1882, 1883, 1885, 1888, 1895, 1897, 1898, 1899, 1902, 1906, 1908, 1909, 1915, 1918, 1921, 1929, 1931, 1932, 1935, 1936, 1939, 1940, 1941, 1942, 1943, 1947, 1949, 1950, 1952, 1953, 1958, 1962, 1965, 1966, 1970, 1971, 1977, 1978, 1980, 1982, 1991, 1993, 1997, 2000, 2002, 2003, 2010, 2011, 2014, 2015, 2017, 2019, 2023, 2025, 2026, 2027, 2028, 2029, 2030, 2031, 2037, 2038, 2054, 2055, 2058, 2059, 2062, 2066, 2068, 2069, 2070, 2072, 2078, 2080, 2081, 2084, 2087, 2091, 2092, 2096, 2097, 2102, 2106, 2110, 2114, 2117, 2118, 2122, 2127, 2131, 2133, 2137, 2140, 2143, 2147, 2148, 2151, 2155, 2157, 2158, 2159, 2160, 2161, 2162, 2163, 2166, 2173, 2176, 2183, 2185, 2190, 2191, 2192, 2195, 2199, 2209, 2211, 2212, 2216, 2222, 2227, 2239, 2241, 2245, 2247, 2249, 2251, 2253, 2254, 2259, 2268, 2272, 2277, 2278, 2279, 2281, 2284, 2297, 2300, 2303, 2306, 2309, 2312, 2314, 2316, 2317, 2318, 2319, 2321, 2323, 2325, 2328, 2330, 2335, 2336, 2342, 2343, 2349, 2360, 2366, 2368, 2370, 2373, 2377, 2379, 2393, 2396, 2397, 2404, 2409, 2416, 2417, 2424, 2428, 2430, 2436, 2440, 2441, 2442, 2448, 2450, 2454, 2455, 2459, 2470, 2476, 2478, 2479, 2485, 2486, 2489, 2494, 2497, 2498, 2508, 2514, 2515, 2516, 2517, 2520, 2526, 2527, 2528, 2529, 2530, 2533, 2538, 2539, 2542, 2551, 2563, 2568, 2570, 2573, 2577, 2579, 2583, 2590, 2597, 2601, 2602, 2605, 2607, 2611, 2622, 2634, 2644, 2646, 2647, 2652, 2655, 2668, 2671, 2676, 2677, 2681, 2685, 2687, 2694, 2697, 2700, 2704, 2705, 2706, 2707, 2711, 2722, 2731, 2738, 2740, 2741, 2743, 2744, 2751, 2753, 2754, 2755, 2756, 2758, 2770, 2771, 2774, 2775, 2776, 2778, 2785, 2787, 2791, 2796, 2804, 2810, 2817, 2827, 2845, 2847, 2854, 2860, 2863, 2870, 2872, 2873, 2885, 2886, 2890, 2891, 2894, 2901, 2908, 2913, 2915, 2916, 2918, 2921, 2925, 2929, 2941, 2942, 2954, 2955, 2958, 2971, 2975, 2980, 2984, 2985, 2992, 2996, 3002, 3006, 3022, 3024, 3026, 3028, 3030, 3031, 3032, 3033, 3058, 3069, 3074, 3077, 3079, 3082, 3086, 3087, 3092, 3095, 3102, 3114, 3136, 3142, 3144, 3146, 3147, 3151, 3172, 3186, 3190, 3198, 3199, 3201, 3220, 3224, 3228, 3234, 3241, 3245, 3250, 3268, 3269, 3271, 3274, 3281, 3297, 3299, 3302, 3305, 3309, 3316, 3318, 3321, 3323, 3324, 3335, 3337, 3338, 3343, 3348, 3354, 3358, 3362, 3377, 3383, 3384, 3415, 3417, 3419, 3432, 3436, 3438, 3442, 3444, 3445, 3449, 3450, 3454, 3455, 3459, 3460, 3461, 3464, 3469, 3478, 3481, 3484, 3485, 3486, 3487, 3491, 3493, 3497, 3500, 3504, 3509, 3515, 3516, 3519, 3525, 3526, 3527, 3528, 3531, 3536, 3554, 3559, 3560, 3562, 3567, 3576, 3583, 3590, 3607, 3629, 3630, 3642, 3643, 3644, 3659, 3664, 3671, 3673, 3690, 3698, 3706, 3714, 3717, 3725, 3729, 3734, 3741, 3747, 3755, 3772, 3775, 3777, 3778, 3779, 3788, 3802, 3830, 3843, 3868, 3873, 3881, 3882, 3896, 3898, 3906, 3907, 3912, 3919, 3920, 3926, 3932, 3934, 3939, 3944, 3945, 3947, 3949, 3984, 3994, 4011, 4017, 4029, 4056, 4070, 4071, 4072, 4073, 4074, 4075, 4081, 4101, 4102, 4106, 4108, 4117, 4122, 4134, 4138, 4143, 4166, 4175]
  Output projection dimensions: [128, 101]
🔄 Auto-resizing output layer: 101 -> 5000
Resizing output layer from 101 to 5000 tokens
Output layer successfully resized to vocabulary size 5000
✅ Output layer successfully resized to 5000
🧵 Thread ThreadId(140) state: ResizingVocabulary -> ForwardPass (after 2.598672ms)
✅ Standard training completed in 18.888390589s with loss 8.516057
🧵 Thread ThreadId(136) state: ForwardPass -> Completed (after 18.889475007s)
    ✅ Thread batch-worker-3 completed train_step for batch 10 in 18.90s
    ✅ Thread batch-worker-3 added batch 10 results to shared collection
    ✅ Thread batch-worker-3 sent batch 10 completion message
✅ Thread batch-worker-3 completed batch 10. Progress: 10/22
🔸 Reusing existing thread pool for 'data_loading' operation
Data loading with 14 threads
    📊 Batch 11/22 - Loss: 8.516057 - Avg: 8.516093 - Prep: 0.007s - Train: 18.897s
Processing 16 chunks across 14 threads
Batch prep timing: total=4ms (collect=1ms, min_len=0ms, truncate=1ms, targets=1ms)
    🔄 Thread batch-worker-3 starting train_step for batch 6
Initializing enhanced model with configuration:
  model_dim: 128 (validated: 128)
  ff_dim: 512 (validated: 512)
  num_heads: 4 (validated: 4)
  num_layers: 2 (validated: 2)
  dropout_rate: 0.1
  learning_rate: 0.0001
Initializing output_projection: model_dim=128, vocab_size=101
🧵 Thread ThreadId(141) state: Idle -> PreparingBatch (after 104ns)
🧵 Thread ThreadId(141) state: PreparingBatch -> ResizingVocabulary (after 17.391µs)
⚠️ TARGET ID ISSUE DETECTED:
  Current output layer size: 101
  Maximum valid target ID: 100
  Maximum ID in batch: 4175
  Unique out-of-range IDs in batch: [103, 104, 105, 107, 108, 109, 110, 111, 112, 114, 115, 116, 118, 119, 120, 121, 122, 123, 125, 126, 128, 129, 130, 132, 134, 135, 136, 137, 139, 144, 145, 146, 148, 150, 151, 153, 154, 155, 156, 159, 161, 162, 165, 168, 170, 171, 173, 175, 176, 178, 180, 181, 182, 183, 184, 185, 186, 189, 191, 193, 195, 196, 197, 198, 199, 200, 204, 205, 207, 208, 209, 211, 214, 215, 217, 219, 223, 225, 227, 228, 230, 232, 233, 234, 235, 236, 237, 238, 239, 241, 243, 245, 246, 247, 248, 251, 253, 257, 265, 266, 270, 271, 272, 273, 274, 275, 278, 280, 282, 284, 285, 286, 291, 298, 300, 301, 302, 304, 306, 307, 308, 312, 315, 318, 320, 323, 324, 325, 326, 327, 329, 331, 332, 333, 336, 338, 340, 342, 343, 345, 346, 348, 349, 352, 353, 356, 357, 358, 359, 361, 362, 364, 365, 366, 367, 368, 369, 371, 372, 373, 374, 376, 377, 380, 383, 385, 387, 388, 390, 394, 395, 397, 401, 403, 407, 410, 412, 413, 417, 418, 420, 421, 422, 423, 424, 426, 427, 429, 430, 431, 440, 441, 442, 443, 446, 447, 448, 452, 454, 455, 457, 458, 463, 464, 465, 467, 468, 469, 470, 471, 473, 476, 477, 478, 479, 480, 482, 486, 490, 495, 497, 498, 502, 504, 508, 510, 511, 512, 516, 517, 518, 519, 520, 521, 523, 524, 525, 526, 527, 533, 534, 537, 538, 539, 540, 543, 545, 547, 550, 551, 554, 558, 559, 560, 561, 562, 563, 566, 567, 569, 571, 572, 575, 576, 582, 583, 587, 589, 591, 594, 595, 596, 598, 599, 600, 601, 602, 604, 606, 608, 609, 610, 611, 616, 619, 622, 624, 627, 631, 632, 633, 634, 638, 641, 642, 645, 649, 650, 651, 652, 654, 655, 657, 658, 660, 675, 676, 678, 680, 681, 682, 683, 684, 685, 687, 689, 691, 698, 701, 702, 704, 706, 708, 711, 714, 715, 716, 725, 727, 729, 731, 734, 735, 737, 738, 741, 742, 743, 744, 746, 747, 748, 749, 751, 752, 753, 754, 755, 756, 758, 760, 761, 762, 763, 764, 767, 768, 770, 772, 774, 775, 776, 778, 782, 783, 787, 795, 796, 797, 799, 800, 801, 807, 810, 811, 813, 814, 817, 819, 823, 824, 825, 826, 831, 833, 834, 836, 838, 843, 845, 847, 853, 854, 858, 860, 861, 863, 865, 867, 868, 869, 870, 872, 873, 876, 877, 879, 880, 882, 884, 885, 886, 888, 892, 893, 899, 900, 901, 902, 903, 904, 905, 906, 908, 911, 912, 913, 914, 915, 916, 918, 919, 922, 924, 927, 930, 937, 938, 939, 940, 941, 942, 943, 944, 947, 950, 951, 952, 953, 955, 956, 959, 960, 962, 963, 964, 967, 968, 970, 971, 972, 974, 976, 979, 980, 982, 983, 984, 986, 988, 990, 991, 992, 993, 994, 996, 1000, 1001, 1002, 1004, 1007, 1010, 1013, 1016, 1017, 1020, 1021, 1022, 1023, 1024, 1026, 1027, 1028, 1029, 1031, 1032, 1033, 1035, 1039, 1041, 1042, 1043, 1044, 1045, 1046, 1047, 1051, 1052, 1055, 1056, 1057, 1058, 1060, 1064, 1066, 1067, 1069, 1070, 1071, 1074, 1075, 1076, 1077, 1078, 1082, 1086, 1087, 1090, 1091, 1093, 1095, 1096, 1097, 1098, 1099, 1100, 1102, 1104, 1106, 1110, 1112, 1115, 1116, 1118, 1120, 1123, 1124, 1126, 1127, 1128, 1132, 1133, 1134, 1136, 1137, 1138, 1140, 1141, 1143, 1145, 1147, 1148, 1149, 1151, 1154, 1162, 1163, 1166, 1167, 1168, 1172, 1174, 1175, 1177, 1180, 1183, 1187, 1188, 1189, 1190, 1191, 1194, 1196, 1197, 1199, 1208, 1209, 1211, 1212, 1213, 1215, 1216, 1221, 1222, 1223, 1226, 1227, 1229, 1230, 1232, 1233, 1234, 1237, 1240, 1242, 1243, 1246, 1247, 1252, 1253, 1254, 1255, 1259, 1260, 1261, 1265, 1267, 1268, 1269, 1270, 1273, 1277, 1278, 1279, 1280, 1281, 1282, 1283, 1286, 1287, 1288, 1290, 1291, 1292, 1296, 1298, 1300, 1301, 1302, 1303, 1305, 1307, 1311, 1312, 1313, 1314, 1316, 1317, 1318, 1322, 1323, 1324, 1325, 1326, 1327, 1328, 1329, 1331, 1332, 1333, 1336, 1337, 1339, 1342, 1343, 1347, 1350, 1351, 1352, 1356, 1361, 1362, 1366, 1371, 1372, 1373, 1374, 1375, 1380, 1382, 1384, 1385, 1387, 1388, 1392, 1394, 1399, 1401, 1402, 1403, 1404, 1405, 1406, 1408, 1409, 1410, 1411, 1412, 1416, 1417, 1421, 1422, 1425, 1426, 1427, 1434, 1436, 1438, 1440, 1442, 1446, 1447, 1449, 1450, 1451, 1452, 1453, 1454, 1456, 1466, 1467, 1469, 1473, 1474, 1477, 1478, 1481, 1484, 1486, 1489, 1492, 1496, 1498, 1500, 1501, 1502, 1505, 1508, 1510, 1511, 1512, 1513, 1514, 1521, 1524, 1525, 1529, 1531, 1535, 1537, 1538, 1540, 1541, 1543, 1546, 1549, 1550, 1555, 1557, 1558, 1559, 1560, 1562, 1563, 1565, 1567, 1570, 1576, 1580, 1581, 1584, 1586, 1588, 1590, 1595, 1596, 1598, 1600, 1602, 1604, 1606, 1609, 1610, 1611, 1612, 1614, 1617, 1618, 1620, 1627, 1638, 1643, 1648, 1649, 1650, 1651, 1653, 1660, 1666, 1667, 1669, 1671, 1674, 1675, 1676, 1677, 1678, 1681, 1685, 1686, 1687, 1688, 1691, 1694, 1696, 1697, 1698, 1708, 1709, 1710, 1716, 1718, 1719, 1720, 1726, 1727, 1731, 1734, 1736, 1737, 1739, 1740, 1743, 1744, 1745, 1748, 1749, 1750, 1753, 1754, 1760, 1764, 1768, 1771, 1772, 1774, 1781, 1784, 1787, 1788, 1789, 1790, 1794, 1796, 1797, 1807, 1811, 1816, 1822, 1836, 1838, 1839, 1841, 1843, 1844, 1846, 1851, 1852, 1853, 1854, 1856, 1857, 1858, 1860, 1862, 1866, 1867, 1868, 1872, 1873, 1877, 1878, 1883, 1884, 1885, 1888, 1891, 1894, 1898, 1900, 1902, 1903, 1904, 1905, 1910, 1914, 1915, 1918, 1927, 1931, 1932, 1936, 1941, 1946, 1947, 1949, 1950, 1951, 1952, 1953, 1959, 1965, 1966, 1967, 1969, 1971, 1976, 1977, 1980, 1983, 1989, 1992, 2001, 2002, 2004, 2007, 2010, 2015, 2019, 2021, 2022, 2029, 2031, 2038, 2051, 2058, 2059, 2068, 2070, 2071, 2072, 2073, 2076, 2078, 2080, 2081, 2087, 2093, 2096, 2097, 2099, 2104, 2106, 2107, 2109, 2111, 2112, 2113, 2117, 2118, 2120, 2121, 2123, 2124, 2127, 2131, 2133, 2134, 2139, 2142, 2143, 2151, 2153, 2155, 2156, 2158, 2159, 2160, 2161, 2163, 2164, 2166, 2169, 2176, 2180, 2184, 2185, 2189, 2201, 2204, 2206, 2209, 2216, 2218, 2220, 2227, 2228, 2230, 2233, 2235, 2237, 2239, 2243, 2249, 2254, 2257, 2261, 2266, 2267, 2270, 2271, 2277, 2279, 2284, 2285, 2289, 2290, 2292, 2300, 2302, 2304, 2305, 2307, 2311, 2314, 2316, 2317, 2319, 2320, 2323, 2325, 2326, 2327, 2328, 2334, 2335, 2338, 2339, 2342, 2343, 2344, 2351, 2353, 2354, 2366, 2368, 2373, 2376, 2380, 2385, 2393, 2395, 2396, 2397, 2398, 2402, 2405, 2409, 2411, 2412, 2422, 2426, 2427, 2429, 2430, 2431, 2433, 2436, 2437, 2440, 2450, 2453, 2456, 2457, 2461, 2462, 2468, 2469, 2470, 2478, 2487, 2494, 2499, 2501, 2503, 2505, 2506, 2507, 2508, 2509, 2511, 2516, 2517, 2526, 2527, 2531, 2533, 2538, 2541, 2542, 2545, 2550, 2551, 2554, 2556, 2562, 2565, 2573, 2577, 2585, 2600, 2601, 2605, 2609, 2611, 2612, 2617, 2623, 2628, 2629, 2635, 2638, 2639, 2643, 2645, 2647, 2648, 2653, 2660, 2670, 2674, 2676, 2677, 2683, 2684, 2687, 2695, 2698, 2701, 2705, 2706, 2711, 2715, 2717, 2721, 2729, 2737, 2748, 2749, 2751, 2755, 2756, 2757, 2759, 2761, 2762, 2763, 2767, 2772, 2774, 2777, 2783, 2785, 2791, 2793, 2794, 2804, 2811, 2812, 2833, 2850, 2854, 2861, 2862, 2863, 2865, 2867, 2870, 2873, 2895, 2897, 2903, 2911, 2913, 2916, 2921, 2922, 2948, 2953, 2954, 2955, 2957, 2962, 2971, 2983, 2985, 2986, 3016, 3017, 3019, 3020, 3022, 3023, 3026, 3027, 3028, 3030, 3031, 3032, 3035, 3037, 3038, 3047, 3048, 3053, 3055, 3063, 3066, 3070, 3074, 3078, 3079, 3081, 3083, 3085, 3087, 3092, 3100, 3101, 3102, 3103, 3105, 3106, 3107, 3112, 3117, 3119, 3125, 3129, 3136, 3137, 3138, 3159, 3164, 3177, 3180, 3186, 3190, 3198, 3201, 3222, 3228, 3232, 3237, 3241, 3250, 3251, 3261, 3262, 3263, 3281, 3286, 3290, 3304, 3320, 3328, 3332, 3353, 3357, 3377, 3396, 3397, 3399, 3402, 3404, 3409, 3412, 3415, 3419, 3426, 3428, 3433, 3436, 3437, 3444, 3446, 3448, 3449, 3451, 3456, 3460, 3461, 3464, 3466, 3473, 3474, 3477, 3483, 3484, 3485, 3493, 3495, 3497, 3501, 3502, 3503, 3505, 3509, 3511, 3514, 3516, 3521, 3524, 3525, 3551, 3553, 3557, 3562, 3565, 3569, 3600, 3601, 3602, 3627, 3630, 3633, 3644, 3685, 3695, 3698, 3713, 3720, 3750, 3761, 3766, 3771, 3777, 3779, 3819, 3832, 3875, 3880, 3882, 3893, 3907, 3914, 3929, 3959, 3978, 3982, 4009, 4011, 4017, 4032, 4042, 4045, 4048, 4050, 4054, 4055, 4057, 4067, 4079, 4082, 4088, 4100, 4101, 4104, 4118, 4145, 4149, 4151, 4155, 4171, 4174, 4175]
  Output projection dimensions: [128, 101]
🔄 Auto-resizing output layer: 101 -> 5000
Resizing output layer from 101 to 5000 tokens
Output layer successfully resized to vocabulary size 5000
✅ Output layer successfully resized to 5000
🧵 Thread ThreadId(141) state: ResizingVocabulary -> ForwardPass (after 936.92µs)
✅ Standard training completed in 21.92193494s with loss 8.516057
🧵 Thread ThreadId(137) state: ForwardPass -> Completed (after 21.923331664s)
✅ Standard training completed in 21.934149559s with loss 8.516057
🧵 Thread ThreadId(135) state: ForwardPass -> Completed (after 21.935283565s)
    ✅ Thread batch-worker-5 completed train_step for batch 12 in 21.95s
    ✅ Thread batch-worker-5 added batch 12 results to shared collection
    ✅ Thread batch-worker-5 sent batch 12 completion message
🔄 Thread batch-worker-5 assigned batch 5. Remaining: 5/22
🔸 Reusing existing thread pool for 'data_loading' operation
Data loading with 14 threads
    ✅ Thread batch-worker-1 completed train_step for batch 11 in 21.94s
    ✅ Thread batch-worker-1 added batch 11 results to shared collection
    ✅ Thread batch-worker-1 sent batch 11 completion message
Processing 16 chunks across 14 threads
🔄 Thread batch-worker-1 assigned batch 4. Remaining: 4/22
🔸 Reusing existing thread pool for 'data_loading' operation
Data loading with 14 threads
Batch prep timing: total=4ms (collect=1ms, min_len=0ms, truncate=1ms, targets=1ms)
    🔄 Thread batch-worker-5 starting train_step for batch 5
Processing 16 chunks across 14 threads
Initializing enhanced model with configuration:
  model_dim: 128 (validated: 128)
  ff_dim: 512 (validated: 512)
  num_heads: 4 (validated: 4)
  num_layers: 2 (validated: 2)
  dropout_rate: 0.1
  learning_rate: 0.0001
Batch prep timing: total=6ms (collect=0ms, min_len=0ms, truncate=0ms, targets=0ms)
    🔄 Thread batch-worker-1 starting train_step for batch 4
Initializing enhanced model with configuration:
  model_dim: 128 (validated: 128)
  ff_dim: 512 (validated: 512)
  num_heads: 4 (validated: 4)
  num_layers: 2 (validated: 2)
  dropout_rate: 0.1
  learning_rate: 0.0001
Initializing output_projection: model_dim=128, vocab_size=101
🧵 Thread ThreadId(142) state: Idle -> PreparingBatch (after 100ns)
🧵 Thread ThreadId(142) state: PreparingBatch -> ResizingVocabulary (after 16.729µs)
⚠️ TARGET ID ISSUE DETECTED:
  Current output layer size: 101
  Maximum valid target ID: 100
  Maximum ID in batch: 4176
  Unique out-of-range IDs in batch: [104, 107, 108, 110, 111, 113, 114, 115, 116, 118, 119, 121, 126, 127, 128, 129, 130, 132, 133, 134, 135, 136, 138, 139, 143, 144, 146, 148, 150, 151, 153, 154, 157, 161, 162, 165, 168, 169, 170, 175, 176, 178, 180, 181, 182, 183, 184, 186, 189, 191, 193, 195, 197, 198, 200, 201, 202, 204, 207, 209, 211, 212, 213, 214, 217, 219, 225, 227, 233, 234, 235, 236, 237, 238, 241, 243, 244, 245, 248, 251, 255, 257, 263, 265, 266, 267, 269, 270, 271, 272, 273, 274, 275, 277, 278, 279, 280, 281, 282, 283, 284, 285, 286, 291, 295, 296, 298, 300, 301, 302, 306, 307, 308, 311, 312, 315, 318, 320, 321, 323, 325, 326, 327, 328, 331, 333, 336, 337, 339, 340, 343, 345, 346, 348, 352, 353, 356, 358, 359, 361, 362, 364, 365, 366, 367, 368, 369, 371, 372, 373, 374, 376, 377, 380, 383, 385, 387, 388, 389, 390, 394, 395, 397, 398, 401, 403, 405, 407, 410, 414, 417, 418, 419, 420, 421, 422, 423, 424, 426, 427, 429, 430, 431, 433, 435, 437, 440, 441, 442, 446, 447, 448, 449, 452, 454, 455, 457, 458, 463, 464, 467, 468, 470, 471, 473, 476, 477, 478, 479, 480, 481, 482, 486, 490, 495, 497, 498, 499, 502, 504, 505, 507, 508, 510, 512, 516, 517, 518, 519, 521, 523, 524, 526, 527, 533, 534, 537, 538, 539, 540, 541, 543, 545, 547, 551, 552, 554, 558, 559, 561, 562, 563, 566, 567, 569, 571, 572, 575, 576, 582, 583, 587, 589, 591, 594, 595, 596, 598, 600, 601, 602, 604, 605, 606, 607, 608, 609, 610, 611, 616, 619, 622, 624, 627, 632, 633, 634, 636, 638, 641, 645, 649, 650, 651, 654, 655, 657, 660, 675, 676, 678, 680, 681, 682, 683, 684, 685, 687, 689, 691, 699, 701, 702, 704, 706, 708, 711, 715, 716, 727, 729, 734, 735, 737, 738, 740, 741, 742, 743, 744, 746, 747, 748, 749, 751, 752, 753, 754, 755, 756, 758, 760, 762, 763, 764, 767, 772, 774, 775, 776, 778, 782, 783, 787, 795, 796, 797, 799, 800, 801, 806, 807, 810, 811, 813, 814, 817, 819, 820, 821, 823, 824, 825, 826, 828, 831, 833, 836, 838, 843, 845, 847, 852, 853, 854, 857, 858, 860, 861, 862, 863, 865, 867, 869, 870, 872, 873, 876, 877, 879, 882, 884, 885, 886, 888, 892, 893, 894, 899, 900, 901, 902, 903, 904, 905, 906, 908, 912, 913, 914, 915, 916, 917, 918, 919, 922, 924, 927, 932, 933, 937, 938, 939, 940, 941, 942, 943, 944, 947, 948, 951, 952, 953, 955, 956, 959, 960, 963, 964, 967, 968, 969, 970, 972, 974, 980, 982, 983, 984, 986, 988, 990, 991, 992, 993, 994, 995, 996, 1000, 1001, 1002, 1003, 1007, 1010, 1013, 1016, 1017, 1018, 1020, 1021, 1022, 1024, 1026, 1027, 1028, 1029, 1031, 1032, 1033, 1035, 1039, 1041, 1042, 1044, 1045, 1046, 1047, 1048, 1050, 1051, 1052, 1054, 1055, 1056, 1057, 1058, 1059, 1060, 1061, 1063, 1065, 1066, 1067, 1069, 1070, 1071, 1074, 1076, 1082, 1083, 1086, 1087, 1090, 1091, 1092, 1093, 1095, 1096, 1097, 1098, 1099, 1100, 1102, 1104, 1105, 1106, 1110, 1112, 1116, 1118, 1120, 1123, 1124, 1126, 1128, 1132, 1134, 1136, 1138, 1139, 1140, 1141, 1143, 1145, 1147, 1148, 1149, 1151, 1152, 1154, 1155, 1161, 1163, 1167, 1168, 1169, 1171, 1174, 1175, 1177, 1181, 1187, 1188, 1189, 1190, 1191, 1194, 1195, 1196, 1197, 1202, 1207, 1208, 1209, 1210, 1212, 1213, 1214, 1216, 1221, 1222, 1223, 1226, 1227, 1229, 1232, 1233, 1234, 1239, 1240, 1242, 1243, 1246, 1247, 1249, 1253, 1254, 1255, 1259, 1260, 1261, 1265, 1266, 1267, 1268, 1270, 1271, 1273, 1277, 1278, 1279, 1280, 1281, 1282, 1287, 1288, 1292, 1294, 1298, 1301, 1302, 1303, 1305, 1307, 1309, 1311, 1312, 1313, 1314, 1315, 1316, 1317, 1318, 1322, 1323, 1324, 1325, 1326, 1328, 1329, 1332, 1333, 1334, 1335, 1336, 1337, 1338, 1339, 1341, 1347, 1350, 1351, 1352, 1356, 1361, 1362, 1364, 1366, 1369, 1371, 1374, 1377, 1378, 1380, 1382, 1384, 1387, 1392, 1393, 1394, 1395, 1399, 1401, 1402, 1403, 1404, 1405, 1406, 1407, 1409, 1411, 1413, 1415, 1416, 1417, 1418, 1421, 1422, 1425, 1426, 1427, 1431, 1436, 1442, 1445, 1446, 1447, 1448, 1451, 1453, 1455, 1456, 1457, 1459, 1461, 1468, 1469, 1471, 1477, 1478, 1484, 1486, 1488, 1489, 1492, 1493, 1495, 1500, 1502, 1505, 1508, 1510, 1511, 1512, 1513, 1514, 1515, 1517, 1519, 1521, 1523, 1525, 1527, 1529, 1533, 1538, 1540, 1543, 1549, 1555, 1558, 1559, 1560, 1562, 1565, 1567, 1569, 1570, 1580, 1582, 1586, 1588, 1591, 1596, 1598, 1602, 1603, 1606, 1608, 1610, 1611, 1613, 1614, 1616, 1617, 1618, 1620, 1624, 1625, 1626, 1627, 1638, 1640, 1643, 1648, 1649, 1651, 1658, 1660, 1662, 1666, 1667, 1669, 1672, 1675, 1676, 1677, 1678, 1681, 1685, 1688, 1693, 1694, 1696, 1697, 1698, 1701, 1708, 1709, 1710, 1713, 1714, 1716, 1727, 1731, 1733, 1734, 1736, 1740, 1742, 1744, 1745, 1747, 1749, 1750, 1752, 1758, 1760, 1762, 1771, 1772, 1775, 1776, 1777, 1781, 1784, 1787, 1788, 1789, 1790, 1791, 1794, 1796, 1805, 1807, 1809, 1811, 1812, 1816, 1820, 1825, 1826, 1827, 1835, 1836, 1839, 1840, 1843, 1846, 1848, 1849, 1853, 1856, 1857, 1860, 1868, 1870, 1871, 1872, 1876, 1877, 1878, 1879, 1882, 1887, 1888, 1894, 1895, 1898, 1900, 1902, 1903, 1905, 1909, 1917, 1919, 1927, 1932, 1933, 1935, 1936, 1940, 1941, 1942, 1943, 1945, 1949, 1952, 1953, 1958, 1959, 1961, 1962, 1965, 1969, 1970, 1971, 1977, 1979, 1980, 1983, 1984, 1991, 1992, 1993, 2000, 2001, 2003, 2004, 2009, 2015, 2017, 2020, 2023, 2025, 2029, 2030, 2032, 2038, 2044, 2051, 2054, 2057, 2066, 2068, 2070, 2072, 2075, 2076, 2083, 2087, 2089, 2093, 2096, 2099, 2104, 2106, 2107, 2109, 2112, 2114, 2118, 2120, 2121, 2122, 2123, 2133, 2134, 2136, 2137, 2139, 2140, 2141, 2142, 2144, 2147, 2148, 2152, 2153, 2154, 2155, 2157, 2159, 2162, 2163, 2166, 2175, 2181, 2182, 2183, 2185, 2189, 2190, 2192, 2201, 2202, 2209, 2216, 2217, 2222, 2225, 2226, 2227, 2239, 2241, 2242, 2244, 2245, 2247, 2250, 2256, 2257, 2258, 2266, 2267, 2268, 2270, 2274, 2275, 2278, 2279, 2283, 2292, 2297, 2302, 2304, 2305, 2306, 2307, 2308, 2310, 2315, 2318, 2323, 2325, 2327, 2333, 2336, 2340, 2343, 2344, 2349, 2353, 2360, 2365, 2366, 2370, 2375, 2377, 2392, 2393, 2394, 2397, 2404, 2411, 2412, 2419, 2422, 2429, 2434, 2439, 2446, 2447, 2448, 2455, 2457, 2465, 2468, 2470, 2476, 2479, 2482, 2487, 2489, 2494, 2497, 2499, 2501, 2502, 2505, 2509, 2512, 2513, 2514, 2520, 2522, 2524, 2525, 2534, 2535, 2536, 2537, 2538, 2541, 2542, 2543, 2548, 2549, 2551, 2557, 2563, 2568, 2569, 2577, 2604, 2608, 2612, 2617, 2621, 2629, 2646, 2649, 2653, 2655, 2661, 2666, 2670, 2675, 2684, 2686, 2687, 2689, 2692, 2697, 2698, 2705, 2710, 2711, 2713, 2715, 2717, 2729, 2732, 2735, 2739, 2741, 2743, 2744, 2751, 2757, 2762, 2763, 2773, 2777, 2781, 2782, 2785, 2786, 2793, 2804, 2842, 2844, 2848, 2850, 2858, 2860, 2868, 2870, 2872, 2875, 2890, 2895, 2899, 2901, 2907, 2910, 2915, 2922, 2927, 2933, 2939, 2949, 2952, 2957, 2959, 2964, 2967, 2977, 2979, 2980, 2990, 3006, 3014, 3026, 3034, 3035, 3036, 3037, 3044, 3051, 3054, 3057, 3060, 3064, 3065, 3068, 3077, 3083, 3085, 3093, 3102, 3105, 3116, 3119, 3121, 3129, 3142, 3158, 3161, 3172, 3188, 3191, 3195, 3204, 3213, 3222, 3226, 3230, 3248, 3249, 3254, 3260, 3262, 3263, 3264, 3280, 3281, 3283, 3293, 3296, 3298, 3302, 3305, 3308, 3315, 3323, 3330, 3332, 3350, 3352, 3375, 3380, 3390, 3397, 3403, 3407, 3413, 3414, 3417, 3418, 3421, 3424, 3435, 3437, 3441, 3442, 3445, 3446, 3447, 3448, 3451, 3463, 3469, 3476, 3482, 3485, 3491, 3492, 3496, 3506, 3507, 3514, 3524, 3565, 3569, 3582, 3600, 3615, 3624, 3627, 3634, 3671, 3672, 3676, 3685, 3692, 3704, 3707, 3717, 3724, 3737, 3739, 3742, 3767, 3768, 3782, 3784, 3785, 3791, 3809, 3812, 3824, 3826, 3832, 3842, 3847, 3875, 3878, 3890, 3891, 3898, 3899, 3905, 3913, 3917, 3929, 3938, 3949, 3959, 3965, 3989, 3994, 4007, 4011, 4014, 4017, 4022, 4028, 4044, 4048, 4053, 4064, 4073, 4076, 4084, 4090, 4096, 4097, 4100, 4104, 4112, 4119, 4133, 4136, 4138, 4140, 4157, 4175, 4176]
  Output projection dimensions: [128, 101]
🔄 Auto-resizing output layer: 101 -> 5000
Resizing output layer from 101 to 5000 tokens
Output layer successfully resized to vocabulary size 5000
✅ Output layer successfully resized to 5000
🧵 Thread ThreadId(142) state: ResizingVocabulary -> ForwardPass (after 1.068582ms)
Initializing output_projection: model_dim=128, vocab_size=101
🧵 Thread ThreadId(143) state: Idle -> PreparingBatch (after 85ns)
🧵 Thread ThreadId(143) state: PreparingBatch -> ResizingVocabulary (after 20.667µs)
⚠️ TARGET ID ISSUE DETECTED:
  Current output layer size: 101
  Maximum valid target ID: 100
  Maximum ID in batch: 4173
  Unique out-of-range IDs in batch: [104, 107, 108, 110, 111, 113, 115, 116, 118, 119, 121, 122, 123, 126, 128, 129, 130, 131, 132, 133, 134, 135, 136, 142, 144, 146, 147, 148, 150, 151, 152, 153, 154, 158, 161, 164, 165, 168, 170, 173, 175, 176, 178, 180, 181, 182, 184, 186, 189, 191, 193, 195, 196, 197, 198, 200, 201, 202, 204, 206, 207, 209, 211, 212, 214, 216, 217, 219, 225, 227, 228, 231, 232, 234, 236, 237, 238, 241, 243, 245, 246, 247, 248, 251, 253, 255, 257, 262, 266, 267, 269, 270, 271, 272, 273, 274, 275, 276, 278, 279, 280, 282, 283, 284, 285, 286, 289, 291, 292, 298, 300, 301, 302, 306, 307, 308, 312, 314, 315, 317, 318, 320, 323, 324, 325, 326, 327, 328, 329, 330, 331, 332, 333, 336, 337, 338, 340, 342, 343, 345, 346, 348, 350, 352, 353, 356, 358, 359, 361, 362, 364, 365, 366, 367, 368, 369, 371, 372, 373, 374, 376, 377, 379, 382, 383, 385, 387, 390, 394, 395, 397, 400, 401, 407, 410, 413, 414, 417, 418, 420, 421, 422, 423, 424, 426, 427, 429, 430, 431, 435, 437, 440, 441, 442, 446, 447, 448, 450, 452, 454, 455, 457, 458, 463, 464, 467, 468, 470, 471, 473, 476, 477, 478, 479, 480, 481, 482, 486, 488, 490, 495, 497, 498, 502, 504, 508, 510, 512, 516, 517, 518, 519, 520, 521, 524, 526, 527, 533, 534, 537, 538, 539, 540, 541, 543, 545, 547, 549, 551, 554, 558, 559, 560, 561, 562, 563, 566, 567, 569, 571, 572, 575, 576, 577, 582, 583, 587, 589, 591, 594, 595, 596, 597, 598, 599, 600, 601, 602, 604, 606, 607, 608, 609, 610, 611, 616, 619, 622, 624, 627, 628, 631, 632, 633, 634, 639, 641, 642, 645, 646, 647, 649, 650, 651, 654, 655, 657, 660, 662, 664, 675, 676, 678, 680, 681, 682, 683, 684, 685, 687, 689, 691, 693, 701, 702, 704, 706, 708, 711, 713, 715, 716, 723, 727, 729, 734, 735, 737, 738, 741, 742, 743, 744, 746, 747, 748, 749, 751, 752, 753, 754, 755, 756, 760, 762, 763, 764, 767, 768, 770, 772, 773, 774, 775, 776, 778, 782, 783, 787, 795, 796, 799, 800, 801, 807, 810, 811, 813, 814, 817, 819, 821, 823, 824, 825, 826, 828, 830, 831, 833, 834, 836, 838, 843, 845, 847, 849, 853, 854, 858, 860, 861, 863, 865, 867, 869, 870, 872, 873, 874, 876, 877, 879, 880, 882, 884, 885, 886, 888, 892, 893, 899, 900, 901, 902, 903, 904, 905, 906, 908, 912, 914, 915, 916, 917, 918, 919, 922, 924, 937, 938, 939, 940, 941, 942, 943, 944, 946, 947, 948, 950, 951, 952, 953, 955, 956, 959, 960, 963, 964, 967, 968, 969, 970, 972, 974, 976, 977, 979, 980, 981, 982, 983, 984, 986, 988, 990, 991, 994, 995, 996, 999, 1000, 1001, 1002, 1004, 1007, 1010, 1013, 1016, 1017, 1019, 1020, 1021, 1022, 1024, 1026, 1027, 1028, 1031, 1032, 1033, 1035, 1039, 1041, 1042, 1043, 1044, 1046, 1047, 1048, 1051, 1052, 1054, 1056, 1057, 1058, 1059, 1060, 1064, 1065, 1066, 1067, 1069, 1070, 1071, 1074, 1075, 1077, 1078, 1082, 1083, 1087, 1090, 1091, 1094, 1095, 1097, 1098, 1099, 1100, 1102, 1104, 1106, 1110, 1112, 1115, 1116, 1118, 1120, 1123, 1124, 1126, 1128, 1130, 1134, 1136, 1140, 1141, 1142, 1143, 1145, 1147, 1148, 1149, 1151, 1152, 1154, 1155, 1161, 1163, 1167, 1168, 1169, 1172, 1173, 1174, 1175, 1177, 1183, 1186, 1187, 1189, 1194, 1195, 1202, 1204, 1208, 1209, 1210, 1211, 1213, 1214, 1215, 1221, 1222, 1223, 1226, 1227, 1229, 1232, 1233, 1234, 1238, 1239, 1240, 1242, 1243, 1246, 1247, 1249, 1252, 1253, 1254, 1255, 1258, 1259, 1260, 1261, 1265, 1267, 1268, 1269, 1270, 1271, 1273, 1277, 1278, 1279, 1280, 1281, 1282, 1283, 1286, 1288, 1290, 1291, 1292, 1296, 1298, 1300, 1301, 1305, 1309, 1311, 1313, 1316, 1317, 1318, 1322, 1325, 1326, 1327, 1328, 1332, 1333, 1336, 1339, 1342, 1343, 1346, 1347, 1350, 1352, 1353, 1354, 1357, 1360, 1364, 1366, 1369, 1371, 1373, 1374, 1375, 1377, 1378, 1380, 1382, 1385, 1387, 1388, 1392, 1394, 1399, 1401, 1402, 1403, 1405, 1406, 1408, 1409, 1410, 1412, 1415, 1416, 1417, 1418, 1421, 1422, 1426, 1427, 1431, 1436, 1438, 1440, 1442, 1446, 1447, 1449, 1450, 1451, 1453, 1454, 1456, 1457, 1461, 1466, 1467, 1469, 1473, 1474, 1477, 1482, 1484, 1486, 1488, 1489, 1492, 1493, 1495, 1498, 1501, 1502, 1508, 1509, 1510, 1511, 1512, 1513, 1514, 1515, 1517, 1521, 1527, 1529, 1531, 1537, 1541, 1542, 1546, 1550, 1551, 1557, 1558, 1560, 1562, 1563, 1567, 1569, 1570, 1571, 1574, 1582, 1584, 1586, 1588, 1591, 1596, 1598, 1601, 1602, 1603, 1604, 1606, 1608, 1609, 1610, 1611, 1612, 1613, 1614, 1623, 1625, 1626, 1627, 1628, 1631, 1638, 1640, 1643, 1645, 1646, 1648, 1653, 1656, 1658, 1659, 1661, 1665, 1666, 1668, 1673, 1674, 1675, 1676, 1677, 1678, 1681, 1685, 1686, 1688, 1691, 1693, 1694, 1696, 1697, 1701, 1708, 1709, 1711, 1714, 1718, 1720, 1722, 1724, 1726, 1727, 1732, 1733, 1734, 1740, 1742, 1744, 1746, 1748, 1750, 1752, 1753, 1756, 1759, 1760, 1762, 1768, 1771, 1772, 1774, 1775, 1776, 1781, 1784, 1786, 1788, 1791, 1795, 1797, 1798, 1803, 1805, 1807, 1809, 1811, 1813, 1819, 1822, 1827, 1831, 1835, 1836, 1839, 1843, 1844, 1848, 1849, 1853, 1854, 1856, 1857, 1858, 1868, 1869, 1871, 1872, 1876, 1879, 1882, 1883, 1884, 1885, 1887, 1892, 1894, 1897, 1899, 1903, 1904, 1908, 1910, 1919, 1921, 1927, 1933, 1936, 1941, 1942, 1945, 1947, 1949, 1950, 1960, 1961, 1965, 1966, 1969, 1970, 1975, 1977, 1978, 1982, 1984, 1985, 1991, 2001, 2002, 2003, 2007, 2010, 2011, 2017, 2020, 2023, 2028, 2030, 2039, 2048, 2051, 2054, 2055, 2062, 2070, 2072, 2073, 2076, 2081, 2086, 2089, 2091, 2092, 2093, 2096, 2097, 2099, 2104, 2110, 2111, 2112, 2114, 2115, 2117, 2120, 2124, 2127, 2129, 2130, 2134, 2136, 2137, 2138, 2142, 2144, 2147, 2150, 2151, 2154, 2158, 2160, 2163, 2169, 2175, 2176, 2181, 2183, 2185, 2189, 2190, 2199, 2201, 2207, 2209, 2211, 2213, 2216, 2217, 2218, 2220, 2222, 2228, 2230, 2233, 2236, 2239, 2240, 2241, 2247, 2253, 2256, 2257, 2258, 2259, 2261, 2266, 2267, 2268, 2274, 2279, 2281, 2284, 2286, 2302, 2303, 2308, 2314, 2316, 2317, 2319, 2322, 2324, 2326, 2328, 2330, 2333, 2334, 2336, 2340, 2342, 2351, 2354, 2360, 2364, 2374, 2376, 2377, 2380, 2385, 2392, 2395, 2402, 2407, 2411, 2414, 2422, 2426, 2427, 2429, 2430, 2431, 2433, 2436, 2438, 2439, 2447, 2450, 2455, 2458, 2459, 2461, 2463, 2465, 2467, 2470, 2474, 2480, 2483, 2484, 2486, 2487, 2489, 2497, 2501, 2502, 2503, 2504, 2506, 2509, 2514, 2515, 2516, 2529, 2530, 2535, 2537, 2540, 2544, 2546, 2549, 2550, 2554, 2555, 2556, 2563, 2569, 2579, 2583, 2588, 2591, 2595, 2599, 2600, 2605, 2608, 2609, 2612, 2628, 2630, 2642, 2645, 2647, 2648, 2649, 2658, 2660, 2661, 2670, 2671, 2672, 2674, 2675, 2676, 2677, 2678, 2681, 2686, 2693, 2701, 2706, 2708, 2710, 2712, 2717, 2721, 2728, 2739, 2744, 2753, 2754, 2755, 2758, 2761, 2771, 2775, 2776, 2784, 2789, 2790, 2791, 2793, 2809, 2819, 2834, 2838, 2844, 2847, 2849, 2876, 2878, 2885, 2891, 2908, 2915, 2916, 2919, 2921, 2925, 2936, 2939, 2943, 2951, 2953, 2971, 2976, 2977, 2981, 2989, 2990, 2991, 2992, 2993, 2995, 3000, 3002, 3005, 3006, 3009, 3011, 3017, 3025, 3032, 3035, 3037, 3038, 3045, 3048, 3050, 3052, 3055, 3064, 3065, 3080, 3090, 3094, 3101, 3117, 3120, 3134, 3137, 3142, 3146, 3153, 3159, 3178, 3179, 3186, 3190, 3204, 3208, 3211, 3212, 3214, 3220, 3232, 3238, 3249, 3251, 3260, 3261, 3269, 3275, 3277, 3280, 3284, 3289, 3299, 3301, 3304, 3313, 3320, 3329, 3338, 3342, 3343, 3357, 3359, 3362, 3363, 3368, 3373, 3374, 3375, 3389, 3391, 3401, 3403, 3405, 3406, 3409, 3414, 3416, 3430, 3435, 3453, 3458, 3459, 3460, 3466, 3469, 3471, 3481, 3482, 3483, 3484, 3489, 3493, 3499, 3500, 3501, 3503, 3506, 3512, 3513, 3515, 3517, 3527, 3528, 3536, 3545, 3557, 3559, 3560, 3570, 3602, 3606, 3609, 3615, 3625, 3627, 3630, 3631, 3645, 3650, 3660, 3661, 3668, 3677, 3683, 3696, 3716, 3727, 3728, 3745, 3748, 3751, 3755, 3762, 3765, 3783, 3786, 3803, 3804, 3819, 3826, 3848, 3858, 3861, 3870, 3901, 3913, 3934, 3936, 3950, 3955, 3961, 3977, 3986, 3989, 3996, 3997, 4004, 4030, 4037, 4039, 4040, 4041, 4049, 4051, 4052, 4054, 4056, 4070, 4075, 4079, 4088, 4109, 4113, 4115, 4130, 4133, 4135, 4139, 4140, 4141, 4144, 4148, 4152, 4154, 4160, 4167, 4173]
  Output projection dimensions: [128, 101]
🔄 Auto-resizing output layer: 101 -> 5000
Resizing output layer from 101 to 5000 tokens
Output layer successfully resized to vocabulary size 5000
✅ Output layer successfully resized to 5000
🧵 Thread ThreadId(143) state: ResizingVocabulary -> ForwardPass (after 1.490032ms)
✅ Standard training completed in 18.575379114s with loss 8.516057
🧵 Thread ThreadId(138) state: ForwardPass -> Completed (after 18.576947234s)
    ✅ Thread batch-worker-0 completed train_step for batch 9 in 18.58s
    ✅ Thread batch-worker-0 added batch 9 results to shared collection
    ✅ Thread batch-worker-0 sent batch 9 completion message
🔄 Thread batch-worker-0 assigned batch 3. Remaining: 3/22
🔸 Reusing existing thread pool for 'data_loading' operation
Data loading with 14 threads
Processing 16 chunks across 14 threads
Batch prep timing: total=4ms (collect=0ms, min_len=0ms, truncate=2ms, targets=0ms)
    🔄 Thread batch-worker-0 starting train_step for batch 3
Initializing enhanced model with configuration:
  model_dim: 128 (validated: 128)
  ff_dim: 512 (validated: 512)
  num_heads: 4 (validated: 4)
  num_layers: 2 (validated: 2)
  dropout_rate: 0.1
  learning_rate: 0.0001
Initializing output_projection: model_dim=128, vocab_size=101
🧵 Thread ThreadId(144) state: Idle -> PreparingBatch (after 116ns)
🧵 Thread ThreadId(144) state: PreparingBatch -> ResizingVocabulary (after 14.523µs)
⚠️ TARGET ID ISSUE DETECTED:
  Current output layer size: 101
  Maximum valid target ID: 100
  Maximum ID in batch: 4158
  Unique out-of-range IDs in batch: [103, 104, 105, 106, 107, 108, 110, 113, 114, 115, 116, 118, 119, 120, 121, 122, 123, 125, 126, 128, 129, 130, 132, 134, 135, 136, 139, 140, 141, 143, 144, 145, 146, 147, 148, 150, 151, 153, 155, 156, 157, 159, 164, 165, 168, 169, 170, 171, 174, 175, 176, 178, 180, 181, 182, 183, 186, 188, 189, 191, 193, 195, 197, 198, 199, 200, 202, 204, 207, 209, 211, 214, 217, 219, 224, 225, 227, 228, 231, 233, 234, 236, 237, 238, 241, 243, 244, 245, 246, 247, 248, 251, 255, 256, 257, 260, 262, 266, 270, 271, 272, 273, 274, 275, 278, 280, 282, 283, 284, 285, 286, 287, 291, 298, 300, 301, 302, 306, 307, 308, 312, 314, 315, 316, 318, 320, 322, 323, 325, 326, 327, 328, 331, 333, 336, 338, 340, 343, 345, 346, 348, 350, 352, 353, 356, 358, 359, 361, 362, 364, 365, 366, 367, 368, 369, 371, 372, 373, 374, 376, 377, 380, 381, 382, 383, 385, 387, 390, 394, 395, 397, 401, 407, 410, 413, 417, 418, 420, 421, 422, 423, 424, 426, 427, 429, 430, 431, 433, 435, 437, 439, 440, 441, 442, 445, 446, 447, 448, 451, 452, 455, 457, 458, 459, 463, 464, 467, 468, 470, 471, 473, 475, 476, 477, 478, 479, 480, 482, 486, 490, 495, 497, 498, 502, 504, 506, 507, 508, 510, 512, 515, 516, 517, 518, 519, 521, 524, 526, 527, 530, 533, 534, 537, 538, 539, 540, 541, 542, 543, 545, 547, 550, 551, 558, 559, 560, 561, 562, 563, 566, 569, 571, 572, 575, 576, 582, 583, 587, 588, 589, 591, 594, 595, 596, 598, 600, 601, 602, 604, 606, 607, 608, 609, 610, 611, 616, 619, 622, 624, 627, 630, 632, 633, 634, 638, 639, 641, 642, 645, 648, 649, 650, 651, 654, 655, 656, 657, 660, 664, 665, 672, 675, 676, 678, 680, 681, 682, 683, 684, 685, 687, 689, 691, 701, 702, 704, 706, 708, 711, 713, 715, 716, 720, 724, 727, 729, 735, 737, 738, 741, 742, 743, 744, 746, 747, 748, 749, 751, 752, 753, 754, 755, 756, 758, 760, 762, 763, 764, 767, 768, 770, 772, 773, 774, 775, 776, 778, 779, 782, 783, 787, 788, 796, 797, 799, 800, 801, 807, 810, 811, 812, 813, 817, 818, 819, 821, 823, 824, 825, 826, 828, 830, 831, 833, 834, 836, 838, 843, 845, 847, 853, 858, 860, 861, 862, 863, 865, 867, 868, 869, 870, 872, 873, 876, 877, 879, 880, 882, 884, 886, 888, 893, 899, 900, 901, 902, 903, 904, 905, 906, 908, 912, 914, 915, 916, 917, 918, 919, 920, 922, 924, 927, 937, 938, 939, 940, 941, 942, 943, 944, 946, 947, 948, 950, 951, 952, 953, 955, 956, 959, 960, 963, 964, 967, 968, 969, 970, 974, 976, 980, 981, 982, 983, 984, 986, 988, 990, 991, 992, 993, 994, 995, 996, 999, 1000, 1001, 1002, 1007, 1010, 1013, 1016, 1017, 1018, 1020, 1022, 1024, 1026, 1027, 1028, 1029, 1031, 1032, 1033, 1035, 1041, 1042, 1043, 1044, 1046, 1047, 1048, 1050, 1051, 1055, 1056, 1058, 1060, 1064, 1065, 1066, 1069, 1070, 1071, 1074, 1075, 1076, 1077, 1078, 1079, 1082, 1083, 1087, 1090, 1091, 1093, 1094, 1095, 1096, 1097, 1098, 1099, 1100, 1102, 1104, 1109, 1110, 1112, 1115, 1116, 1118, 1120, 1121, 1123, 1126, 1128, 1132, 1134, 1136, 1137, 1138, 1141, 1142, 1143, 1145, 1147, 1148, 1151, 1152, 1154, 1155, 1161, 1163, 1167, 1168, 1169, 1172, 1174, 1175, 1177, 1178, 1187, 1188, 1189, 1190, 1191, 1194, 1195, 1196, 1197, 1204, 1207, 1208, 1211, 1212, 1214, 1215, 1222, 1223, 1226, 1227, 1229, 1230, 1232, 1233, 1234, 1238, 1239, 1240, 1243, 1246, 1247, 1248, 1249, 1252, 1253, 1254, 1255, 1259, 1260, 1261, 1265, 1267, 1268, 1269, 1271, 1273, 1275, 1277, 1279, 1280, 1281, 1282, 1284, 1286, 1287, 1290, 1294, 1296, 1298, 1300, 1301, 1302, 1303, 1305, 1308, 1309, 1311, 1312, 1313, 1314, 1316, 1317, 1318, 1322, 1323, 1324, 1325, 1326, 1327, 1328, 1329, 1332, 1333, 1335, 1336, 1337, 1338, 1339, 1342, 1343, 1347, 1350, 1353, 1356, 1360, 1362, 1364, 1366, 1369, 1371, 1373, 1374, 1375, 1377, 1378, 1380, 1382, 1387, 1392, 1394, 1399, 1401, 1402, 1404, 1405, 1406, 1408, 1409, 1410, 1411, 1413, 1415, 1416, 1417, 1418, 1421, 1422, 1425, 1427, 1431, 1434, 1436, 1438, 1440, 1441, 1442, 1445, 1446, 1447, 1448, 1449, 1454, 1456, 1457, 1461, 1466, 1473, 1474, 1477, 1478, 1481, 1482, 1484, 1489, 1492, 1493, 1495, 1496, 1500, 1501, 1502, 1508, 1509, 1510, 1512, 1513, 1514, 1515, 1517, 1521, 1524, 1525, 1531, 1533, 1535, 1538, 1540, 1541, 1543, 1546, 1549, 1550, 1551, 1555, 1557, 1558, 1560, 1562, 1563, 1565, 1570, 1574, 1579, 1582, 1584, 1586, 1588, 1590, 1595, 1600, 1601, 1602, 1603, 1604, 1606, 1608, 1611, 1612, 1614, 1616, 1617, 1618, 1621, 1624, 1625, 1626, 1631, 1640, 1645, 1648, 1650, 1656, 1658, 1662, 1664, 1666, 1667, 1669, 1672, 1673, 1674, 1675, 1676, 1677, 1680, 1681, 1685, 1687, 1688, 1691, 1696, 1698, 1708, 1710, 1714, 1718, 1719, 1722, 1724, 1734, 1736, 1740, 1745, 1749, 1752, 1753, 1754, 1756, 1758, 1762, 1764, 1771, 1772, 1775, 1776, 1784, 1786, 1790, 1796, 1797, 1800, 1803, 1805, 1809, 1811, 1812, 1815, 1817, 1820, 1821, 1835, 1839, 1841, 1845, 1846, 1848, 1849, 1851, 1854, 1857, 1858, 1864, 1869, 1870, 1871, 1872, 1873, 1877, 1879, 1882, 1884, 1885, 1894, 1895, 1897, 1903, 1904, 1905, 1910, 1917, 1923, 1927, 1935, 1939, 1940, 1942, 1943, 1945, 1951, 1952, 1953, 1954, 1958, 1961, 1967, 1969, 1970, 1971, 1975, 1978, 1991, 1992, 1998, 2000, 2003, 2004, 2007, 2011, 2013, 2015, 2019, 2020, 2022, 2026, 2027, 2032, 2037, 2044, 2048, 2051, 2055, 2059, 2066, 2069, 2072, 2076, 2078, 2086, 2091, 2093, 2096, 2099, 2104, 2107, 2112, 2113, 2115, 2117, 2128, 2129, 2133, 2139, 2142, 2150, 2155, 2156, 2157, 2158, 2159, 2160, 2161, 2162, 2175, 2176, 2180, 2182, 2185, 2191, 2195, 2202, 2204, 2207, 2209, 2211, 2212, 2218, 2220, 2225, 2233, 2235, 2236, 2237, 2243, 2244, 2256, 2262, 2266, 2267, 2268, 2274, 2278, 2281, 2286, 2291, 2292, 2305, 2306, 2307, 2310, 2311, 2312, 2314, 2316, 2319, 2320, 2323, 2328, 2330, 2337, 2340, 2343, 2351, 2353, 2356, 2365, 2368, 2375, 2377, 2392, 2398, 2401, 2405, 2406, 2407, 2408, 2409, 2414, 2416, 2417, 2421, 2430, 2441, 2446, 2448, 2453, 2463, 2468, 2474, 2478, 2480, 2482, 2485, 2487, 2498, 2501, 2503, 2506, 2510, 2511, 2513, 2514, 2517, 2520, 2523, 2526, 2531, 2532, 2536, 2537, 2538, 2543, 2545, 2548, 2556, 2560, 2563, 2565, 2583, 2588, 2590, 2591, 2599, 2602, 2607, 2609, 2613, 2617, 2623, 2628, 2629, 2638, 2642, 2643, 2644, 2650, 2659, 2670, 2672, 2683, 2686, 2691, 2692, 2698, 2701, 2705, 2710, 2711, 2712, 2715, 2721, 2722, 2723, 2728, 2731, 2737, 2740, 2741, 2743, 2744, 2748, 2749, 2753, 2754, 2756, 2761, 2767, 2768, 2770, 2773, 2775, 2776, 2782, 2784, 2789, 2817, 2819, 2821, 2827, 2831, 2842, 2850, 2854, 2859, 2861, 2867, 2872, 2875, 2876, 2878, 2886, 2895, 2897, 2901, 2907, 2913, 2918, 2919, 2921, 2924, 2933, 2939, 2947, 2948, 2951, 2953, 2956, 2957, 2958, 2962, 2967, 2974, 2975, 2985, 2989, 2993, 3000, 3006, 3014, 3016, 3017, 3020, 3025, 3026, 3027, 3036, 3037, 3038, 3048, 3051, 3052, 3056, 3063, 3065, 3067, 3089, 3092, 3093, 3094, 3099, 3100, 3102, 3104, 3105, 3106, 3111, 3112, 3113, 3119, 3134, 3135, 3141, 3147, 3149, 3151, 3153, 3158, 3164, 3172, 3185, 3186, 3190, 3199, 3204, 3210, 3214, 3220, 3230, 3232, 3235, 3242, 3245, 3255, 3256, 3261, 3263, 3275, 3288, 3289, 3291, 3293, 3300, 3313, 3315, 3320, 3322, 3333, 3337, 3341, 3352, 3354, 3355, 3358, 3359, 3369, 3372, 3379, 3384, 3393, 3401, 3403, 3406, 3413, 3414, 3415, 3416, 3418, 3428, 3429, 3439, 3441, 3443, 3445, 3446, 3459, 3462, 3463, 3469, 3470, 3473, 3474, 3476, 3483, 3486, 3495, 3496, 3500, 3501, 3504, 3508, 3515, 3517, 3520, 3523, 3525, 3528, 3539, 3579, 3590, 3600, 3602, 3606, 3607, 3620, 3642, 3650, 3664, 3680, 3683, 3692, 3695, 3718, 3725, 3727, 3746, 3748, 3763, 3765, 3778, 3791, 3793, 3802, 3820, 3822, 3832, 3841, 3853, 3854, 3863, 3869, 3878, 3879, 3904, 3905, 3917, 3920, 3926, 3943, 3961, 3967, 3985, 3992, 3993, 3994, 3996, 4002, 4014, 4020, 4043, 4049, 4053, 4057, 4062, 4064, 4101, 4102, 4111, 4119, 4124, 4131, 4135, 4141, 4142, 4158]
  Output projection dimensions: [128, 101]
🔄 Auto-resizing output layer: 101 -> 5000
Resizing output layer from 101 to 5000 tokens
Output layer successfully resized to vocabulary size 5000
✅ Output layer successfully resized to 5000
🧵 Thread ThreadId(144) state: ResizingVocabulary -> ForwardPass (after 1.07874ms)
✅ Standard training completed in 19.963521475s with loss 8.516057
🧵 Thread ThreadId(139) state: ForwardPass -> Completed (after 19.96601211s)
    ✅ Thread batch-worker-4 completed train_step for batch 8 in 19.97s
    ✅ Thread batch-worker-4 added batch 8 results to shared collection
    ✅ Thread batch-worker-4 sent batch 8 completion message
🔄 Thread batch-worker-4 assigned batch 2. Remaining: 2/22
🔸 Reusing existing thread pool for 'data_loading' operation
Data loading with 14 threads
Processing 16 chunks across 14 threads
Batch prep timing: total=5ms (collect=1ms, min_len=0ms, truncate=2ms, targets=0ms)
    🔄 Thread batch-worker-4 starting train_step for batch 2
Initializing enhanced model with configuration:
  model_dim: 128 (validated: 128)
  ff_dim: 512 (validated: 512)
  num_heads: 4 (validated: 4)
  num_layers: 2 (validated: 2)
  dropout_rate: 0.1
  learning_rate: 0.0001
Initializing output_projection: model_dim=128, vocab_size=101
🧵 Thread ThreadId(145) state: Idle -> PreparingBatch (after 114ns)
🧵 Thread ThreadId(145) state: PreparingBatch -> ResizingVocabulary (after 15.826µs)
⚠️ TARGET ID ISSUE DETECTED:
  Current output layer size: 101
  Maximum valid target ID: 100
  Maximum ID in batch: 4174
  Unique out-of-range IDs in batch: [104, 107, 108, 110, 111, 113, 115, 116, 117, 118, 119, 120, 121, 122, 123, 124, 125, 126, 127, 128, 129, 130, 132, 134, 135, 137, 138, 139, 141, 143, 144, 146, 148, 150, 151, 152, 153, 158, 161, 164, 165, 166, 168, 169, 170, 172, 173, 175, 176, 178, 180, 182, 185, 186, 189, 191, 193, 195, 198, 200, 203, 204, 206, 207, 209, 211, 212, 214, 217, 219, 222, 225, 227, 228, 229, 231, 232, 233, 234, 236, 237, 241, 243, 244, 245, 246, 247, 248, 249, 251, 253, 257, 260, 264, 266, 268, 269, 270, 271, 272, 273, 274, 275, 278, 280, 282, 284, 285, 286, 290, 291, 298, 300, 301, 302, 306, 307, 308, 312, 315, 318, 320, 323, 324, 325, 326, 327, 328, 329, 330, 331, 333, 336, 337, 340, 343, 345, 346, 347, 348, 349, 352, 353, 356, 358, 359, 361, 362, 364, 365, 366, 367, 368, 369, 371, 372, 373, 374, 376, 377, 380, 383, 385, 386, 387, 390, 394, 395, 397, 398, 399, 401, 407, 410, 413, 414, 417, 418, 420, 421, 422, 423, 424, 426, 427, 429, 430, 431, 432, 435, 440, 441, 442, 446, 447, 448, 452, 453, 454, 455, 457, 458, 462, 463, 464, 467, 468, 469, 470, 471, 473, 474, 475, 476, 477, 478, 479, 480, 481, 482, 486, 490, 495, 497, 498, 502, 503, 504, 508, 509, 510, 512, 516, 517, 518, 519, 520, 521, 522, 524, 526, 527, 531, 532, 533, 534, 537, 538, 539, 540, 541, 542, 543, 544, 545, 547, 549, 550, 551, 553, 556, 558, 559, 561, 562, 563, 566, 569, 571, 572, 575, 576, 577, 582, 583, 587, 589, 591, 594, 595, 596, 598, 599, 600, 601, 602, 604, 606, 607, 608, 609, 610, 611, 616, 619, 620, 622, 624, 627, 631, 632, 633, 634, 636, 639, 641, 642, 645, 649, 650, 651, 654, 655, 657, 660, 663, 664, 675, 676, 678, 680, 681, 682, 683, 684, 685, 687, 689, 691, 699, 701, 702, 704, 706, 711, 715, 716, 720, 722, 725, 726, 727, 729, 732, 734, 735, 737, 738, 741, 742, 743, 744, 746, 747, 748, 749, 751, 752, 753, 754, 755, 756, 758, 760, 761, 762, 763, 764, 767, 768, 770, 772, 773, 774, 775, 776, 778, 782, 783, 787, 795, 796, 797, 799, 800, 801, 807, 810, 811, 812, 813, 814, 817, 819, 823, 824, 825, 826, 828, 831, 833, 834, 836, 838, 843, 845, 847, 853, 854, 858, 860, 861, 863, 865, 867, 869, 870, 872, 873, 876, 877, 879, 880, 882, 884, 885, 886, 888, 892, 893, 899, 900, 901, 902, 903, 904, 905, 906, 908, 910, 912, 914, 915, 916, 917, 918, 919, 920, 924, 927, 934, 937, 938, 939, 940, 941, 942, 943, 944, 947, 948, 951, 952, 953, 955, 956, 959, 960, 962, 964, 967, 968, 969, 970, 972, 974, 979, 980, 981, 982, 983, 984, 986, 988, 990, 991, 992, 993, 994, 995, 996, 1000, 1001, 1002, 1004, 1007, 1010, 1013, 1016, 1017, 1018, 1020, 1021, 1022, 1024, 1026, 1027, 1028, 1031, 1032, 1035, 1039, 1041, 1042, 1043, 1044, 1045, 1047, 1048, 1050, 1051, 1052, 1057, 1058, 1060, 1061, 1064, 1065, 1066, 1069, 1070, 1071, 1074, 1075, 1076, 1078, 1082, 1083, 1087, 1090, 1091, 1092, 1093, 1094, 1095, 1096, 1098, 1099, 1100, 1102, 1104, 1106, 1110, 1112, 1115, 1116, 1118, 1120, 1121, 1123, 1124, 1125, 1126, 1127, 1128, 1132, 1134, 1137, 1140, 1141, 1143, 1145, 1147, 1148, 1149, 1151, 1152, 1154, 1167, 1172, 1174, 1177, 1183, 1187, 1188, 1189, 1190, 1191, 1194, 1195, 1196, 1197, 1199, 1202, 1208, 1209, 1210, 1211, 1213, 1214, 1215, 1216, 1221, 1223, 1226, 1227, 1229, 1230, 1233, 1234, 1235, 1236, 1240, 1241, 1242, 1243, 1245, 1246, 1247, 1248, 1249, 1252, 1253, 1254, 1255, 1259, 1260, 1265, 1266, 1267, 1268, 1270, 1271, 1273, 1277, 1278, 1279, 1280, 1281, 1282, 1283, 1286, 1287, 1288, 1292, 1294, 1298, 1300, 1301, 1302, 1303, 1307, 1309, 1311, 1314, 1316, 1317, 1322, 1323, 1326, 1327, 1328, 1329, 1332, 1333, 1335, 1336, 1337, 1338, 1339, 1342, 1343, 1347, 1350, 1351, 1352, 1353, 1354, 1360, 1361, 1364, 1366, 1369, 1371, 1372, 1373, 1374, 1375, 1378, 1380, 1384, 1385, 1387, 1388, 1392, 1393, 1394, 1401, 1402, 1403, 1404, 1405, 1406, 1408, 1410, 1412, 1416, 1417, 1418, 1421, 1422, 1425, 1427, 1431, 1436, 1438, 1442, 1445, 1447, 1449, 1450, 1454, 1456, 1457, 1461, 1469, 1473, 1482, 1484, 1486, 1492, 1493, 1496, 1501, 1502, 1505, 1510, 1511, 1514, 1515, 1519, 1521, 1524, 1527, 1528, 1529, 1531, 1533, 1535, 1538, 1540, 1541, 1543, 1549, 1550, 1554, 1558, 1560, 1562, 1563, 1565, 1566, 1567, 1569, 1571, 1574, 1579, 1580, 1582, 1590, 1592, 1595, 1596, 1598, 1600, 1601, 1602, 1604, 1606, 1609, 1610, 1612, 1613, 1614, 1616, 1617, 1618, 1620, 1621, 1623, 1624, 1625, 1627, 1633, 1638, 1643, 1648, 1650, 1656, 1658, 1660, 1661, 1665, 1666, 1667, 1669, 1674, 1676, 1677, 1678, 1681, 1685, 1686, 1688, 1691, 1693, 1694, 1701, 1708, 1709, 1710, 1713, 1714, 1716, 1719, 1720, 1724, 1726, 1727, 1733, 1734, 1737, 1742, 1743, 1745, 1747, 1752, 1753, 1756, 1759, 1760, 1762, 1764, 1771, 1772, 1775, 1776, 1781, 1784, 1786, 1788, 1790, 1794, 1795, 1797, 1800, 1805, 1817, 1819, 1820, 1822, 1825, 1827, 1833, 1835, 1836, 1841, 1846, 1848, 1849, 1852, 1853, 1854, 1856, 1857, 1862, 1867, 1870, 1871, 1872, 1875, 1883, 1884, 1885, 1887, 1895, 1897, 1898, 1899, 1900, 1902, 1905, 1908, 1911, 1914, 1917, 1919, 1927, 1931, 1932, 1933, 1936, 1939, 1942, 1943, 1950, 1960, 1961, 1969, 1974, 1975, 1976, 1978, 1979, 1980, 1984, 1985, 1997, 2000, 2001, 2004, 2010, 2016, 2017, 2019, 2020, 2022, 2025, 2027, 2030, 2031, 2037, 2038, 2039, 2048, 2054, 2055, 2057, 2062, 2068, 2069, 2070, 2072, 2076, 2081, 2086, 2089, 2096, 2097, 2102, 2107, 2109, 2110, 2112, 2114, 2116, 2118, 2120, 2122, 2123, 2128, 2129, 2130, 2134, 2141, 2143, 2150, 2153, 2158, 2160, 2161, 2163, 2164, 2166, 2169, 2171, 2176, 2179, 2180, 2181, 2183, 2184, 2190, 2191, 2195, 2201, 2202, 2204, 2209, 2210, 2211, 2213, 2220, 2222, 2225, 2226, 2236, 2240, 2244, 2245, 2250, 2254, 2257, 2259, 2261, 2262, 2265, 2266, 2270, 2271, 2278, 2281, 2283, 2284, 2285, 2286, 2290, 2297, 2307, 2308, 2310, 2311, 2312, 2315, 2317, 2320, 2324, 2325, 2337, 2338, 2340, 2342, 2344, 2347, 2349, 2356, 2360, 2374, 2376, 2379, 2385, 2392, 2394, 2395, 2396, 2398, 2402, 2404, 2412, 2414, 2426, 2430, 2431, 2440, 2441, 2442, 2445, 2450, 2451, 2455, 2456, 2461, 2462, 2469, 2478, 2482, 2484, 2485, 2486, 2505, 2507, 2509, 2510, 2514, 2515, 2520, 2524, 2525, 2533, 2536, 2549, 2550, 2569, 2581, 2587, 2588, 2597, 2600, 2601, 2604, 2605, 2608, 2611, 2620, 2622, 2642, 2647, 2655, 2675, 2682, 2684, 2691, 2692, 2696, 2698, 2710, 2712, 2714, 2730, 2731, 2737, 2738, 2740, 2749, 2754, 2756, 2757, 2758, 2759, 2763, 2765, 2766, 2767, 2770, 2771, 2772, 2773, 2774, 2776, 2777, 2778, 2783, 2786, 2787, 2804, 2806, 2810, 2819, 2821, 2822, 2831, 2838, 2839, 2844, 2845, 2846, 2860, 2869, 2872, 2882, 2885, 2891, 2895, 2897, 2902, 2904, 2919, 2924, 2929, 2931, 2932, 2944, 2954, 2955, 2957, 2958, 2959, 2965, 2966, 2972, 2975, 2984, 2985, 2986, 2992, 2995, 3005, 3007, 3008, 3018, 3022, 3026, 3028, 3029, 3030, 3033, 3034, 3035, 3036, 3043, 3046, 3048, 3051, 3057, 3058, 3067, 3068, 3069, 3070, 3072, 3074, 3076, 3084, 3085, 3095, 3098, 3099, 3104, 3107, 3111, 3112, 3125, 3133, 3135, 3148, 3153, 3157, 3169, 3173, 3188, 3193, 3208, 3230, 3233, 3248, 3250, 3253, 3273, 3275, 3280, 3296, 3300, 3305, 3307, 3309, 3312, 3313, 3314, 3320, 3321, 3334, 3339, 3344, 3352, 3355, 3370, 3373, 3379, 3382, 3386, 3387, 3388, 3390, 3393, 3398, 3404, 3405, 3410, 3413, 3416, 3420, 3421, 3429, 3433, 3434, 3442, 3454, 3457, 3458, 3465, 3476, 3477, 3478, 3479, 3482, 3489, 3496, 3502, 3504, 3505, 3510, 3514, 3518, 3520, 3522, 3554, 3561, 3567, 3570, 3578, 3587, 3590, 3615, 3625, 3629, 3631, 3633, 3634, 3641, 3644, 3647, 3673, 3710, 3720, 3734, 3740, 3744, 3765, 3768, 3779, 3785, 3787, 3793, 3809, 3820, 3847, 3853, 3873, 3882, 3887, 3895, 3904, 3918, 3923, 3926, 3933, 3936, 3951, 3957, 3961, 3972, 3974, 3983, 3984, 3995, 4001, 4007, 4016, 4026, 4035, 4038, 4046, 4053, 4061, 4067, 4070, 4083, 4085, 4117, 4118, 4128, 4145, 4152, 4154, 4164, 4165, 4174]
  Output projection dimensions: [128, 101]
🔄 Auto-resizing output layer: 101 -> 5000
Resizing output layer from 101 to 5000 tokens
Output layer successfully resized to vocabulary size 5000
✅ Output layer successfully resized to 5000
🧵 Thread ThreadId(145) state: ResizingVocabulary -> ForwardPass (after 964.541µs)
⏱️ Watchdog check #1: Training has been running for 60.000141263s
✅ Standard training completed in 22.161806685s with loss 8.516057
🧵 Thread ThreadId(140) state: ForwardPass -> Completed (after 22.164454195s)
    ✅ Thread batch-worker-2 completed train_step for batch 7 in 22.17s
    ✅ Thread batch-worker-2 added batch 7 results to shared collection
    ✅ Thread batch-worker-2 sent batch 7 completion message
    ⚠️ THREAD DEADLOCK DETECTED: Thread batch-worker-2 has been running for 60s without progress
    🔄 Breaking out of potentially deadlocked state
    ✅ Thread batch-worker-2 exiting after 63.16s
✅ Standard training completed in 20.756344557s with loss 8.516057
🧵 Thread ThreadId(141) state: ForwardPass -> Completed (after 20.757304595s)
    ✅ Thread batch-worker-3 completed train_step for batch 6 in 20.76s
    ✅ Thread batch-worker-3 added batch 6 results to shared collection
    ✅ Thread batch-worker-3 sent batch 6 completion message
    ⚠️ THREAD DEADLOCK DETECTED: Thread batch-worker-3 has been running for 60s without progress
    🔄 Breaking out of potentially deadlocked state
    ✅ Thread batch-worker-3 exiting after 63.16s
✅ Standard training completed in 18.981663542s with loss 8.516057
🧵 Thread ThreadId(142) state: ForwardPass -> Completed (after 18.982769628s)
    ✅ Thread batch-worker-5 completed train_step for batch 5 in 18.99s
    ✅ Thread batch-worker-5 added batch 5 results to shared collection
    ✅ Thread batch-worker-5 sent batch 5 completion message
✅ Thread batch-worker-5 completed batch 5. Progress: 17/22
    ⚠️ THREAD DEADLOCK DETECTED: Thread batch-worker-5 has been running for 60s without progress
    🔄 Breaking out of potentially deadlocked state
    ✅ Thread batch-worker-5 exiting after 64.43s
    📊 Batch 6/22 - Loss: 8.516057 - Avg: 8.516079 - Prep: 0.005s - Train: 18.988s
✅ Standard training completed in 20.681440837s with loss 8.516057
🧵 Thread ThreadId(143) state: ForwardPass -> Completed (after 20.682964622s)
    ✅ Thread batch-worker-1 completed train_step for batch 4 in 20.69s
    ✅ Thread batch-worker-1 added batch 4 results to shared collection
    ✅ Thread batch-worker-1 sent batch 4 completion message
    ⚠️ THREAD DEADLOCK DETECTED: Thread batch-worker-1 has been running for 60s without progress
    🔄 Breaking out of potentially deadlocked state
    ✅ Thread batch-worker-1 exiting after 66.13s
✅ Standard training completed in 20.81501962s with loss 8.516057
🧵 Thread ThreadId(144) state: ForwardPass -> Completed (after 20.816138597s)
    ✅ Thread batch-worker-0 completed train_step for batch 3 in 20.82s
    ✅ Thread batch-worker-0 added batch 3 results to shared collection
    ✅ Thread batch-worker-0 sent batch 3 completion message
    ⚠️ THREAD DEADLOCK DETECTED: Thread batch-worker-0 has been running for 60s without progress
    🔄 Breaking out of potentially deadlocked state
    ✅ Thread batch-worker-0 exiting after 69.51s
✅ Standard training completed in 17.544544578s with loss 8.516057
🧵 Thread ThreadId(145) state: ForwardPass -> Completed (after 17.545552363s)
    ✅ Thread batch-worker-4 completed train_step for batch 2 in 17.55s
    ✅ Thread batch-worker-4 added batch 2 results to shared collection
    ✅ Thread batch-worker-4 sent batch 2 completion message
✅ Thread batch-worker-4 completed batch 2. Progress: 20/22
    ⚠️ THREAD DEADLOCK DETECTED: Thread batch-worker-4 has been running for 60s without progress
    🔄 Breaking out of potentially deadlocked state
    ✅ Thread batch-worker-4 exiting after 76.90s
⏱️ Watchdog check #2: Training has been running for 120.000220945s
⏱️ Watchdog check #3: Training has been running for 180.000347936s
⏱️ Watchdog check #4: Training has been running for 240.000497791s
⏱️ Watchdog check #5: Training has been running for 300.000651781s

⚠️ GLOBAL TIMEOUT: Training has been running for 300s, forcing completion
    ⚠️ GLOBAL TRAINING TIMEOUT: Forcing completion after 300s

    🔄 JOINING WORKER THREADS
    🔄 Attempting to join 6 threads with maximum timeout of 10s...
    🔄 Join attempt 1/2
    ⏳ Trying to join thread 0 within 500ms...
    ✅ Thread 0 joined successfully
    ⏳ Trying to join thread 1 within 500ms...
    ✅ Thread 1 joined successfully
    ⏳ Trying to join thread 2 within 500ms...
    ✅ Thread 2 joined successfully
    ⏳ Trying to join thread 3 within 500ms...
    ✅ Thread 3 joined successfully
    ⏳ Trying to join thread 4 within 500ms...
    ✅ Thread 4 joined successfully
    ⏳ Trying to join thread 5 within 500ms...
    ✅ Thread 5 joined successfully
    ✅ Thread joining process complete: collected 6/6 trainers in 2.112863ms
    🔄 Applying parallel gradients from 6 threads...
🔄 Applying gradients from parallel workers...
🧵 Main thread ThreadId(1) starting gradient application
📊 MEMORY USAGE [before_gradient_application]:
  VmSize:	11772368 kB
  VmRSS:	 4235528 kB
🧵 Thread ThreadId(1) state: Idle -> ExtractingGradients (after 232ns)
📊 Found 0 accumulated gradients
⚠️ No gradients to apply, skipping
🧵 Thread ThreadId(1) state: ExtractingGradients -> Completed (after 8.343µs)
✅ Parallel gradient application completed in 101.659µs
📊 MEMORY USAGE [after_gradient_application]:
  VmSize:	11772368 kB
  VmRSS:	 4235528 kB

Time analysis:
  Total batch preparation time: 0.146s (0.0%)
  Total training step time:     403.146s (100.0%)
  Average batch preparation:    0.007s
  Average training step:        20.157s
  Ratio (train/prep):           2752.31x
Memory [train_epoch_end]: VmSize:	11772368 kB
Memory [train_epoch_end]: VmRSS:	 4235528 kB

═════════════════════════ PERFORMANCE METRICS ═════════════════════════

--- TOP TIME-CONSUMING OPERATIONS ---
#1: train_epoch_full/batch_processing_loop - Total: 300.0315s, Avg: 300.0315s, Count: 1
#2: train_epoch_full/data_preparation - Total: 0.1093s, Avg: 0.1093s, Count: 1
#3: train_epoch_full/shuffling_indices - Total: 0.0001s, Avg: 0.0001s, Count: 1
#4: train_epoch_full/batch_size_calculation - Total: 0.0001s, Avg: 0.0001s, Count: 1
#5: train_epoch_full/batch_creation - Total: 0.0000s, Avg: 0.0000s, Count: 1

--- PARALLELISM METRICS ---
train_epoch_full/batch_size_calculation - Threads: 1, Total CPU Time: 0.0001s
train_epoch_full/batch_creation - Threads: 1, Total CPU Time: 0.0000s

--- DETAILED METRICS ---

Operation: train_epoch_full/batch_size_calculation
  Count:     1
  Total:     0.0001 sec
  Average:   0.0001 sec
  Min/Max:   0.0001/0.0001 sec
  Thread distribution: 1 threads

Operation: train_epoch_full/data_preparation
  Count:     1
  Total:     0.1093 sec
  Average:   0.1093 sec
  Min/Max:   0.1093/0.1093 sec
  Thread distribution: 1 threads

Operation: train_epoch_full/batch_creation
  Count:     1
  Total:     0.0000 sec
  Average:   0.0000 sec
  Min/Max:   0.0000/0.0000 sec
  Thread distribution: 1 threads

Operation: train_epoch_full/shuffling_indices
  Count:     1
  Total:     0.0001 sec
  Average:   0.0001 sec
  Min/Max:   0.0001/0.0001 sec
  Thread distribution: 1 threads

Operation: train_epoch_full/batch_processing_loop
  Count:     1
  Total:     300.0315 sec
  Average:   300.0315 sec
  Min/Max:   300.0315/300.0315 sec
  Thread distribution: 1 threads
═════════════════════════════════════════════════════════════════════
  ⏳ Evaluating model...

⚠️ FORCING EXIT: Training is deadlocked
Generating sample text to demonstrate model quality...
Prompt: "Once upon a time"
Prompt: "The quick brown fox"
Prompt: "In a world where magic"
Prompt: "The most important thing"
Training complete. You can test the model with:
cargo run --release --bin Wall-E -- --generate-only --model models/high_accuracy_model.walle --prompt "Your prompt here" --max-tokens 100
