Detected JSON format data file
Using quality-focused sampling: 100 high-quality stories
╔═════════════════════════════════════════════════════╗
║              STEP 1: DATA PREPARATION               ║
╚═════════════════════════════════════════════════════╝
Preprocessing disabled. Using original data.
╔═════════════════════════════════════════════════════╗
║          OPTIMIZED TRAINING CONFIGURATION           ║
╚═════════════════════════════════════════════════════╝
Model size: small
Model architecture: 128 dim, 4 heads, 3 layers
Feed-forward dimension: 512
Vocabulary size: 5000
Min token frequency: 2
Learning rate: 0.0001
Epochs: 10
Data sampling: quality (100 stories)
Data preprocessing: false
Training data: data/tiny_stories_sample.json
Save path: models/high_accuracy_model.walle
Memory optimization: enabled
Batch size: 128 (manual)
CPU Cores: 8
╔═════════════════════════════════════════════════════╗
║           BUILDING OPTIMIZED COMMAND                ║
╚═════════════════════════════════════════════════════╝
╔═════════════════════════════════════════════════════╗
║           STARTING OPTIMIZED TRAINING               ║
╚═════════════════════════════════════════════════════╝
Executing: cargo run --release --bin train_enhanced_model -- data/tiny_stories_sample.json --model-dim 128 --ff-dim 512 --heads 4 --layers 3 --epochs 10 --vocab-size 5000 --min-freq 2 --save-path models/high_accuracy_model.walle --learning-rate 0.0001 --enable-skip --strong-anti-rep --json-format --stories 100 --perf-log true --use-memory-opt --batch-size 128
Using RAYON_NUM_THREADS=8
Configuring thread pool with 8 CPU cores
Training Configuration:
  Training data: data/tiny_stories_sample.json
  Data format: TinyStories JSON
  Max stories: 100
  Model dimension: 128
  FF dimension: 512
  Attention heads: 4
  Layers: 3
  Dropout rate: 0.1
  Learning rate: 0.0001
  Epochs: 10
  Curriculum learning: enabled
  Vocabulary size: 5000
  Min token frequency: 2
  Skip connections: enabled
  Strong anti-repetition: enabled
  Save path: models/high_accuracy_model.walle
  CPU threads: 8
  Performance logging: enabled
Reading training data...
Found 58300 stories in JSON file
Will use 100 stories for training
Processed 100 stories, total text length: 89139 characters
Creating trainer...
Initializing output_projection: model_dim=128, vocab_size=101
Configuring strong anti-repetition mechanisms...
Enabling skip connections...
Enabling residual skip connections for improved gradient flow
Initializing output_projection: model_dim=128, vocab_size=101
Skip connections of type 'residual' enabled
Learning tokenizer vocabulary...
Initializing output_projection: model_dim=128, vocab_size=2079
Setting up curriculum learning...
Starting training for 10 epochs...
Epoch 1/10
Created 4473 input/target pairs for training

======== BATCH SIZE CALCULATION ========
Cache parameters: L1=48 KB, L2=1280 KB, L3=24 MB, Line size=64 bytes
Cache parameters: L1=48 KB, L2=1280 KB, L3=24576 KB, Line size=64 bytes
Calculating optimal batch size for model_dim=128, seq_len=16, element_size=4 bytes
Memory per sequence: 8192 bytes (0.01 MB)
Available L3 cache (80%): 20132659 bytes (19.20 MB)
Maximum batch size that fits in L3 cache: 2457
Final optimal batch size (after constraints): 1024
Calculated memory-optimal batch size: 1024
Using manually specified batch size: 128
======================================

Initializing curriculum learning with examples...
Before redistribution: 1 examples at level VeryEasy
Before redistribution: 0 examples at level Easy
Before redistribution: 0 examples at level Medium
Before redistribution: 0 examples at level Hard
Before redistribution: 0 examples at level VeryHard
Before redistribution: 1 examples at level VeryEasy
Before redistribution: 1 examples at level Easy
Before redistribution: 0 examples at level Medium
Before redistribution: 0 examples at level Hard
Before redistribution: 0 examples at level VeryHard
Before redistribution: 1 examples at level VeryEasy
Before redistribution: 1 examples at level Easy
Before redistribution: 1 examples at level Medium
Before redistribution: 0 examples at level Hard
Before redistribution: 0 examples at level VeryHard
Before redistribution: 1 examples at level VeryEasy
Before redistribution: 1 examples at level Easy
Before redistribution: 1 examples at level Medium
Before redistribution: 1 examples at level Hard
Before redistribution: 0 examples at level VeryHard
Before redistribution: 1 examples at level VeryEasy
Before redistribution: 1 examples at level Easy
Before redistribution: 1 examples at level Medium
Before redistribution: 1 examples at level Hard
Before redistribution: 1 examples at level VeryHard
Performing example redistribution across difficulty levels...
Redistributed 5 examples to level VeryEasy
Copied 5 examples to level Easy from previous level
Copied 5 examples to level Medium from previous level
Copied 5 examples to level Hard from previous level
Copied 5 examples to level VeryHard from previous level
After redistribution: 5 examples at level VeryEasy
After redistribution: 5 examples at level Easy
After redistribution: 5 examples at level Medium
After redistribution: 5 examples at level Hard
After redistribution: 5 examples at level VeryHard
Before redistribution: 6 examples at level VeryEasy
Before redistribution: 5 examples at level Easy
Before redistribution: 5 examples at level Medium
Before redistribution: 5 examples at level Hard
Before redistribution: 5 examples at level VeryHard
Before redistribution: 6 examples at level VeryEasy
Before redistribution: 6 examples at level Easy
Before redistribution: 5 examples at level Medium
Before redistribution: 5 examples at level Hard
Before redistribution: 5 examples at level VeryHard
Before redistribution: 6 examples at level VeryEasy
Before redistribution: 6 examples at level Easy
Before redistribution: 6 examples at level Medium
Before redistribution: 5 examples at level Hard
Before redistribution: 5 examples at level VeryHard
Before redistribution: 6 examples at level VeryEasy
Before redistribution: 6 examples at level Easy
Before redistribution: 6 examples at level Medium
Before redistribution: 6 examples at level Hard
Before redistribution: 5 examples at level VeryHard
Before redistribution: 6 examples at level VeryEasy
Before redistribution: 6 examples at level Easy
Before redistribution: 6 examples at level Medium
Before redistribution: 6 examples at level Hard
Before redistribution: 6 examples at level VeryHard
Performing example redistribution across difficulty levels...
Redistributed 10 examples to level VeryEasy
Redistributed 10 examples to level Easy
Redistributed 10 examples to level Medium
Copied 10 examples to level Hard from previous level
Copied 10 examples to level VeryHard from previous level
After redistribution: 10 examples at level VeryEasy
After redistribution: 10 examples at level Easy
After redistribution: 10 examples at level Medium
After redistribution: 10 examples at level Hard
After redistribution: 10 examples at level VeryHard
Before redistribution: 11 examples at level VeryEasy
Before redistribution: 10 examples at level Easy
Before redistribution: 10 examples at level Medium
Before redistribution: 10 examples at level Hard
Before redistribution: 10 examples at level VeryHard
Before redistribution: 11 examples at level VeryEasy
Before redistribution: 11 examples at level Easy
Before redistribution: 10 examples at level Medium
Before redistribution: 10 examples at level Hard
Before redistribution: 10 examples at level VeryHard
Before redistribution: 11 examples at level VeryEasy
Before redistribution: 11 examples at level Easy
Before redistribution: 11 examples at level Medium
Before redistribution: 10 examples at level Hard
Before redistribution: 10 examples at level VeryHard
Before redistribution: 11 examples at level VeryEasy
Before redistribution: 11 examples at level Easy
Before redistribution: 11 examples at level Medium
Before redistribution: 11 examples at level Hard
Before redistribution: 10 examples at level VeryHard
Before redistribution: 11 examples at level VeryEasy
Before redistribution: 11 examples at level Easy
Before redistribution: 11 examples at level Medium
Before redistribution: 11 examples at level Hard
Before redistribution: 11 examples at level VeryHard
Performing example redistribution across difficulty levels...
Redistributed 11 examples to level VeryEasy
Redistributed 11 examples to level Easy
Redistributed 11 examples to level Medium
Redistributed 11 examples to level Hard
Redistributed 11 examples to level VeryHard
After redistribution: 11 examples at level VeryEasy
After redistribution: 11 examples at level Easy
After redistribution: 11 examples at level Medium
After redistribution: 11 examples at level Hard
After redistribution: 11 examples at level VeryHard
Before redistribution: 12 examples at level VeryEasy
Before redistribution: 11 examples at level Easy
Before redistribution: 11 examples at level Medium
Before redistribution: 11 examples at level Hard
Before redistribution: 11 examples at level VeryHard
Before redistribution: 12 examples at level VeryEasy
Before redistribution: 12 examples at level Easy
Before redistribution: 11 examples at level Medium
Before redistribution: 11 examples at level Hard
Before redistribution: 11 examples at level VeryHard
Before redistribution: 12 examples at level VeryEasy
Before redistribution: 12 examples at level Easy
Before redistribution: 12 examples at level Medium
Before redistribution: 11 examples at level Hard
Before redistribution: 11 examples at level VeryHard
Before redistribution: 12 examples at level VeryEasy
Before redistribution: 12 examples at level Easy
Before redistribution: 12 examples at level Medium
Before redistribution: 12 examples at level Hard
Before redistribution: 11 examples at level VeryHard
Before redistribution: 12 examples at level VeryEasy
Before redistribution: 12 examples at level Easy
Before redistribution: 12 examples at level Medium
Before redistribution: 12 examples at level Hard
Before redistribution: 12 examples at level VeryHard
Performing example redistribution across difficulty levels...
Redistributed 12 examples to level VeryEasy
Redistributed 12 examples to level Easy
Redistributed 12 examples to level Medium
Redistributed 12 examples to level Hard
Redistributed 12 examples to level VeryHard
After redistribution: 12 examples at level VeryEasy
After redistribution: 12 examples at level Easy
After redistribution: 12 examples at level Medium
After redistribution: 12 examples at level Hard
After redistribution: 12 examples at level VeryHard
Before redistribution: 13 examples at level VeryEasy
Before redistribution: 12 examples at level Easy
Before redistribution: 12 examples at level Medium
Before redistribution: 12 examples at level Hard
Before redistribution: 12 examples at level VeryHard
Before redistribution: 13 examples at level VeryEasy
Before redistribution: 13 examples at level Easy
Before redistribution: 12 examples at level Medium
Before redistribution: 12 examples at level Hard
Before redistribution: 12 examples at level VeryHard
Before redistribution: 13 examples at level VeryEasy
Before redistribution: 13 examples at level Easy
Before redistribution: 13 examples at level Medium
Before redistribution: 12 examples at level Hard
Before redistribution: 12 examples at level VeryHard
Before redistribution: 13 examples at level VeryEasy
Before redistribution: 13 examples at level Easy
Before redistribution: 13 examples at level Medium
Before redistribution: 13 examples at level Hard
Before redistribution: 12 examples at level VeryHard
Before redistribution: 13 examples at level VeryEasy
Before redistribution: 13 examples at level Easy
Before redistribution: 13 examples at level Medium
Before redistribution: 13 examples at level Hard
Before redistribution: 13 examples at level VeryHard
Performing example redistribution across difficulty levels...
Redistributed 13 examples to level VeryEasy
Redistributed 13 examples to level Easy
Redistributed 13 examples to level Medium
Redistributed 13 examples to level Hard
Redistributed 13 examples to level VeryHard
After redistribution: 13 examples at level VeryEasy
After redistribution: 13 examples at level Easy
After redistribution: 13 examples at level Medium
After redistribution: 13 examples at level Hard
After redistribution: 13 examples at level VeryHard
Before redistribution: 14 examples at level VeryEasy
Before redistribution: 13 examples at level Easy
Before redistribution: 13 examples at level Medium
Before redistribution: 13 examples at level Hard
Before redistribution: 13 examples at level VeryHard
Before redistribution: 14 examples at level VeryEasy
Before redistribution: 14 examples at level Easy
Before redistribution: 13 examples at level Medium
Before redistribution: 13 examples at level Hard
Before redistribution: 13 examples at level VeryHard
Before redistribution: 14 examples at level VeryEasy
Before redistribution: 14 examples at level Easy
Before redistribution: 14 examples at level Medium
Before redistribution: 13 examples at level Hard
Before redistribution: 13 examples at level VeryHard
Before redistribution: 14 examples at level VeryEasy
Before redistribution: 14 examples at level Easy
Before redistribution: 14 examples at level Medium
Before redistribution: 14 examples at level Hard
Before redistribution: 13 examples at level VeryHard
Before redistribution: 14 examples at level VeryEasy
Before redistribution: 14 examples at level Easy
Before redistribution: 14 examples at level Medium
Before redistribution: 14 examples at level Hard
Before redistribution: 14 examples at level VeryHard
Performing example redistribution across difficulty levels...
Redistributed 14 examples to level VeryEasy
Redistributed 14 examples to level Easy
Redistributed 14 examples to level Medium
Redistributed 14 examples to level Hard
Redistributed 14 examples to level VeryHard
After redistribution: 14 examples at level VeryEasy
After redistribution: 14 examples at level Easy
After redistribution: 14 examples at level Medium
After redistribution: 14 examples at level Hard
After redistribution: 14 examples at level VeryHard
Before redistribution: 15 examples at level VeryEasy
Before redistribution: 14 examples at level Easy
Before redistribution: 14 examples at level Medium
Before redistribution: 14 examples at level Hard
Before redistribution: 14 examples at level VeryHard
Before redistribution: 15 examples at level VeryEasy
Before redistribution: 15 examples at level Easy
Before redistribution: 14 examples at level Medium
Before redistribution: 14 examples at level Hard
Before redistribution: 14 examples at level VeryHard
Before redistribution: 15 examples at level VeryEasy
Before redistribution: 15 examples at level Easy
Before redistribution: 15 examples at level Medium
Before redistribution: 14 examples at level Hard
Before redistribution: 14 examples at level VeryHard
Before redistribution: 15 examples at level VeryEasy
Before redistribution: 15 examples at level Easy
Before redistribution: 15 examples at level Medium
Before redistribution: 15 examples at level Hard
Before redistribution: 14 examples at level VeryHard
Before redistribution: 15 examples at level VeryEasy
Before redistribution: 15 examples at level Easy
Before redistribution: 15 examples at level Medium
Before redistribution: 15 examples at level Hard
Before redistribution: 15 examples at level VeryHard
Performing example redistribution across difficulty levels...
Redistributed 15 examples to level VeryEasy
Redistributed 15 examples to level Easy
Redistributed 15 examples to level Medium
Redistributed 15 examples to level Hard
Redistributed 15 examples to level VeryHard
After redistribution: 15 examples at level VeryEasy
After redistribution: 15 examples at level Easy
After redistribution: 15 examples at level Medium
After redistribution: 15 examples at level Hard
After redistribution: 15 examples at level VeryHard
Before redistribution: 16 examples at level VeryEasy
Before redistribution: 15 examples at level Easy
Before redistribution: 15 examples at level Medium
Before redistribution: 15 examples at level Hard
Before redistribution: 15 examples at level VeryHard
Before redistribution: 16 examples at level VeryEasy
Before redistribution: 16 examples at level Easy
Before redistribution: 15 examples at level Medium
Before redistribution: 15 examples at level Hard
Before redistribution: 15 examples at level VeryHard
Before redistribution: 16 examples at level VeryEasy
Before redistribution: 16 examples at level Easy
Before redistribution: 16 examples at level Medium
Before redistribution: 15 examples at level Hard
Before redistribution: 15 examples at level VeryHard
Before redistribution: 16 examples at level VeryEasy
Before redistribution: 16 examples at level Easy
Before redistribution: 16 examples at level Medium
Before redistribution: 16 examples at level Hard
Before redistribution: 15 examples at level VeryHard
Before redistribution: 16 examples at level VeryEasy
Before redistribution: 16 examples at level Easy
Before redistribution: 16 examples at level Medium
Before redistribution: 16 examples at level Hard
Before redistribution: 16 examples at level VeryHard
Performing example redistribution across difficulty levels...
Redistributed 16 examples to level VeryEasy
Redistributed 16 examples to level Easy
Redistributed 16 examples to level Medium
Redistributed 16 examples to level Hard
Redistributed 16 examples to level VeryHard
After redistribution: 16 examples at level VeryEasy
After redistribution: 16 examples at level Easy
After redistribution: 16 examples at level Medium
After redistribution: 16 examples at level Hard
After redistribution: 16 examples at level VeryHard
Before redistribution: 17 examples at level VeryEasy
Before redistribution: 16 examples at level Easy
Before redistribution: 16 examples at level Medium
Before redistribution: 16 examples at level Hard
Before redistribution: 16 examples at level VeryHard
Before redistribution: 17 examples at level VeryEasy
Before redistribution: 17 examples at level Easy
Before redistribution: 16 examples at level Medium
Before redistribution: 16 examples at level Hard
Before redistribution: 16 examples at level VeryHard
Before redistribution: 17 examples at level VeryEasy
Before redistribution: 17 examples at level Easy
Before redistribution: 17 examples at level Medium
Before redistribution: 16 examples at level Hard
Before redistribution: 16 examples at level VeryHard
Before redistribution: 17 examples at level VeryEasy
Before redistribution: 17 examples at level Easy
Before redistribution: 17 examples at level Medium
Before redistribution: 17 examples at level Hard
Before redistribution: 16 examples at level VeryHard
Before redistribution: 17 examples at level VeryEasy
Before redistribution: 17 examples at level Easy
Before redistribution: 17 examples at level Medium
Before redistribution: 17 examples at level Hard
Before redistribution: 17 examples at level VeryHard
Performing example redistribution across difficulty levels...
Redistributed 17 examples to level VeryEasy
Redistributed 17 examples to level Easy
Redistributed 17 examples to level Medium
Redistributed 17 examples to level Hard
Redistributed 17 examples to level VeryHard
After redistribution: 17 examples at level VeryEasy
After redistribution: 17 examples at level Easy
After redistribution: 17 examples at level Medium
After redistribution: 17 examples at level Hard
After redistribution: 17 examples at level VeryHard
Before redistribution: 18 examples at level VeryEasy
Before redistribution: 17 examples at level Easy
Before redistribution: 17 examples at level Medium
Before redistribution: 17 examples at level Hard
Before redistribution: 17 examples at level VeryHard
Before redistribution: 18 examples at level VeryEasy
Before redistribution: 18 examples at level Easy
Before redistribution: 17 examples at level Medium
Before redistribution: 17 examples at level Hard
Before redistribution: 17 examples at level VeryHard
Before redistribution: 18 examples at level VeryEasy
Before redistribution: 18 examples at level Easy
Before redistribution: 18 examples at level Medium
Before redistribution: 17 examples at level Hard
Before redistribution: 17 examples at level VeryHard
Before redistribution: 18 examples at level VeryEasy
Before redistribution: 18 examples at level Easy
Before redistribution: 18 examples at level Medium
Before redistribution: 18 examples at level Hard
Before redistribution: 17 examples at level VeryHard
Before redistribution: 18 examples at level VeryEasy
Before redistribution: 18 examples at level Easy
Before redistribution: 18 examples at level Medium
Before redistribution: 18 examples at level Hard
Before redistribution: 18 examples at level VeryHard
Performing example redistribution across difficulty levels...
Redistributed 18 examples to level VeryEasy
Redistributed 18 examples to level Easy
Redistributed 18 examples to level Medium
Redistributed 18 examples to level Hard
Redistributed 18 examples to level VeryHard
After redistribution: 18 examples at level VeryEasy
After redistribution: 18 examples at level Easy
After redistribution: 18 examples at level Medium
After redistribution: 18 examples at level Hard
After redistribution: 18 examples at level VeryHard
Before redistribution: 19 examples at level VeryEasy
Before redistribution: 18 examples at level Easy
Before redistribution: 18 examples at level Medium
Before redistribution: 18 examples at level Hard
Before redistribution: 18 examples at level VeryHard
Before redistribution: 19 examples at level VeryEasy
Before redistribution: 19 examples at level Easy
Before redistribution: 18 examples at level Medium
Before redistribution: 18 examples at level Hard
Before redistribution: 18 examples at level VeryHard
Before redistribution: 19 examples at level VeryEasy
Before redistribution: 19 examples at level Easy
Before redistribution: 19 examples at level Medium
Before redistribution: 18 examples at level Hard
Before redistribution: 18 examples at level VeryHard
Before redistribution: 19 examples at level VeryEasy
Before redistribution: 19 examples at level Easy
Before redistribution: 19 examples at level Medium
Before redistribution: 19 examples at level Hard
Before redistribution: 18 examples at level VeryHard
Before redistribution: 19 examples at level VeryEasy
Before redistribution: 19 examples at level Easy
Before redistribution: 19 examples at level Medium
Before redistribution: 19 examples at level Hard
Before redistribution: 19 examples at level VeryHard
Performing example redistribution across difficulty levels...
Redistributed 19 examples to level VeryEasy
Redistributed 19 examples to level Easy
Redistributed 19 examples to level Medium
Redistributed 19 examples to level Hard
Redistributed 19 examples to level VeryHard
After redistribution: 19 examples at level VeryEasy
After redistribution: 19 examples at level Easy
After redistribution: 19 examples at level Medium
After redistribution: 19 examples at level Hard
After redistribution: 19 examples at level VeryHard
Before redistribution: 20 examples at level VeryEasy
Before redistribution: 19 examples at level Easy
Before redistribution: 19 examples at level Medium
Before redistribution: 19 examples at level Hard
Before redistribution: 19 examples at level VeryHard
Before redistribution: 20 examples at level VeryEasy
Before redistribution: 20 examples at level Easy
Before redistribution: 19 examples at level Medium
Before redistribution: 19 examples at level Hard
Before redistribution: 19 examples at level VeryHard
Before redistribution: 20 examples at level VeryEasy
Before redistribution: 20 examples at level Easy
Before redistribution: 20 examples at level Medium
Before redistribution: 19 examples at level Hard
Before redistribution: 19 examples at level VeryHard
Before redistribution: 20 examples at level VeryEasy
Before redistribution: 20 examples at level Easy
Before redistribution: 20 examples at level Medium
Before redistribution: 20 examples at level Hard
Before redistribution: 19 examples at level VeryHard
Before redistribution: 20 examples at level VeryEasy
Before redistribution: 20 examples at level Easy
Before redistribution: 20 examples at level Medium
Before redistribution: 20 examples at level Hard
Before redistribution: 20 examples at level VeryHard
Performing example redistribution across difficulty levels...
Redistributed 20 examples to level VeryEasy
Redistributed 20 examples to level Easy
Redistributed 20 examples to level Medium
Redistributed 20 examples to level Hard
Redistributed 20 examples to level VeryHard
After redistribution: 20 examples at level VeryEasy
After redistribution: 20 examples at level Easy
After redistribution: 20 examples at level Medium
After redistribution: 20 examples at level Hard
After redistribution: 20 examples at level VeryHard
Before redistribution: 21 examples at level VeryEasy
Before redistribution: 20 examples at level Easy
Before redistribution: 20 examples at level Medium
Before redistribution: 20 examples at level Hard
Before redistribution: 20 examples at level VeryHard
Before redistribution: 21 examples at level VeryEasy
Before redistribution: 21 examples at level Easy
Before redistribution: 20 examples at level Medium
Before redistribution: 20 examples at level Hard
Before redistribution: 20 examples at level VeryHard
Before redistribution: 21 examples at level VeryEasy
Before redistribution: 21 examples at level Easy
Before redistribution: 21 examples at level Medium
Before redistribution: 20 examples at level Hard
Before redistribution: 20 examples at level VeryHard
Before redistribution: 21 examples at level VeryEasy
Before redistribution: 21 examples at level Easy
Before redistribution: 21 examples at level Medium
Before redistribution: 21 examples at level Hard
Before redistribution: 20 examples at level VeryHard
Before redistribution: 21 examples at level VeryEasy
Before redistribution: 21 examples at level Easy
Before redistribution: 21 examples at level Medium
Before redistribution: 21 examples at level Hard
Before redistribution: 21 examples at level VeryHard
Performing example redistribution across difficulty levels...
Redistributed 21 examples to level VeryEasy
Redistributed 21 examples to level Easy
Redistributed 21 examples to level Medium
Redistributed 21 examples to level Hard
Redistributed 21 examples to level VeryHard
After redistribution: 21 examples at level VeryEasy
After redistribution: 21 examples at level Easy
After redistribution: 21 examples at level Medium
After redistribution: 21 examples at level Hard
After redistribution: 21 examples at level VeryHard
Before redistribution: 22 examples at level VeryEasy
Before redistribution: 21 examples at level Easy
Before redistribution: 21 examples at level Medium
Before redistribution: 21 examples at level Hard
Before redistribution: 21 examples at level VeryHard
Before redistribution: 22 examples at level VeryEasy
Before redistribution: 22 examples at level Easy
Before redistribution: 21 examples at level Medium
Before redistribution: 21 examples at level Hard
Before redistribution: 21 examples at level VeryHard
Before redistribution: 22 examples at level VeryEasy
Before redistribution: 22 examples at level Easy
Before redistribution: 22 examples at level Medium
Before redistribution: 21 examples at level Hard
Before redistribution: 21 examples at level VeryHard
Before redistribution: 22 examples at level VeryEasy
Before redistribution: 22 examples at level Easy
Before redistribution: 22 examples at level Medium
Before redistribution: 22 examples at level Hard
Before redistribution: 21 examples at level VeryHard
Before redistribution: 22 examples at level VeryEasy
Before redistribution: 22 examples at level Easy
Before redistribution: 22 examples at level Medium
Before redistribution: 22 examples at level Hard
Before redistribution: 22 examples at level VeryHard
Performing example redistribution across difficulty levels...
Redistributed 22 examples to level VeryEasy
Redistributed 22 examples to level Easy
Redistributed 22 examples to level Medium
Redistributed 22 examples to level Hard
Redistributed 22 examples to level VeryHard
After redistribution: 22 examples at level VeryEasy
After redistribution: 22 examples at level Easy
After redistribution: 22 examples at level Medium
After redistribution: 22 examples at level Hard
After redistribution: 22 examples at level VeryHard
Before redistribution: 23 examples at level VeryEasy
Before redistribution: 22 examples at level Easy
Before redistribution: 22 examples at level Medium
Before redistribution: 22 examples at level Hard
Before redistribution: 22 examples at level VeryHard
Before redistribution: 23 examples at level VeryEasy
Before redistribution: 23 examples at level Easy
Before redistribution: 22 examples at level Medium
Before redistribution: 22 examples at level Hard
Before redistribution: 22 examples at level VeryHard
Before redistribution: 23 examples at level VeryEasy
Before redistribution: 23 examples at level Easy
Before redistribution: 23 examples at level Medium
Before redistribution: 22 examples at level Hard
Before redistribution: 22 examples at level VeryHard
Before redistribution: 23 examples at level VeryEasy
Before redistribution: 23 examples at level Easy
Before redistribution: 23 examples at level Medium
Before redistribution: 23 examples at level Hard
Before redistribution: 22 examples at level VeryHard
Before redistribution: 23 examples at level VeryEasy
Before redistribution: 23 examples at level Easy
Before redistribution: 23 examples at level Medium
Before redistribution: 23 examples at level Hard
Before redistribution: 23 examples at level VeryHard
Performing example redistribution across difficulty levels...
Redistributed 23 examples to level VeryEasy
Redistributed 23 examples to level Easy
Redistributed 23 examples to level Medium
Redistributed 23 examples to level Hard
Redistributed 23 examples to level VeryHard
After redistribution: 23 examples at level VeryEasy
After redistribution: 23 examples at level Easy
After redistribution: 23 examples at level Medium
After redistribution: 23 examples at level Hard
After redistribution: 23 examples at level VeryHard
Before redistribution: 24 examples at level VeryEasy
Before redistribution: 23 examples at level Easy
Before redistribution: 23 examples at level Medium
Before redistribution: 23 examples at level Hard
Before redistribution: 23 examples at level VeryHard
Before redistribution: 24 examples at level VeryEasy
Before redistribution: 24 examples at level Easy
Before redistribution: 23 examples at level Medium
Before redistribution: 23 examples at level Hard
Before redistribution: 23 examples at level VeryHard
Before redistribution: 24 examples at level VeryEasy
Before redistribution: 24 examples at level Easy
Before redistribution: 24 examples at level Medium
Before redistribution: 23 examples at level Hard
Before redistribution: 23 examples at level VeryHard
Before redistribution: 24 examples at level VeryEasy
Before redistribution: 24 examples at level Easy
Before redistribution: 24 examples at level Medium
Before redistribution: 24 examples at level Hard
Before redistribution: 23 examples at level VeryHard
Before redistribution: 24 examples at level VeryEasy
Before redistribution: 24 examples at level Easy
Before redistribution: 24 examples at level Medium
Before redistribution: 24 examples at level Hard
Before redistribution: 24 examples at level VeryHard
Performing example redistribution across difficulty levels...
Redistributed 24 examples to level VeryEasy
Redistributed 24 examples to level Easy
Redistributed 24 examples to level Medium
Redistributed 24 examples to level Hard
Redistributed 24 examples to level VeryHard
After redistribution: 24 examples at level VeryEasy
After redistribution: 24 examples at level Easy
After redistribution: 24 examples at level Medium
After redistribution: 24 examples at level Hard
After redistribution: 24 examples at level VeryHard
Before redistribution: 25 examples at level VeryEasy
Before redistribution: 24 examples at level Easy
Before redistribution: 24 examples at level Medium
Before redistribution: 24 examples at level Hard
Before redistribution: 24 examples at level VeryHard
Before redistribution: 25 examples at level VeryEasy
Before redistribution: 25 examples at level Easy
Before redistribution: 24 examples at level Medium
Before redistribution: 24 examples at level Hard
Before redistribution: 24 examples at level VeryHard
Before redistribution: 25 examples at level VeryEasy
Before redistribution: 25 examples at level Easy
Before redistribution: 25 examples at level Medium
Before redistribution: 24 examples at level Hard
Before redistribution: 24 examples at level VeryHard
Before redistribution: 25 examples at level VeryEasy
Before redistribution: 25 examples at level Easy
Before redistribution: 25 examples at level Medium
Before redistribution: 25 examples at level Hard
Before redistribution: 24 examples at level VeryHard
Before redistribution: 25 examples at level VeryEasy
Before redistribution: 25 examples at level Easy
Before redistribution: 25 examples at level Medium
Before redistribution: 25 examples at level Hard
Before redistribution: 25 examples at level VeryHard
Performing example redistribution across difficulty levels...
Redistributed 25 examples to level VeryEasy
Redistributed 25 examples to level Easy
Redistributed 25 examples to level Medium
Redistributed 25 examples to level Hard
Redistributed 25 examples to level VeryHard
After redistribution: 25 examples at level VeryEasy
After redistribution: 25 examples at level Easy
After redistribution: 25 examples at level Medium
After redistribution: 25 examples at level Hard
After redistribution: 25 examples at level VeryHard
Before redistribution: 26 examples at level VeryEasy
Before redistribution: 25 examples at level Easy
Before redistribution: 25 examples at level Medium
Before redistribution: 25 examples at level Hard
Before redistribution: 25 examples at level VeryHard
Before redistribution: 26 examples at level VeryEasy
Before redistribution: 26 examples at level Easy
Before redistribution: 25 examples at level Medium
Before redistribution: 25 examples at level Hard
Before redistribution: 25 examples at level VeryHard
Before redistribution: 26 examples at level VeryEasy
Before redistribution: 26 examples at level Easy
Before redistribution: 26 examples at level Medium
Before redistribution: 25 examples at level Hard
Before redistribution: 25 examples at level VeryHard
Before redistribution: 26 examples at level VeryEasy
Before redistribution: 26 examples at level Easy
Before redistribution: 26 examples at level Medium
Before redistribution: 26 examples at level Hard
Before redistribution: 25 examples at level VeryHard
Before redistribution: 26 examples at level VeryEasy
Before redistribution: 26 examples at level Easy
Before redistribution: 26 examples at level Medium
Before redistribution: 26 examples at level Hard
Before redistribution: 26 examples at level VeryHard
Performing example redistribution across difficulty levels...
Redistributed 26 examples to level VeryEasy
Redistributed 26 examples to level Easy
Redistributed 26 examples to level Medium
Redistributed 26 examples to level Hard
Redistributed 26 examples to level VeryHard
After redistribution: 26 examples at level VeryEasy
After redistribution: 26 examples at level Easy
After redistribution: 26 examples at level Medium
After redistribution: 26 examples at level Hard
After redistribution: 26 examples at level VeryHard
Before redistribution: 27 examples at level VeryEasy
Before redistribution: 26 examples at level Easy
Before redistribution: 26 examples at level Medium
Before redistribution: 26 examples at level Hard
Before redistribution: 26 examples at level VeryHard
Before redistribution: 27 examples at level VeryEasy
Before redistribution: 27 examples at level Easy
Before redistribution: 26 examples at level Medium
Before redistribution: 26 examples at level Hard
Before redistribution: 26 examples at level VeryHard
Before redistribution: 27 examples at level VeryEasy
Before redistribution: 27 examples at level Easy
Before redistribution: 27 examples at level Medium
Before redistribution: 26 examples at level Hard
Before redistribution: 26 examples at level VeryHard
Before redistribution: 27 examples at level VeryEasy
Before redistribution: 27 examples at level Easy
Before redistribution: 27 examples at level Medium
Before redistribution: 27 examples at level Hard
Before redistribution: 26 examples at level VeryHard
Before redistribution: 27 examples at level VeryEasy
Before redistribution: 27 examples at level Easy
Before redistribution: 27 examples at level Medium
Before redistribution: 27 examples at level Hard
Before redistribution: 27 examples at level VeryHard
Performing example redistribution across difficulty levels...
Redistributed 27 examples to level VeryEasy
Redistributed 27 examples to level Easy
Redistributed 27 examples to level Medium
Redistributed 27 examples to level Hard
Redistributed 27 examples to level VeryHard
After redistribution: 27 examples at level VeryEasy
After redistribution: 27 examples at level Easy
After redistribution: 27 examples at level Medium
After redistribution: 27 examples at level Hard
After redistribution: 27 examples at level VeryHard
Before redistribution: 28 examples at level VeryEasy
Before redistribution: 27 examples at level Easy
Before redistribution: 27 examples at level Medium
Before redistribution: 27 examples at level Hard
Before redistribution: 27 examples at level VeryHard
Before redistribution: 28 examples at level VeryEasy
Before redistribution: 28 examples at level Easy
Before redistribution: 27 examples at level Medium
Before redistribution: 27 examples at level Hard
Before redistribution: 27 examples at level VeryHard
Before redistribution: 28 examples at level VeryEasy
Before redistribution: 28 examples at level Easy
Before redistribution: 28 examples at level Medium
Before redistribution: 27 examples at level Hard
Before redistribution: 27 examples at level VeryHard
Before redistribution: 28 examples at level VeryEasy
Before redistribution: 28 examples at level Easy
Before redistribution: 28 examples at level Medium
Before redistribution: 28 examples at level Hard
Before redistribution: 27 examples at level VeryHard
Before redistribution: 28 examples at level VeryEasy
Before redistribution: 28 examples at level Easy
Before redistribution: 28 examples at level Medium
Before redistribution: 28 examples at level Hard
Before redistribution: 28 examples at level VeryHard
Performing example redistribution across difficulty levels...
Redistributed 28 examples to level VeryEasy
Redistributed 28 examples to level Easy
Redistributed 28 examples to level Medium
Redistributed 28 examples to level Hard
Redistributed 28 examples to level VeryHard
After redistribution: 28 examples at level VeryEasy
After redistribution: 28 examples at level Easy
After redistribution: 28 examples at level Medium
After redistribution: 28 examples at level Hard
After redistribution: 28 examples at level VeryHard
Before redistribution: 29 examples at level VeryEasy
Before redistribution: 28 examples at level Easy
Before redistribution: 28 examples at level Medium
Before redistribution: 28 examples at level Hard
Before redistribution: 28 examples at level VeryHard
Before redistribution: 29 examples at level VeryEasy
Before redistribution: 29 examples at level Easy
Before redistribution: 28 examples at level Medium
Before redistribution: 28 examples at level Hard
Before redistribution: 28 examples at level VeryHard
Before redistribution: 29 examples at level VeryEasy
Before redistribution: 29 examples at level Easy
Before redistribution: 29 examples at level Medium
Before redistribution: 28 examples at level Hard
Before redistribution: 28 examples at level VeryHard
Before redistribution: 29 examples at level VeryEasy
Before redistribution: 29 examples at level Easy
Before redistribution: 29 examples at level Medium
Before redistribution: 29 examples at level Hard
Before redistribution: 28 examples at level VeryHard
Before redistribution: 29 examples at level VeryEasy
Before redistribution: 29 examples at level Easy
Before redistribution: 29 examples at level Medium
Before redistribution: 29 examples at level Hard
Before redistribution: 29 examples at level VeryHard
Performing example redistribution across difficulty levels...
Redistributed 29 examples to level VeryEasy
Redistributed 29 examples to level Easy
Redistributed 29 examples to level Medium
Redistributed 29 examples to level Hard
Redistributed 29 examples to level VeryHard
After redistribution: 29 examples at level VeryEasy
After redistribution: 29 examples at level Easy
After redistribution: 29 examples at level Medium
After redistribution: 29 examples at level Hard
After redistribution: 29 examples at level VeryHard
Before redistribution: 30 examples at level VeryEasy
Before redistribution: 29 examples at level Easy
Before redistribution: 29 examples at level Medium
Before redistribution: 29 examples at level Hard
Before redistribution: 29 examples at level VeryHard
Before redistribution: 30 examples at level VeryEasy
Before redistribution: 30 examples at level Easy
Before redistribution: 29 examples at level Medium
Before redistribution: 29 examples at level Hard
Before redistribution: 29 examples at level VeryHard
Before redistribution: 30 examples at level VeryEasy
Before redistribution: 30 examples at level Easy
Before redistribution: 30 examples at level Medium
Before redistribution: 29 examples at level Hard
Before redistribution: 29 examples at level VeryHard
Before redistribution: 30 examples at level VeryEasy
Before redistribution: 30 examples at level Easy
Before redistribution: 30 examples at level Medium
Before redistribution: 30 examples at level Hard
Before redistribution: 29 examples at level VeryHard
Before redistribution: 30 examples at level VeryEasy
Before redistribution: 30 examples at level Easy
Before redistribution: 30 examples at level Medium
Before redistribution: 30 examples at level Hard
Before redistribution: 30 examples at level VeryHard
Performing example redistribution across difficulty levels...
Redistributed 30 examples to level VeryEasy
Redistributed 30 examples to level Easy
Redistributed 30 examples to level Medium
Redistributed 30 examples to level Hard
Redistributed 30 examples to level VeryHard
After redistribution: 30 examples at level VeryEasy
After redistribution: 30 examples at level Easy
After redistribution: 30 examples at level Medium
After redistribution: 30 examples at level Hard
After redistribution: 30 examples at level VeryHard
Before redistribution: 31 examples at level VeryEasy
Before redistribution: 30 examples at level Easy
Before redistribution: 30 examples at level Medium
Before redistribution: 30 examples at level Hard
Before redistribution: 30 examples at level VeryHard
Before redistribution: 31 examples at level VeryEasy
Before redistribution: 31 examples at level Easy
Before redistribution: 30 examples at level Medium
Before redistribution: 30 examples at level Hard
Before redistribution: 30 examples at level VeryHard
Before redistribution: 31 examples at level VeryEasy
Before redistribution: 31 examples at level Easy
Before redistribution: 31 examples at level Medium
Before redistribution: 30 examples at level Hard
Before redistribution: 30 examples at level VeryHard
Before redistribution: 31 examples at level VeryEasy
Before redistribution: 31 examples at level Easy
Before redistribution: 31 examples at level Medium
Before redistribution: 31 examples at level Hard
Before redistribution: 30 examples at level VeryHard
Before redistribution: 31 examples at level VeryEasy
Before redistribution: 31 examples at level Easy
Before redistribution: 31 examples at level Medium
Before redistribution: 31 examples at level Hard
Before redistribution: 31 examples at level VeryHard
Performing example redistribution across difficulty levels...
Redistributed 31 examples to level VeryEasy
Redistributed 31 examples to level Easy
Redistributed 31 examples to level Medium
Redistributed 31 examples to level Hard
Redistributed 31 examples to level VeryHard
After redistribution: 31 examples at level VeryEasy
After redistribution: 31 examples at level Easy
After redistribution: 31 examples at level Medium
After redistribution: 31 examples at level Hard
After redistribution: 31 examples at level VeryHard
Before redistribution: 32 examples at level VeryEasy
Before redistribution: 31 examples at level Easy
Before redistribution: 31 examples at level Medium
Before redistribution: 31 examples at level Hard
Before redistribution: 31 examples at level VeryHard
Before redistribution: 32 examples at level VeryEasy
Before redistribution: 32 examples at level Easy
Before redistribution: 31 examples at level Medium
Before redistribution: 31 examples at level Hard
Before redistribution: 31 examples at level VeryHard
Before redistribution: 32 examples at level VeryEasy
Before redistribution: 32 examples at level Easy
Before redistribution: 32 examples at level Medium
Before redistribution: 31 examples at level Hard
Before redistribution: 31 examples at level VeryHard
Before redistribution: 32 examples at level VeryEasy
Before redistribution: 32 examples at level Easy
Before redistribution: 32 examples at level Medium
Before redistribution: 32 examples at level Hard
Before redistribution: 31 examples at level VeryHard
Before redistribution: 32 examples at level VeryEasy
Before redistribution: 32 examples at level Easy
Before redistribution: 32 examples at level Medium
Before redistribution: 32 examples at level Hard
Before redistribution: 32 examples at level VeryHard
Performing example redistribution across difficulty levels...
Redistributed 32 examples to level VeryEasy
Redistributed 32 examples to level Easy
Redistributed 32 examples to level Medium
Redistributed 32 examples to level Hard
Redistributed 32 examples to level VeryHard
After redistribution: 32 examples at level VeryEasy
After redistribution: 32 examples at level Easy
After redistribution: 32 examples at level Medium
After redistribution: 32 examples at level Hard
After redistribution: 32 examples at level VeryHard
Before redistribution: 33 examples at level VeryEasy
Before redistribution: 32 examples at level Easy
Before redistribution: 32 examples at level Medium
Before redistribution: 32 examples at level Hard
Before redistribution: 32 examples at level VeryHard
Before redistribution: 33 examples at level VeryEasy
Before redistribution: 33 examples at level Easy
Before redistribution: 32 examples at level Medium
Before redistribution: 32 examples at level Hard
Before redistribution: 32 examples at level VeryHard
Before redistribution: 33 examples at level VeryEasy
Before redistribution: 33 examples at level Easy
Before redistribution: 33 examples at level Medium
Before redistribution: 32 examples at level Hard
Before redistribution: 32 examples at level VeryHard
Before redistribution: 33 examples at level VeryEasy
Before redistribution: 33 examples at level Easy
Before redistribution: 33 examples at level Medium
Before redistribution: 33 examples at level Hard
Before redistribution: 32 examples at level VeryHard
Before redistribution: 33 examples at level VeryEasy
Before redistribution: 33 examples at level Easy
Before redistribution: 33 examples at level Medium
Before redistribution: 33 examples at level Hard
Before redistribution: 33 examples at level VeryHard
Performing example redistribution across difficulty levels...
Redistributed 33 examples to level VeryEasy
Redistributed 33 examples to level Easy
Redistributed 33 examples to level Medium
Redistributed 33 examples to level Hard
Redistributed 33 examples to level VeryHard
After redistribution: 33 examples at level VeryEasy
After redistribution: 33 examples at level Easy
After redistribution: 33 examples at level Medium
After redistribution: 33 examples at level Hard
After redistribution: 33 examples at level VeryHard
Before redistribution: 34 examples at level VeryEasy
Before redistribution: 33 examples at level Easy
Before redistribution: 33 examples at level Medium
Before redistribution: 33 examples at level Hard
Before redistribution: 33 examples at level VeryHard
Before redistribution: 34 examples at level VeryEasy
Before redistribution: 34 examples at level Easy
Before redistribution: 33 examples at level Medium
Before redistribution: 33 examples at level Hard
Before redistribution: 33 examples at level VeryHard
Before redistribution: 34 examples at level VeryEasy
Before redistribution: 34 examples at level Easy
Before redistribution: 34 examples at level Medium
Before redistribution: 33 examples at level Hard
Before redistribution: 33 examples at level VeryHard
Before redistribution: 34 examples at level VeryEasy
Before redistribution: 34 examples at level Easy
Before redistribution: 34 examples at level Medium
Before redistribution: 34 examples at level Hard
Before redistribution: 33 examples at level VeryHard
Before redistribution: 34 examples at level VeryEasy
Before redistribution: 34 examples at level Easy
Before redistribution: 34 examples at level Medium
Before redistribution: 34 examples at level Hard
Before redistribution: 34 examples at level VeryHard
Performing example redistribution across difficulty levels...
Redistributed 34 examples to level VeryEasy
Redistributed 34 examples to level Easy
Redistributed 34 examples to level Medium
Redistributed 34 examples to level Hard
Redistributed 34 examples to level VeryHard
After redistribution: 34 examples at level VeryEasy
After redistribution: 34 examples at level Easy
After redistribution: 34 examples at level Medium
After redistribution: 34 examples at level Hard
After redistribution: 34 examples at level VeryHard
Before redistribution: 35 examples at level VeryEasy
Before redistribution: 34 examples at level Easy
Before redistribution: 34 examples at level Medium
Before redistribution: 34 examples at level Hard
Before redistribution: 34 examples at level VeryHard
Before redistribution: 35 examples at level VeryEasy
Before redistribution: 35 examples at level Easy
Before redistribution: 34 examples at level Medium
Before redistribution: 34 examples at level Hard
Before redistribution: 34 examples at level VeryHard
Before redistribution: 35 examples at level VeryEasy
Before redistribution: 35 examples at level Easy
Before redistribution: 35 examples at level Medium
Before redistribution: 34 examples at level Hard
Before redistribution: 34 examples at level VeryHard
Before redistribution: 35 examples at level VeryEasy
Before redistribution: 35 examples at level Easy
Before redistribution: 35 examples at level Medium
Before redistribution: 35 examples at level Hard
Before redistribution: 34 examples at level VeryHard
Before redistribution: 35 examples at level VeryEasy
Before redistribution: 35 examples at level Easy
Before redistribution: 35 examples at level Medium
Before redistribution: 35 examples at level Hard
Before redistribution: 35 examples at level VeryHard
Performing example redistribution across difficulty levels...
Redistributed 35 examples to level VeryEasy
Redistributed 35 examples to level Easy
Redistributed 35 examples to level Medium
Redistributed 35 examples to level Hard
Redistributed 35 examples to level VeryHard
After redistribution: 35 examples at level VeryEasy
After redistribution: 35 examples at level Easy
After redistribution: 35 examples at level Medium
After redistribution: 35 examples at level Hard
After redistribution: 35 examples at level VeryHard
Before redistribution: 36 examples at level VeryEasy
Before redistribution: 35 examples at level Easy
Before redistribution: 35 examples at level Medium
Before redistribution: 35 examples at level Hard
Before redistribution: 35 examples at level VeryHard
Before redistribution: 36 examples at level VeryEasy
Before redistribution: 36 examples at level Easy
Before redistribution: 35 examples at level Medium
Before redistribution: 35 examples at level Hard
Before redistribution: 35 examples at level VeryHard
Before redistribution: 36 examples at level VeryEasy
Before redistribution: 36 examples at level Easy
Before redistribution: 36 examples at level Medium
Before redistribution: 35 examples at level Hard
Before redistribution: 35 examples at level VeryHard
Before redistribution: 36 examples at level VeryEasy
Before redistribution: 36 examples at level Easy
Before redistribution: 36 examples at level Medium
Before redistribution: 36 examples at level Hard
Before redistribution: 35 examples at level VeryHard
Before redistribution: 36 examples at level VeryEasy
Before redistribution: 36 examples at level Easy
Before redistribution: 36 examples at level Medium
Before redistribution: 36 examples at level Hard
Before redistribution: 36 examples at level VeryHard
Performing example redistribution across difficulty levels...
Redistributed 36 examples to level VeryEasy
Redistributed 36 examples to level Easy
Redistributed 36 examples to level Medium
Redistributed 36 examples to level Hard
Redistributed 36 examples to level VeryHard
After redistribution: 36 examples at level VeryEasy
After redistribution: 36 examples at level Easy
After redistribution: 36 examples at level Medium
After redistribution: 36 examples at level Hard
After redistribution: 36 examples at level VeryHard
Before redistribution: 37 examples at level VeryEasy
Before redistribution: 36 examples at level Easy
Before redistribution: 36 examples at level Medium
Before redistribution: 36 examples at level Hard
Before redistribution: 36 examples at level VeryHard
Before redistribution: 37 examples at level VeryEasy
Before redistribution: 37 examples at level Easy
Before redistribution: 36 examples at level Medium
Before redistribution: 36 examples at level Hard
Before redistribution: 36 examples at level VeryHard
Before redistribution: 37 examples at level VeryEasy
Before redistribution: 37 examples at level Easy
Before redistribution: 37 examples at level Medium
Before redistribution: 36 examples at level Hard
Before redistribution: 36 examples at level VeryHard
Before redistribution: 37 examples at level VeryEasy
Before redistribution: 37 examples at level Easy
Before redistribution: 37 examples at level Medium
Before redistribution: 37 examples at level Hard
Before redistribution: 36 examples at level VeryHard
Before redistribution: 37 examples at level VeryEasy
Before redistribution: 37 examples at level Easy
Before redistribution: 37 examples at level Medium
Before redistribution: 37 examples at level Hard
Before redistribution: 37 examples at level VeryHard
Performing example redistribution across difficulty levels...
Redistributed 37 examples to level VeryEasy
Redistributed 37 examples to level Easy
Redistributed 37 examples to level Medium
Redistributed 37 examples to level Hard
Redistributed 37 examples to level VeryHard
After redistribution: 37 examples at level VeryEasy
After redistribution: 37 examples at level Easy
After redistribution: 37 examples at level Medium
After redistribution: 37 examples at level Hard
After redistribution: 37 examples at level VeryHard
Before redistribution: 38 examples at level VeryEasy
Before redistribution: 37 examples at level Easy
Before redistribution: 37 examples at level Medium
Before redistribution: 37 examples at level Hard
Before redistribution: 37 examples at level VeryHard
Before redistribution: 38 examples at level VeryEasy
Before redistribution: 38 examples at level Easy
Before redistribution: 37 examples at level Medium
Before redistribution: 37 examples at level Hard
Before redistribution: 37 examples at level VeryHard
Before redistribution: 38 examples at level VeryEasy
Before redistribution: 38 examples at level Easy
Before redistribution: 38 examples at level Medium
Before redistribution: 37 examples at level Hard
Before redistribution: 37 examples at level VeryHard
Before redistribution: 38 examples at level VeryEasy
Before redistribution: 38 examples at level Easy
Before redistribution: 38 examples at level Medium
Before redistribution: 38 examples at level Hard
Before redistribution: 37 examples at level VeryHard
Before redistribution: 38 examples at level VeryEasy
Before redistribution: 38 examples at level Easy
Before redistribution: 38 examples at level Medium
Before redistribution: 38 examples at level Hard
Before redistribution: 38 examples at level VeryHard
Performing example redistribution across difficulty levels...
Redistributed 38 examples to level VeryEasy
Redistributed 38 examples to level Easy
Redistributed 38 examples to level Medium
Redistributed 38 examples to level Hard
Redistributed 38 examples to level VeryHard
After redistribution: 38 examples at level VeryEasy
After redistribution: 38 examples at level Easy
After redistribution: 38 examples at level Medium
After redistribution: 38 examples at level Hard
After redistribution: 38 examples at level VeryHard
Before redistribution: 39 examples at level VeryEasy
Before redistribution: 38 examples at level Easy
Before redistribution: 38 examples at level Medium
Before redistribution: 38 examples at level Hard
Before redistribution: 38 examples at level VeryHard
Before redistribution: 39 examples at level VeryEasy
Before redistribution: 39 examples at level Easy
Before redistribution: 38 examples at level Medium
Before redistribution: 38 examples at level Hard
Before redistribution: 38 examples at level VeryHard
Before redistribution: 39 examples at level VeryEasy
Before redistribution: 39 examples at level Easy
Before redistribution: 39 examples at level Medium
Before redistribution: 38 examples at level Hard
Before redistribution: 38 examples at level VeryHard
Before redistribution: 39 examples at level VeryEasy
Before redistribution: 39 examples at level Easy
Before redistribution: 39 examples at level Medium
Before redistribution: 39 examples at level Hard
Before redistribution: 38 examples at level VeryHard
Before redistribution: 39 examples at level VeryEasy
Before redistribution: 39 examples at level Easy
Before redistribution: 39 examples at level Medium
Before redistribution: 39 examples at level Hard
Before redistribution: 39 examples at level VeryHard
Performing example redistribution across difficulty levels...
Redistributed 39 examples to level VeryEasy
Redistributed 39 examples to level Easy
Redistributed 39 examples to level Medium
Redistributed 39 examples to level Hard
Redistributed 39 examples to level VeryHard
After redistribution: 39 examples at level VeryEasy
After redistribution: 39 examples at level Easy
After redistribution: 39 examples at level Medium
After redistribution: 39 examples at level Hard
After redistribution: 39 examples at level VeryHard
Before redistribution: 40 examples at level VeryEasy
Before redistribution: 39 examples at level Easy
Before redistribution: 39 examples at level Medium
Before redistribution: 39 examples at level Hard
Before redistribution: 39 examples at level VeryHard
Before redistribution: 40 examples at level VeryEasy
Before redistribution: 40 examples at level Easy
Before redistribution: 39 examples at level Medium
Before redistribution: 39 examples at level Hard
Before redistribution: 39 examples at level VeryHard
Before redistribution: 40 examples at level VeryEasy
Before redistribution: 40 examples at level Easy
Before redistribution: 40 examples at level Medium
Before redistribution: 39 examples at level Hard
Before redistribution: 39 examples at level VeryHard
Before redistribution: 40 examples at level VeryEasy
Before redistribution: 40 examples at level Easy
Before redistribution: 40 examples at level Medium
Before redistribution: 40 examples at level Hard
Before redistribution: 39 examples at level VeryHard
Before redistribution: 40 examples at level VeryEasy
Before redistribution: 40 examples at level Easy
Before redistribution: 40 examples at level Medium
Before redistribution: 40 examples at level Hard
Before redistribution: 40 examples at level VeryHard
Performing example redistribution across difficulty levels...
Redistributed 40 examples to level VeryEasy
Redistributed 40 examples to level Easy
Redistributed 40 examples to level Medium
Redistributed 40 examples to level Hard
Redistributed 40 examples to level VeryHard
After redistribution: 40 examples at level VeryEasy
After redistribution: 40 examples at level Easy
After redistribution: 40 examples at level Medium
After redistribution: 40 examples at level Hard
After redistribution: 40 examples at level VeryHard
Before redistribution: 41 examples at level VeryEasy
Before redistribution: 40 examples at level Easy
Before redistribution: 40 examples at level Medium
Before redistribution: 40 examples at level Hard
Before redistribution: 40 examples at level VeryHard
Before redistribution: 41 examples at level VeryEasy
Before redistribution: 41 examples at level Easy
Before redistribution: 40 examples at level Medium
Before redistribution: 40 examples at level Hard
Before redistribution: 40 examples at level VeryHard
Before redistribution: 41 examples at level VeryEasy
Before redistribution: 41 examples at level Easy
Before redistribution: 41 examples at level Medium
Before redistribution: 40 examples at level Hard
Before redistribution: 40 examples at level VeryHard
Before redistribution: 41 examples at level VeryEasy
Before redistribution: 41 examples at level Easy
Before redistribution: 41 examples at level Medium
Before redistribution: 41 examples at level Hard
Before redistribution: 40 examples at level VeryHard
Before redistribution: 41 examples at level VeryEasy
Before redistribution: 41 examples at level Easy
Before redistribution: 41 examples at level Medium
Before redistribution: 41 examples at level Hard
Before redistribution: 41 examples at level VeryHard
Performing example redistribution across difficulty levels...
Redistributed 41 examples to level VeryEasy
Redistributed 41 examples to level Easy
Redistributed 41 examples to level Medium
Redistributed 41 examples to level Hard
Redistributed 41 examples to level VeryHard
After redistribution: 41 examples at level VeryEasy
After redistribution: 41 examples at level Easy
After redistribution: 41 examples at level Medium
After redistribution: 41 examples at level Hard
After redistribution: 41 examples at level VeryHard
Before redistribution: 42 examples at level VeryEasy
Before redistribution: 41 examples at level Easy
Before redistribution: 41 examples at level Medium
Before redistribution: 41 examples at level Hard
Before redistribution: 41 examples at level VeryHard
Before redistribution: 42 examples at level VeryEasy
Before redistribution: 42 examples at level Easy
Before redistribution: 41 examples at level Medium
Before redistribution: 41 examples at level Hard
Before redistribution: 41 examples at level VeryHard
Before redistribution: 42 examples at level VeryEasy
Before redistribution: 42 examples at level Easy
Before redistribution: 42 examples at level Medium
Before redistribution: 41 examples at level Hard
Before redistribution: 41 examples at level VeryHard
Before redistribution: 42 examples at level VeryEasy
Before redistribution: 42 examples at level Easy
Before redistribution: 42 examples at level Medium
Before redistribution: 42 examples at level Hard
Before redistribution: 41 examples at level VeryHard
Before redistribution: 42 examples at level VeryEasy
Before redistribution: 42 examples at level Easy
Before redistribution: 42 examples at level Medium
Before redistribution: 42 examples at level Hard
Before redistribution: 42 examples at level VeryHard
Performing example redistribution across difficulty levels...
Redistributed 42 examples to level VeryEasy
Redistributed 42 examples to level Easy
Redistributed 42 examples to level Medium
Redistributed 42 examples to level Hard
Redistributed 42 examples to level VeryHard
After redistribution: 42 examples at level VeryEasy
After redistribution: 42 examples at level Easy
After redistribution: 42 examples at level Medium
After redistribution: 42 examples at level Hard
After redistribution: 42 examples at level VeryHard
Before redistribution: 43 examples at level VeryEasy
Before redistribution: 42 examples at level Easy
Before redistribution: 42 examples at level Medium
Before redistribution: 42 examples at level Hard
Before redistribution: 42 examples at level VeryHard
Before redistribution: 43 examples at level VeryEasy
Before redistribution: 43 examples at level Easy
Before redistribution: 42 examples at level Medium
Before redistribution: 42 examples at level Hard
Before redistribution: 42 examples at level VeryHard
Before redistribution: 43 examples at level VeryEasy
Before redistribution: 43 examples at level Easy
Before redistribution: 43 examples at level Medium
Before redistribution: 42 examples at level Hard
Before redistribution: 42 examples at level VeryHard
Before redistribution: 43 examples at level VeryEasy
Before redistribution: 43 examples at level Easy
Before redistribution: 43 examples at level Medium
Before redistribution: 43 examples at level Hard
Before redistribution: 42 examples at level VeryHard
Before redistribution: 43 examples at level VeryEasy
Before redistribution: 43 examples at level Easy
Before redistribution: 43 examples at level Medium
Before redistribution: 43 examples at level Hard
Before redistribution: 43 examples at level VeryHard
Performing example redistribution across difficulty levels...
Redistributed 43 examples to level VeryEasy
Redistributed 43 examples to level Easy
Redistributed 43 examples to level Medium
Redistributed 43 examples to level Hard
Redistributed 43 examples to level VeryHard
After redistribution: 43 examples at level VeryEasy
After redistribution: 43 examples at level Easy
After redistribution: 43 examples at level Medium
After redistribution: 43 examples at level Hard
After redistribution: 43 examples at level VeryHard
Before redistribution: 44 examples at level VeryEasy
Before redistribution: 43 examples at level Easy
Before redistribution: 43 examples at level Medium
Before redistribution: 43 examples at level Hard
Before redistribution: 43 examples at level VeryHard
Before redistribution: 44 examples at level VeryEasy
Before redistribution: 44 examples at level Easy
Before redistribution: 43 examples at level Medium
Before redistribution: 43 examples at level Hard
Before redistribution: 43 examples at level VeryHard
Before redistribution: 44 examples at level VeryEasy
Before redistribution: 44 examples at level Easy
Before redistribution: 44 examples at level Medium
Before redistribution: 43 examples at level Hard
Before redistribution: 43 examples at level VeryHard
Before redistribution: 44 examples at level VeryEasy
Before redistribution: 44 examples at level Easy
Before redistribution: 44 examples at level Medium
Before redistribution: 44 examples at level Hard
Before redistribution: 43 examples at level VeryHard
Before redistribution: 44 examples at level VeryEasy
Before redistribution: 44 examples at level Easy
Before redistribution: 44 examples at level Medium
Before redistribution: 44 examples at level Hard
Before redistribution: 44 examples at level VeryHard
Performing example redistribution across difficulty levels...
Redistributed 44 examples to level VeryEasy
Redistributed 44 examples to level Easy
Redistributed 44 examples to level Medium
Redistributed 44 examples to level Hard
Redistributed 44 examples to level VeryHard
After redistribution: 44 examples at level VeryEasy
After redistribution: 44 examples at level Easy
After redistribution: 44 examples at level Medium
After redistribution: 44 examples at level Hard
After redistribution: 44 examples at level VeryHard
Before redistribution: 45 examples at level VeryEasy
Before redistribution: 44 examples at level Easy
Before redistribution: 44 examples at level Medium
Before redistribution: 44 examples at level Hard
Before redistribution: 44 examples at level VeryHard
Before redistribution: 45 examples at level VeryEasy
Before redistribution: 45 examples at level Easy
Before redistribution: 44 examples at level Medium
Before redistribution: 44 examples at level Hard
Before redistribution: 44 examples at level VeryHard
Before redistribution: 45 examples at level VeryEasy
Before redistribution: 45 examples at level Easy
Before redistribution: 45 examples at level Medium
Before redistribution: 44 examples at level Hard
Before redistribution: 44 examples at level VeryHard
Before redistribution: 45 examples at level VeryEasy
Before redistribution: 45 examples at level Easy
Before redistribution: 45 examples at level Medium
Before redistribution: 45 examples at level Hard
Before redistribution: 44 examples at level VeryHard
Before redistribution: 45 examples at level VeryEasy
Before redistribution: 45 examples at level Easy
Before redistribution: 45 examples at level Medium
Before redistribution: 45 examples at level Hard
Before redistribution: 45 examples at level VeryHard
Performing example redistribution across difficulty levels...
Redistributed 45 examples to level VeryEasy
Redistributed 45 examples to level Easy
Redistributed 45 examples to level Medium
Redistributed 45 examples to level Hard
Redistributed 45 examples to level VeryHard
After redistribution: 45 examples at level VeryEasy
After redistribution: 45 examples at level Easy
After redistribution: 45 examples at level Medium
After redistribution: 45 examples at level Hard
After redistribution: 45 examples at level VeryHard
Before redistribution: 46 examples at level VeryEasy
Before redistribution: 45 examples at level Easy
Before redistribution: 45 examples at level Medium
Before redistribution: 45 examples at level Hard
Before redistribution: 45 examples at level VeryHard
Before redistribution: 46 examples at level VeryEasy
Before redistribution: 46 examples at level Easy
Before redistribution: 45 examples at level Medium
Before redistribution: 45 examples at level Hard
Before redistribution: 45 examples at level VeryHard
Before redistribution: 46 examples at level VeryEasy
Before redistribution: 46 examples at level Easy
Before redistribution: 46 examples at level Medium
Before redistribution: 45 examples at level Hard
Before redistribution: 45 examples at level VeryHard
Before redistribution: 46 examples at level VeryEasy
Before redistribution: 46 examples at level Easy
Before redistribution: 46 examples at level Medium
Before redistribution: 46 examples at level Hard
Before redistribution: 45 examples at level VeryHard
Before redistribution: 46 examples at level VeryEasy
Before redistribution: 46 examples at level Easy
Before redistribution: 46 examples at level Medium
Before redistribution: 46 examples at level Hard
Before redistribution: 46 examples at level VeryHard
Performing example redistribution across difficulty levels...
Redistributed 46 examples to level VeryEasy
Redistributed 46 examples to level Easy
Redistributed 46 examples to level Medium
Redistributed 46 examples to level Hard
Redistributed 46 examples to level VeryHard
After redistribution: 46 examples at level VeryEasy
After redistribution: 46 examples at level Easy
After redistribution: 46 examples at level Medium
After redistribution: 46 examples at level Hard
After redistribution: 46 examples at level VeryHard
Before redistribution: 47 examples at level VeryEasy
Before redistribution: 46 examples at level Easy
Before redistribution: 46 examples at level Medium
Before redistribution: 46 examples at level Hard
Before redistribution: 46 examples at level VeryHard
Before redistribution: 47 examples at level VeryEasy
Before redistribution: 47 examples at level Easy
Before redistribution: 46 examples at level Medium
Before redistribution: 46 examples at level Hard
Before redistribution: 46 examples at level VeryHard
Before redistribution: 47 examples at level VeryEasy
Before redistribution: 47 examples at level Easy
Before redistribution: 47 examples at level Medium
Before redistribution: 46 examples at level Hard
Before redistribution: 46 examples at level VeryHard
Before redistribution: 47 examples at level VeryEasy
Before redistribution: 47 examples at level Easy
Before redistribution: 47 examples at level Medium
Before redistribution: 47 examples at level Hard
Before redistribution: 46 examples at level VeryHard
Before redistribution: 47 examples at level VeryEasy
Before redistribution: 47 examples at level Easy
Before redistribution: 47 examples at level Medium
Before redistribution: 47 examples at level Hard
Before redistribution: 47 examples at level VeryHard
Performing example redistribution across difficulty levels...
Redistributed 47 examples to level VeryEasy
Redistributed 47 examples to level Easy
Redistributed 47 examples to level Medium
Redistributed 47 examples to level Hard
Redistributed 47 examples to level VeryHard
After redistribution: 47 examples at level VeryEasy
After redistribution: 47 examples at level Easy
After redistribution: 47 examples at level Medium
After redistribution: 47 examples at level Hard
After redistribution: 47 examples at level VeryHard
Before redistribution: 48 examples at level VeryEasy
Before redistribution: 47 examples at level Easy
Before redistribution: 47 examples at level Medium
Before redistribution: 47 examples at level Hard
Before redistribution: 47 examples at level VeryHard
Before redistribution: 48 examples at level VeryEasy
Before redistribution: 48 examples at level Easy
Before redistribution: 47 examples at level Medium
Before redistribution: 47 examples at level Hard
Before redistribution: 47 examples at level VeryHard
Before redistribution: 48 examples at level VeryEasy
Before redistribution: 48 examples at level Easy
Before redistribution: 48 examples at level Medium
Before redistribution: 47 examples at level Hard
Before redistribution: 47 examples at level VeryHard
Before redistribution: 48 examples at level VeryEasy
Before redistribution: 48 examples at level Easy
Before redistribution: 48 examples at level Medium
Before redistribution: 48 examples at level Hard
Before redistribution: 47 examples at level VeryHard
Before redistribution: 48 examples at level VeryEasy
Before redistribution: 48 examples at level Easy
Before redistribution: 48 examples at level Medium
Before redistribution: 48 examples at level Hard
Before redistribution: 48 examples at level VeryHard
Performing example redistribution across difficulty levels...
Redistributed 48 examples to level VeryEasy
Redistributed 48 examples to level Easy
Redistributed 48 examples to level Medium
Redistributed 48 examples to level Hard
Redistributed 48 examples to level VeryHard
After redistribution: 48 examples at level VeryEasy
After redistribution: 48 examples at level Easy
After redistribution: 48 examples at level Medium
After redistribution: 48 examples at level Hard
After redistribution: 48 examples at level VeryHard
Before redistribution: 49 examples at level VeryEasy
Before redistribution: 48 examples at level Easy
Before redistribution: 48 examples at level Medium
Before redistribution: 48 examples at level Hard
Before redistribution: 48 examples at level VeryHard
Before redistribution: 49 examples at level VeryEasy
Before redistribution: 49 examples at level Easy
Before redistribution: 48 examples at level Medium
Before redistribution: 48 examples at level Hard
Before redistribution: 48 examples at level VeryHard
Before redistribution: 49 examples at level VeryEasy
Before redistribution: 49 examples at level Easy
Before redistribution: 49 examples at level Medium
Before redistribution: 48 examples at level Hard
Before redistribution: 48 examples at level VeryHard
Before redistribution: 49 examples at level VeryEasy
Before redistribution: 49 examples at level Easy
Before redistribution: 49 examples at level Medium
Before redistribution: 49 examples at level Hard
Before redistribution: 48 examples at level VeryHard
Before redistribution: 49 examples at level VeryEasy
Before redistribution: 49 examples at level Easy
Before redistribution: 49 examples at level Medium
Before redistribution: 49 examples at level Hard
Before redistribution: 49 examples at level VeryHard
Performing example redistribution across difficulty levels...
Redistributed 49 examples to level VeryEasy
Redistributed 49 examples to level Easy
Redistributed 49 examples to level Medium
Redistributed 49 examples to level Hard
Redistributed 49 examples to level VeryHard
After redistribution: 49 examples at level VeryEasy
After redistribution: 49 examples at level Easy
After redistribution: 49 examples at level Medium
After redistribution: 49 examples at level Hard
After redistribution: 49 examples at level VeryHard
Before redistribution: 50 examples at level VeryEasy
Before redistribution: 49 examples at level Easy
Before redistribution: 49 examples at level Medium
Before redistribution: 49 examples at level Hard
Before redistribution: 49 examples at level VeryHard
Before redistribution: 50 examples at level VeryEasy
Before redistribution: 50 examples at level Easy
Before redistribution: 49 examples at level Medium
Before redistribution: 49 examples at level Hard
Before redistribution: 49 examples at level VeryHard
Before redistribution: 50 examples at level VeryEasy
Before redistribution: 50 examples at level Easy
Before redistribution: 50 examples at level Medium
Before redistribution: 49 examples at level Hard
Before redistribution: 49 examples at level VeryHard
Before redistribution: 50 examples at level VeryEasy
Before redistribution: 50 examples at level Easy
Before redistribution: 50 examples at level Medium
Before redistribution: 50 examples at level Hard
Before redistribution: 49 examples at level VeryHard
Before redistribution: 50 examples at level VeryEasy
Before redistribution: 50 examples at level Easy
Before redistribution: 50 examples at level Medium
Before redistribution: 50 examples at level Hard
Before redistribution: 50 examples at level VeryHard
Performing example redistribution across difficulty levels...
Redistributed 50 examples to level VeryEasy
Redistributed 50 examples to level Easy
Redistributed 50 examples to level Medium
Redistributed 50 examples to level Hard
Redistributed 50 examples to level VeryHard
After redistribution: 50 examples at level VeryEasy
After redistribution: 50 examples at level Easy
After redistribution: 50 examples at level Medium
After redistribution: 50 examples at level Hard
After redistribution: 50 examples at level VeryHard
Before redistribution: 51 examples at level VeryEasy
Before redistribution: 50 examples at level Easy
Before redistribution: 50 examples at level Medium
Before redistribution: 50 examples at level Hard
Before redistribution: 50 examples at level VeryHard
Before redistribution: 51 examples at level VeryEasy
Before redistribution: 51 examples at level Easy
Before redistribution: 50 examples at level Medium
Before redistribution: 50 examples at level Hard
Before redistribution: 50 examples at level VeryHard
Before redistribution: 51 examples at level VeryEasy
Before redistribution: 51 examples at level Easy
Before redistribution: 51 examples at level Medium
Before redistribution: 50 examples at level Hard
Before redistribution: 50 examples at level VeryHard
Before redistribution: 51 examples at level VeryEasy
Before redistribution: 51 examples at level Easy
Before redistribution: 51 examples at level Medium
Before redistribution: 51 examples at level Hard
Before redistribution: 50 examples at level VeryHard
Before redistribution: 51 examples at level VeryEasy
Before redistribution: 51 examples at level Easy
Before redistribution: 51 examples at level Medium
Before redistribution: 51 examples at level Hard
Before redistribution: 51 examples at level VeryHard
Performing example redistribution across difficulty levels...
Redistributed 51 examples to level VeryEasy
Redistributed 51 examples to level Easy
Redistributed 51 examples to level Medium
Redistributed 51 examples to level Hard
Redistributed 51 examples to level VeryHard
After redistribution: 51 examples at level VeryEasy
After redistribution: 51 examples at level Easy
After redistribution: 51 examples at level Medium
After redistribution: 51 examples at level Hard
After redistribution: 51 examples at level VeryHard
Before redistribution: 52 examples at level VeryEasy
Before redistribution: 51 examples at level Easy
Before redistribution: 51 examples at level Medium
Before redistribution: 51 examples at level Hard
Before redistribution: 51 examples at level VeryHard
Before redistribution: 52 examples at level VeryEasy
Before redistribution: 52 examples at level Easy
Before redistribution: 51 examples at level Medium
Before redistribution: 51 examples at level Hard
Before redistribution: 51 examples at level VeryHard
Before redistribution: 52 examples at level VeryEasy
Before redistribution: 52 examples at level Easy
Before redistribution: 52 examples at level Medium
Before redistribution: 51 examples at level Hard
Before redistribution: 51 examples at level VeryHard
Before redistribution: 52 examples at level VeryEasy
Before redistribution: 52 examples at level Easy
Before redistribution: 52 examples at level Medium
Before redistribution: 52 examples at level Hard
Before redistribution: 51 examples at level VeryHard
Before redistribution: 52 examples at level VeryEasy
Before redistribution: 52 examples at level Easy
Before redistribution: 52 examples at level Medium
Before redistribution: 52 examples at level Hard
Before redistribution: 52 examples at level VeryHard
Performing example redistribution across difficulty levels...
Redistributed 52 examples to level VeryEasy
Redistributed 52 examples to level Easy
Redistributed 52 examples to level Medium
Redistributed 52 examples to level Hard
Redistributed 52 examples to level VeryHard
After redistribution: 52 examples at level VeryEasy
After redistribution: 52 examples at level Easy
After redistribution: 52 examples at level Medium
After redistribution: 52 examples at level Hard
After redistribution: 52 examples at level VeryHard
Before redistribution: 53 examples at level VeryEasy
Before redistribution: 52 examples at level Easy
Before redistribution: 52 examples at level Medium
Before redistribution: 52 examples at level Hard
Before redistribution: 52 examples at level VeryHard
Before redistribution: 53 examples at level VeryEasy
Before redistribution: 53 examples at level Easy
Before redistribution: 52 examples at level Medium
Before redistribution: 52 examples at level Hard
Before redistribution: 52 examples at level VeryHard
Before redistribution: 53 examples at level VeryEasy
Before redistribution: 53 examples at level Easy
Before redistribution: 53 examples at level Medium
Before redistribution: 52 examples at level Hard
Before redistribution: 52 examples at level VeryHard
Before redistribution: 53 examples at level VeryEasy
Before redistribution: 53 examples at level Easy
Before redistribution: 53 examples at level Medium
Before redistribution: 53 examples at level Hard
Before redistribution: 52 examples at level VeryHard
Before redistribution: 53 examples at level VeryEasy
Before redistribution: 53 examples at level Easy
Before redistribution: 53 examples at level Medium
Before redistribution: 53 examples at level Hard
Before redistribution: 53 examples at level VeryHard
Performing example redistribution across difficulty levels...
Redistributed 53 examples to level VeryEasy
Redistributed 53 examples to level Easy
Redistributed 53 examples to level Medium
Redistributed 53 examples to level Hard
Redistributed 53 examples to level VeryHard
After redistribution: 53 examples at level VeryEasy
After redistribution: 53 examples at level Easy
After redistribution: 53 examples at level Medium
After redistribution: 53 examples at level Hard
After redistribution: 53 examples at level VeryHard
Before redistribution: 54 examples at level VeryEasy
Before redistribution: 53 examples at level Easy
Before redistribution: 53 examples at level Medium
Before redistribution: 53 examples at level Hard
Before redistribution: 53 examples at level VeryHard
Before redistribution: 54 examples at level VeryEasy
Before redistribution: 54 examples at level Easy
Before redistribution: 53 examples at level Medium
Before redistribution: 53 examples at level Hard
Before redistribution: 53 examples at level VeryHard
Before redistribution: 54 examples at level VeryEasy
Before redistribution: 54 examples at level Easy
Before redistribution: 54 examples at level Medium
Before redistribution: 53 examples at level Hard
Before redistribution: 53 examples at level VeryHard
Before redistribution: 54 examples at level VeryEasy
Before redistribution: 54 examples at level Easy
Before redistribution: 54 examples at level Medium
Before redistribution: 54 examples at level Hard
Before redistribution: 53 examples at level VeryHard
Before redistribution: 54 examples at level VeryEasy
Before redistribution: 54 examples at level Easy
Before redistribution: 54 examples at level Medium
Before redistribution: 54 examples at level Hard
Before redistribution: 54 examples at level VeryHard
Performing example redistribution across difficulty levels...
Redistributed 54 examples to level VeryEasy
Redistributed 54 examples to level Easy
Redistributed 54 examples to level Medium
Redistributed 54 examples to level Hard
Redistributed 54 examples to level VeryHard
After redistribution: 54 examples at level VeryEasy
After redistribution: 54 examples at level Easy
After redistribution: 54 examples at level Medium
After redistribution: 54 examples at level Hard
After redistribution: 54 examples at level VeryHard
Before redistribution: 55 examples at level VeryEasy
Before redistribution: 54 examples at level Easy
Before redistribution: 54 examples at level Medium
Before redistribution: 54 examples at level Hard
Before redistribution: 54 examples at level VeryHard
Before redistribution: 55 examples at level VeryEasy
Before redistribution: 55 examples at level Easy
Before redistribution: 54 examples at level Medium
Before redistribution: 54 examples at level Hard
Before redistribution: 54 examples at level VeryHard
Before redistribution: 55 examples at level VeryEasy
Before redistribution: 55 examples at level Easy
Before redistribution: 55 examples at level Medium
Before redistribution: 54 examples at level Hard
Before redistribution: 54 examples at level VeryHard
Before redistribution: 55 examples at level VeryEasy
Before redistribution: 55 examples at level Easy
Before redistribution: 55 examples at level Medium
Before redistribution: 55 examples at level Hard
Before redistribution: 54 examples at level VeryHard
Before redistribution: 55 examples at level VeryEasy
Before redistribution: 55 examples at level Easy
Before redistribution: 55 examples at level Medium
Before redistribution: 55 examples at level Hard
Before redistribution: 55 examples at level VeryHard
Performing example redistribution across difficulty levels...
Redistributed 55 examples to level VeryEasy
Redistributed 55 examples to level Easy
Redistributed 55 examples to level Medium
Redistributed 55 examples to level Hard
Redistributed 55 examples to level VeryHard
After redistribution: 55 examples at level VeryEasy
After redistribution: 55 examples at level Easy
After redistribution: 55 examples at level Medium
After redistribution: 55 examples at level Hard
After redistribution: 55 examples at level VeryHard
Before redistribution: 56 examples at level VeryEasy
Before redistribution: 55 examples at level Easy
Before redistribution: 55 examples at level Medium
Before redistribution: 55 examples at level Hard
Before redistribution: 55 examples at level VeryHard
Before redistribution: 56 examples at level VeryEasy
Before redistribution: 56 examples at level Easy
Before redistribution: 55 examples at level Medium
Before redistribution: 55 examples at level Hard
Before redistribution: 55 examples at level VeryHard
Before redistribution: 56 examples at level VeryEasy
Before redistribution: 56 examples at level Easy
Before redistribution: 56 examples at level Medium
Before redistribution: 55 examples at level Hard
Before redistribution: 55 examples at level VeryHard
Before redistribution: 56 examples at level VeryEasy
Before redistribution: 56 examples at level Easy
Before redistribution: 56 examples at level Medium
Before redistribution: 56 examples at level Hard
Before redistribution: 55 examples at level VeryHard
Before redistribution: 56 examples at level VeryEasy
Before redistribution: 56 examples at level Easy
Before redistribution: 56 examples at level Medium
Before redistribution: 56 examples at level Hard
Before redistribution: 56 examples at level VeryHard
Performing example redistribution across difficulty levels...
Redistributed 56 examples to level VeryEasy
Redistributed 56 examples to level Easy
Redistributed 56 examples to level Medium
Redistributed 56 examples to level Hard
Redistributed 56 examples to level VeryHard
After redistribution: 56 examples at level VeryEasy
After redistribution: 56 examples at level Easy
After redistribution: 56 examples at level Medium
After redistribution: 56 examples at level Hard
After redistribution: 56 examples at level VeryHard
Before redistribution: 57 examples at level VeryEasy
Before redistribution: 56 examples at level Easy
Before redistribution: 56 examples at level Medium
Before redistribution: 56 examples at level Hard
Before redistribution: 56 examples at level VeryHard
Before redistribution: 57 examples at level VeryEasy
Before redistribution: 57 examples at level Easy
Before redistribution: 56 examples at level Medium
Before redistribution: 56 examples at level Hard
Before redistribution: 56 examples at level VeryHard
Before redistribution: 57 examples at level VeryEasy
Before redistribution: 57 examples at level Easy
Before redistribution: 57 examples at level Medium
Before redistribution: 56 examples at level Hard
Before redistribution: 56 examples at level VeryHard
Before redistribution: 57 examples at level VeryEasy
Before redistribution: 57 examples at level Easy
Before redistribution: 57 examples at level Medium
Before redistribution: 57 examples at level Hard
Before redistribution: 56 examples at level VeryHard
Before redistribution: 57 examples at level VeryEasy
Before redistribution: 57 examples at level Easy
Before redistribution: 57 examples at level Medium
Before redistribution: 57 examples at level Hard
Before redistribution: 57 examples at level VeryHard
Performing example redistribution across difficulty levels...
Redistributed 57 examples to level VeryEasy
Redistributed 57 examples to level Easy
Redistributed 57 examples to level Medium
Redistributed 57 examples to level Hard
Redistributed 57 examples to level VeryHard
After redistribution: 57 examples at level VeryEasy
After redistribution: 57 examples at level Easy
After redistribution: 57 examples at level Medium
After redistribution: 57 examples at level Hard
After redistribution: 57 examples at level VeryHard
Before redistribution: 58 examples at level VeryEasy
Before redistribution: 57 examples at level Easy
Before redistribution: 57 examples at level Medium
Before redistribution: 57 examples at level Hard
Before redistribution: 57 examples at level VeryHard
Before redistribution: 58 examples at level VeryEasy
Before redistribution: 58 examples at level Easy
Before redistribution: 57 examples at level Medium
Before redistribution: 57 examples at level Hard
Before redistribution: 57 examples at level VeryHard
Before redistribution: 58 examples at level VeryEasy
Before redistribution: 58 examples at level Easy
Before redistribution: 58 examples at level Medium
Before redistribution: 57 examples at level Hard
Before redistribution: 57 examples at level VeryHard
Before redistribution: 58 examples at level VeryEasy
Before redistribution: 58 examples at level Easy
Before redistribution: 58 examples at level Medium
Before redistribution: 58 examples at level Hard
Before redistribution: 57 examples at level VeryHard
Before redistribution: 58 examples at level VeryEasy
Before redistribution: 58 examples at level Easy
Before redistribution: 58 examples at level Medium
Before redistribution: 58 examples at level Hard
Before redistribution: 58 examples at level VeryHard
Performing example redistribution across difficulty levels...
Redistributed 58 examples to level VeryEasy
Redistributed 58 examples to level Easy
Redistributed 58 examples to level Medium
Redistributed 58 examples to level Hard
Redistributed 58 examples to level VeryHard
After redistribution: 58 examples at level VeryEasy
After redistribution: 58 examples at level Easy
After redistribution: 58 examples at level Medium
After redistribution: 58 examples at level Hard
After redistribution: 58 examples at level VeryHard
Before redistribution: 59 examples at level VeryEasy
Before redistribution: 58 examples at level Easy
Before redistribution: 58 examples at level Medium
Before redistribution: 58 examples at level Hard
Before redistribution: 58 examples at level VeryHard
Before redistribution: 59 examples at level VeryEasy
Before redistribution: 59 examples at level Easy
Before redistribution: 58 examples at level Medium
Before redistribution: 58 examples at level Hard
Before redistribution: 58 examples at level VeryHard
Before redistribution: 59 examples at level VeryEasy
Before redistribution: 59 examples at level Easy
Before redistribution: 59 examples at level Medium
Before redistribution: 58 examples at level Hard
Before redistribution: 58 examples at level VeryHard
Before redistribution: 59 examples at level VeryEasy
Before redistribution: 59 examples at level Easy
Before redistribution: 59 examples at level Medium
Before redistribution: 59 examples at level Hard
Before redistribution: 58 examples at level VeryHard
Before redistribution: 59 examples at level VeryEasy
Before redistribution: 59 examples at level Easy
Before redistribution: 59 examples at level Medium
Before redistribution: 59 examples at level Hard
Before redistribution: 59 examples at level VeryHard
Performing example redistribution across difficulty levels...
Redistributed 59 examples to level VeryEasy
Redistributed 59 examples to level Easy
Redistributed 59 examples to level Medium
Redistributed 59 examples to level Hard
Redistributed 59 examples to level VeryHard
After redistribution: 59 examples at level VeryEasy
After redistribution: 59 examples at level Easy
After redistribution: 59 examples at level Medium
After redistribution: 59 examples at level Hard
After redistribution: 59 examples at level VeryHard
Before redistribution: 60 examples at level VeryEasy
Before redistribution: 59 examples at level Easy
Before redistribution: 59 examples at level Medium
Before redistribution: 59 examples at level Hard
Before redistribution: 59 examples at level VeryHard
Before redistribution: 60 examples at level VeryEasy
Before redistribution: 60 examples at level Easy
Before redistribution: 59 examples at level Medium
Before redistribution: 59 examples at level Hard
Before redistribution: 59 examples at level VeryHard
Before redistribution: 60 examples at level VeryEasy
Before redistribution: 60 examples at level Easy
Before redistribution: 60 examples at level Medium
Before redistribution: 59 examples at level Hard
Before redistribution: 59 examples at level VeryHard
Before redistribution: 60 examples at level VeryEasy
Before redistribution: 60 examples at level Easy
Before redistribution: 60 examples at level Medium
Before redistribution: 60 examples at level Hard
Before redistribution: 59 examples at level VeryHard
Before redistribution: 60 examples at level VeryEasy
Before redistribution: 60 examples at level Easy
Before redistribution: 60 examples at level Medium
Before redistribution: 60 examples at level Hard
Before redistribution: 60 examples at level VeryHard
Performing example redistribution across difficulty levels...
Redistributed 60 examples to level VeryEasy
Redistributed 60 examples to level Easy
Redistributed 60 examples to level Medium
Redistributed 60 examples to level Hard
Redistributed 60 examples to level VeryHard
After redistribution: 60 examples at level VeryEasy
After redistribution: 60 examples at level Easy
After redistribution: 60 examples at level Medium
After redistribution: 60 examples at level Hard
After redistribution: 60 examples at level VeryHard
Before redistribution: 61 examples at level VeryEasy
Before redistribution: 60 examples at level Easy
Before redistribution: 60 examples at level Medium
Before redistribution: 60 examples at level Hard
Before redistribution: 60 examples at level VeryHard
Before redistribution: 61 examples at level VeryEasy
Before redistribution: 61 examples at level Easy
Before redistribution: 60 examples at level Medium
Before redistribution: 60 examples at level Hard
Before redistribution: 60 examples at level VeryHard
Before redistribution: 61 examples at level VeryEasy
Before redistribution: 61 examples at level Easy
Before redistribution: 61 examples at level Medium
Before redistribution: 60 examples at level Hard
Before redistribution: 60 examples at level VeryHard
Before redistribution: 61 examples at level VeryEasy
Before redistribution: 61 examples at level Easy
Before redistribution: 61 examples at level Medium
Before redistribution: 61 examples at level Hard
Before redistribution: 60 examples at level VeryHard
Before redistribution: 61 examples at level VeryEasy
Before redistribution: 61 examples at level Easy
Before redistribution: 61 examples at level Medium
Before redistribution: 61 examples at level Hard
Before redistribution: 61 examples at level VeryHard
Performing example redistribution across difficulty levels...
Redistributed 61 examples to level VeryEasy
Redistributed 61 examples to level Easy
Redistributed 61 examples to level Medium
Redistributed 61 examples to level Hard
Redistributed 61 examples to level VeryHard
After redistribution: 61 examples at level VeryEasy
After redistribution: 61 examples at level Easy
After redistribution: 61 examples at level Medium
After redistribution: 61 examples at level Hard
After redistribution: 61 examples at level VeryHard
Before redistribution: 62 examples at level VeryEasy
Before redistribution: 61 examples at level Easy
Before redistribution: 61 examples at level Medium
Before redistribution: 61 examples at level Hard
Before redistribution: 61 examples at level VeryHard
Before redistribution: 62 examples at level VeryEasy
Before redistribution: 62 examples at level Easy
Before redistribution: 61 examples at level Medium
Before redistribution: 61 examples at level Hard
Before redistribution: 61 examples at level VeryHard
Before redistribution: 62 examples at level VeryEasy
Before redistribution: 62 examples at level Easy
Before redistribution: 62 examples at level Medium
Before redistribution: 61 examples at level Hard
Before redistribution: 61 examples at level VeryHard
Before redistribution: 62 examples at level VeryEasy
Before redistribution: 62 examples at level Easy
Before redistribution: 62 examples at level Medium
Before redistribution: 62 examples at level Hard
Before redistribution: 61 examples at level VeryHard
Before redistribution: 62 examples at level VeryEasy
Before redistribution: 62 examples at level Easy
Before redistribution: 62 examples at level Medium
Before redistribution: 62 examples at level Hard
Before redistribution: 62 examples at level VeryHard
Performing example redistribution across difficulty levels...
Redistributed 62 examples to level VeryEasy
Redistributed 62 examples to level Easy
Redistributed 62 examples to level Medium
Redistributed 62 examples to level Hard
Redistributed 62 examples to level VeryHard
After redistribution: 62 examples at level VeryEasy
After redistribution: 62 examples at level Easy
After redistribution: 62 examples at level Medium
After redistribution: 62 examples at level Hard
After redistribution: 62 examples at level VeryHard
Before redistribution: 63 examples at level VeryEasy
Before redistribution: 62 examples at level Easy
Before redistribution: 62 examples at level Medium
Before redistribution: 62 examples at level Hard
Before redistribution: 62 examples at level VeryHard
Before redistribution: 63 examples at level VeryEasy
Before redistribution: 63 examples at level Easy
Before redistribution: 62 examples at level Medium
Before redistribution: 62 examples at level Hard
Before redistribution: 62 examples at level VeryHard
Before redistribution: 63 examples at level VeryEasy
Before redistribution: 63 examples at level Easy
Before redistribution: 63 examples at level Medium
Before redistribution: 62 examples at level Hard
Before redistribution: 62 examples at level VeryHard
Before redistribution: 63 examples at level VeryEasy
Before redistribution: 63 examples at level Easy
Before redistribution: 63 examples at level Medium
Before redistribution: 63 examples at level Hard
Before redistribution: 62 examples at level VeryHard
Before redistribution: 63 examples at level VeryEasy
Before redistribution: 63 examples at level Easy
Before redistribution: 63 examples at level Medium
Before redistribution: 63 examples at level Hard
Before redistribution: 63 examples at level VeryHard
Performing example redistribution across difficulty levels...
Redistributed 63 examples to level VeryEasy
Redistributed 63 examples to level Easy
Redistributed 63 examples to level Medium
Redistributed 63 examples to level Hard
Redistributed 63 examples to level VeryHard
After redistribution: 63 examples at level VeryEasy
After redistribution: 63 examples at level Easy
After redistribution: 63 examples at level Medium
After redistribution: 63 examples at level Hard
After redistribution: 63 examples at level VeryHard
Before redistribution: 64 examples at level VeryEasy
Before redistribution: 63 examples at level Easy
Before redistribution: 63 examples at level Medium
Before redistribution: 63 examples at level Hard
Before redistribution: 63 examples at level VeryHard
Before redistribution: 64 examples at level VeryEasy
Before redistribution: 64 examples at level Easy
Before redistribution: 63 examples at level Medium
Before redistribution: 63 examples at level Hard
Before redistribution: 63 examples at level VeryHard
Before redistribution: 64 examples at level VeryEasy
Before redistribution: 64 examples at level Easy
Before redistribution: 64 examples at level Medium
Before redistribution: 63 examples at level Hard
Before redistribution: 63 examples at level VeryHard
Before redistribution: 64 examples at level VeryEasy
Before redistribution: 64 examples at level Easy
Before redistribution: 64 examples at level Medium
Before redistribution: 64 examples at level Hard
Before redistribution: 63 examples at level VeryHard
Before redistribution: 64 examples at level VeryEasy
Before redistribution: 64 examples at level Easy
Before redistribution: 64 examples at level Medium
Before redistribution: 64 examples at level Hard
Before redistribution: 64 examples at level VeryHard
Performing example redistribution across difficulty levels...
Redistributed 64 examples to level VeryEasy
Redistributed 64 examples to level Easy
Redistributed 64 examples to level Medium
Redistributed 64 examples to level Hard
Redistributed 64 examples to level VeryHard
After redistribution: 64 examples at level VeryEasy
After redistribution: 64 examples at level Easy
After redistribution: 64 examples at level Medium
After redistribution: 64 examples at level Hard
After redistribution: 64 examples at level VeryHard
Before redistribution: 65 examples at level VeryEasy
Before redistribution: 64 examples at level Easy
Before redistribution: 64 examples at level Medium
Before redistribution: 64 examples at level Hard
Before redistribution: 64 examples at level VeryHard
Before redistribution: 65 examples at level VeryEasy
Before redistribution: 65 examples at level Easy
Before redistribution: 64 examples at level Medium
Before redistribution: 64 examples at level Hard
Before redistribution: 64 examples at level VeryHard
Before redistribution: 65 examples at level VeryEasy
Before redistribution: 65 examples at level Easy
Before redistribution: 65 examples at level Medium
Before redistribution: 64 examples at level Hard
Before redistribution: 64 examples at level VeryHard
Before redistribution: 65 examples at level VeryEasy
Before redistribution: 65 examples at level Easy
Before redistribution: 65 examples at level Medium
Before redistribution: 65 examples at level Hard
Before redistribution: 64 examples at level VeryHard
Before redistribution: 65 examples at level VeryEasy
Before redistribution: 65 examples at level Easy
Before redistribution: 65 examples at level Medium
Before redistribution: 65 examples at level Hard
Before redistribution: 65 examples at level VeryHard
Performing example redistribution across difficulty levels...
Redistributed 65 examples to level VeryEasy
Redistributed 65 examples to level Easy
Redistributed 65 examples to level Medium
Redistributed 65 examples to level Hard
Redistributed 65 examples to level VeryHard
After redistribution: 65 examples at level VeryEasy
After redistribution: 65 examples at level Easy
After redistribution: 65 examples at level Medium
After redistribution: 65 examples at level Hard
After redistribution: 65 examples at level VeryHard
Before redistribution: 66 examples at level VeryEasy
Before redistribution: 65 examples at level Easy
Before redistribution: 65 examples at level Medium
Before redistribution: 65 examples at level Hard
Before redistribution: 65 examples at level VeryHard
Before redistribution: 66 examples at level VeryEasy
Before redistribution: 66 examples at level Easy
Before redistribution: 65 examples at level Medium
Before redistribution: 65 examples at level Hard
Before redistribution: 65 examples at level VeryHard
Before redistribution: 66 examples at level VeryEasy
Before redistribution: 66 examples at level Easy
Before redistribution: 66 examples at level Medium
Before redistribution: 65 examples at level Hard
Before redistribution: 65 examples at level VeryHard
Before redistribution: 66 examples at level VeryEasy
Before redistribution: 66 examples at level Easy
Before redistribution: 66 examples at level Medium
Before redistribution: 66 examples at level Hard
Before redistribution: 65 examples at level VeryHard
Before redistribution: 66 examples at level VeryEasy
Before redistribution: 66 examples at level Easy
Before redistribution: 66 examples at level Medium
Before redistribution: 66 examples at level Hard
Before redistribution: 66 examples at level VeryHard
Performing example redistribution across difficulty levels...
Redistributed 66 examples to level VeryEasy
Redistributed 66 examples to level Easy
Redistributed 66 examples to level Medium
Redistributed 66 examples to level Hard
Redistributed 66 examples to level VeryHard
After redistribution: 66 examples at level VeryEasy
After redistribution: 66 examples at level Easy
After redistribution: 66 examples at level Medium
After redistribution: 66 examples at level Hard
After redistribution: 66 examples at level VeryHard
Before redistribution: 67 examples at level VeryEasy
Before redistribution: 66 examples at level Easy
Before redistribution: 66 examples at level Medium
Before redistribution: 66 examples at level Hard
Before redistribution: 66 examples at level VeryHard
Before redistribution: 67 examples at level VeryEasy
Before redistribution: 67 examples at level Easy
Before redistribution: 66 examples at level Medium
Before redistribution: 66 examples at level Hard
Before redistribution: 66 examples at level VeryHard
Before redistribution: 67 examples at level VeryEasy
Before redistribution: 67 examples at level Easy
Before redistribution: 67 examples at level Medium
Before redistribution: 66 examples at level Hard
Before redistribution: 66 examples at level VeryHard
Before redistribution: 67 examples at level VeryEasy
Before redistribution: 67 examples at level Easy
Before redistribution: 67 examples at level Medium
Before redistribution: 67 examples at level Hard
Before redistribution: 66 examples at level VeryHard
Before redistribution: 67 examples at level VeryEasy
Before redistribution: 67 examples at level Easy
Before redistribution: 67 examples at level Medium
Before redistribution: 67 examples at level Hard
Before redistribution: 67 examples at level VeryHard
Performing example redistribution across difficulty levels...
Redistributed 67 examples to level VeryEasy
Redistributed 67 examples to level Easy
Redistributed 67 examples to level Medium
Redistributed 67 examples to level Hard
Redistributed 67 examples to level VeryHard
After redistribution: 67 examples at level VeryEasy
After redistribution: 67 examples at level Easy
After redistribution: 67 examples at level Medium
After redistribution: 67 examples at level Hard
After redistribution: 67 examples at level VeryHard
Before redistribution: 68 examples at level VeryEasy
Before redistribution: 67 examples at level Easy
Before redistribution: 67 examples at level Medium
Before redistribution: 67 examples at level Hard
Before redistribution: 67 examples at level VeryHard
Before redistribution: 68 examples at level VeryEasy
Before redistribution: 68 examples at level Easy
Before redistribution: 67 examples at level Medium
Before redistribution: 67 examples at level Hard
Before redistribution: 67 examples at level VeryHard
Before redistribution: 68 examples at level VeryEasy
Before redistribution: 68 examples at level Easy
Before redistribution: 68 examples at level Medium
Before redistribution: 67 examples at level Hard
Before redistribution: 67 examples at level VeryHard
Before redistribution: 68 examples at level VeryEasy
Before redistribution: 68 examples at level Easy
Before redistribution: 68 examples at level Medium
Before redistribution: 68 examples at level Hard
Before redistribution: 67 examples at level VeryHard
Before redistribution: 68 examples at level VeryEasy
Before redistribution: 68 examples at level Easy
Before redistribution: 68 examples at level Medium
Before redistribution: 68 examples at level Hard
Before redistribution: 68 examples at level VeryHard
Performing example redistribution across difficulty levels...
Redistributed 68 examples to level VeryEasy
Redistributed 68 examples to level Easy
Redistributed 68 examples to level Medium
Redistributed 68 examples to level Hard
Redistributed 68 examples to level VeryHard
After redistribution: 68 examples at level VeryEasy
After redistribution: 68 examples at level Easy
After redistribution: 68 examples at level Medium
After redistribution: 68 examples at level Hard
After redistribution: 68 examples at level VeryHard
Before redistribution: 69 examples at level VeryEasy
Before redistribution: 68 examples at level Easy
Before redistribution: 68 examples at level Medium
Before redistribution: 68 examples at level Hard
Before redistribution: 68 examples at level VeryHard
Before redistribution: 69 examples at level VeryEasy
Before redistribution: 69 examples at level Easy
Before redistribution: 68 examples at level Medium
Before redistribution: 68 examples at level Hard
Before redistribution: 68 examples at level VeryHard
Before redistribution: 69 examples at level VeryEasy
Before redistribution: 69 examples at level Easy
Before redistribution: 69 examples at level Medium
Before redistribution: 68 examples at level Hard
Before redistribution: 68 examples at level VeryHard
Before redistribution: 69 examples at level VeryEasy
Before redistribution: 69 examples at level Easy
Before redistribution: 69 examples at level Medium
Before redistribution: 69 examples at level Hard
Before redistribution: 68 examples at level VeryHard
Before redistribution: 69 examples at level VeryEasy
Before redistribution: 69 examples at level Easy
Before redistribution: 69 examples at level Medium
Before redistribution: 69 examples at level Hard
Before redistribution: 69 examples at level VeryHard
Performing example redistribution across difficulty levels...
Redistributed 69 examples to level VeryEasy
Redistributed 69 examples to level Easy
Redistributed 69 examples to level Medium
Redistributed 69 examples to level Hard
Redistributed 69 examples to level VeryHard
After redistribution: 69 examples at level VeryEasy
After redistribution: 69 examples at level Easy
After redistribution: 69 examples at level Medium
After redistribution: 69 examples at level Hard
After redistribution: 69 examples at level VeryHard
Before redistribution: 70 examples at level VeryEasy
Before redistribution: 69 examples at level Easy
Before redistribution: 69 examples at level Medium
Before redistribution: 69 examples at level Hard
Before redistribution: 69 examples at level VeryHard
Before redistribution: 70 examples at level VeryEasy
Before redistribution: 70 examples at level Easy
Before redistribution: 69 examples at level Medium
Before redistribution: 69 examples at level Hard
Before redistribution: 69 examples at level VeryHard
Before redistribution: 70 examples at level VeryEasy
Before redistribution: 70 examples at level Easy
Before redistribution: 70 examples at level Medium
Before redistribution: 69 examples at level Hard
Before redistribution: 69 examples at level VeryHard
Before redistribution: 70 examples at level VeryEasy
Before redistribution: 70 examples at level Easy
Before redistribution: 70 examples at level Medium
Before redistribution: 70 examples at level Hard
Before redistribution: 69 examples at level VeryHard
Before redistribution: 70 examples at level VeryEasy
Before redistribution: 70 examples at level Easy
Before redistribution: 70 examples at level Medium
Before redistribution: 70 examples at level Hard
Before redistribution: 70 examples at level VeryHard
Performing example redistribution across difficulty levels...
Redistributed 70 examples to level VeryEasy
Redistributed 70 examples to level Easy
Redistributed 70 examples to level Medium
Redistributed 70 examples to level Hard
Redistributed 70 examples to level VeryHard
After redistribution: 70 examples at level VeryEasy
After redistribution: 70 examples at level Easy
After redistribution: 70 examples at level Medium
After redistribution: 70 examples at level Hard
After redistribution: 70 examples at level VeryHard
Before redistribution: 71 examples at level VeryEasy
Before redistribution: 70 examples at level Easy
Before redistribution: 70 examples at level Medium
Before redistribution: 70 examples at level Hard
Before redistribution: 70 examples at level VeryHard
Before redistribution: 71 examples at level VeryEasy
Before redistribution: 71 examples at level Easy
Before redistribution: 70 examples at level Medium
Before redistribution: 70 examples at level Hard
Before redistribution: 70 examples at level VeryHard
Before redistribution: 71 examples at level VeryEasy
Before redistribution: 71 examples at level Easy
Before redistribution: 71 examples at level Medium
Before redistribution: 70 examples at level Hard
Before redistribution: 70 examples at level VeryHard
Before redistribution: 71 examples at level VeryEasy
Before redistribution: 71 examples at level Easy
Before redistribution: 71 examples at level Medium
Before redistribution: 71 examples at level Hard
Before redistribution: 70 examples at level VeryHard
Before redistribution: 71 examples at level VeryEasy
Before redistribution: 71 examples at level Easy
Before redistribution: 71 examples at level Medium
Before redistribution: 71 examples at level Hard
Before redistribution: 71 examples at level VeryHard
Performing example redistribution across difficulty levels...
Redistributed 71 examples to level VeryEasy
Redistributed 71 examples to level Easy
Redistributed 71 examples to level Medium
Redistributed 71 examples to level Hard
Redistributed 71 examples to level VeryHard
After redistribution: 71 examples at level VeryEasy
After redistribution: 71 examples at level Easy
After redistribution: 71 examples at level Medium
After redistribution: 71 examples at level Hard
After redistribution: 71 examples at level VeryHard
Before redistribution: 72 examples at level VeryEasy
Before redistribution: 71 examples at level Easy
Before redistribution: 71 examples at level Medium
Before redistribution: 71 examples at level Hard
Before redistribution: 71 examples at level VeryHard
Before redistribution: 72 examples at level VeryEasy
Before redistribution: 72 examples at level Easy
Before redistribution: 71 examples at level Medium
Before redistribution: 71 examples at level Hard
Before redistribution: 71 examples at level VeryHard
Before redistribution: 72 examples at level VeryEasy
Before redistribution: 72 examples at level Easy
Before redistribution: 72 examples at level Medium
Before redistribution: 71 examples at level Hard
Before redistribution: 71 examples at level VeryHard
Before redistribution: 72 examples at level VeryEasy
Before redistribution: 72 examples at level Easy
Before redistribution: 72 examples at level Medium
Before redistribution: 72 examples at level Hard
Before redistribution: 71 examples at level VeryHard
Before redistribution: 72 examples at level VeryEasy
Before redistribution: 72 examples at level Easy
Before redistribution: 72 examples at level Medium
Before redistribution: 72 examples at level Hard
Before redistribution: 72 examples at level VeryHard
Performing example redistribution across difficulty levels...
Redistributed 72 examples to level VeryEasy
Redistributed 72 examples to level Easy
Redistributed 72 examples to level Medium
Redistributed 72 examples to level Hard
Redistributed 72 examples to level VeryHard
After redistribution: 72 examples at level VeryEasy
After redistribution: 72 examples at level Easy
After redistribution: 72 examples at level Medium
After redistribution: 72 examples at level Hard
After redistribution: 72 examples at level VeryHard
Before redistribution: 73 examples at level VeryEasy
Before redistribution: 72 examples at level Easy
Before redistribution: 72 examples at level Medium
Before redistribution: 72 examples at level Hard
Before redistribution: 72 examples at level VeryHard
Before redistribution: 73 examples at level VeryEasy
Before redistribution: 73 examples at level Easy
Before redistribution: 72 examples at level Medium
Before redistribution: 72 examples at level Hard
Before redistribution: 72 examples at level VeryHard
Before redistribution: 73 examples at level VeryEasy
Before redistribution: 73 examples at level Easy
Before redistribution: 73 examples at level Medium
Before redistribution: 72 examples at level Hard
Before redistribution: 72 examples at level VeryHard
Before redistribution: 73 examples at level VeryEasy
Before redistribution: 73 examples at level Easy
Before redistribution: 73 examples at level Medium
Before redistribution: 73 examples at level Hard
Before redistribution: 72 examples at level VeryHard
Before redistribution: 73 examples at level VeryEasy
Before redistribution: 73 examples at level Easy
Before redistribution: 73 examples at level Medium
Before redistribution: 73 examples at level Hard
Before redistribution: 73 examples at level VeryHard
Performing example redistribution across difficulty levels...
Redistributed 73 examples to level VeryEasy
Redistributed 73 examples to level Easy
Redistributed 73 examples to level Medium
Redistributed 73 examples to level Hard
Redistributed 73 examples to level VeryHard
After redistribution: 73 examples at level VeryEasy
After redistribution: 73 examples at level Easy
After redistribution: 73 examples at level Medium
After redistribution: 73 examples at level Hard
After redistribution: 73 examples at level VeryHard
Before redistribution: 74 examples at level VeryEasy
Before redistribution: 73 examples at level Easy
Before redistribution: 73 examples at level Medium
Before redistribution: 73 examples at level Hard
Before redistribution: 73 examples at level VeryHard
Before redistribution: 74 examples at level VeryEasy
Before redistribution: 74 examples at level Easy
Before redistribution: 73 examples at level Medium
Before redistribution: 73 examples at level Hard
Before redistribution: 73 examples at level VeryHard
Before redistribution: 74 examples at level VeryEasy
Before redistribution: 74 examples at level Easy
Before redistribution: 74 examples at level Medium
Before redistribution: 73 examples at level Hard
Before redistribution: 73 examples at level VeryHard
Before redistribution: 74 examples at level VeryEasy
Before redistribution: 74 examples at level Easy
Before redistribution: 74 examples at level Medium
Before redistribution: 74 examples at level Hard
Before redistribution: 73 examples at level VeryHard
Before redistribution: 74 examples at level VeryEasy
Before redistribution: 74 examples at level Easy
Before redistribution: 74 examples at level Medium
Before redistribution: 74 examples at level Hard
Before redistribution: 74 examples at level VeryHard
Performing example redistribution across difficulty levels...
Redistributed 74 examples to level VeryEasy
Redistributed 74 examples to level Easy
Redistributed 74 examples to level Medium
Redistributed 74 examples to level Hard
Redistributed 74 examples to level VeryHard
After redistribution: 74 examples at level VeryEasy
After redistribution: 74 examples at level Easy
After redistribution: 74 examples at level Medium
After redistribution: 74 examples at level Hard
After redistribution: 74 examples at level VeryHard
Before redistribution: 75 examples at level VeryEasy
Before redistribution: 74 examples at level Easy
Before redistribution: 74 examples at level Medium
Before redistribution: 74 examples at level Hard
Before redistribution: 74 examples at level VeryHard
Before redistribution: 75 examples at level VeryEasy
Before redistribution: 75 examples at level Easy
Before redistribution: 74 examples at level Medium
Before redistribution: 74 examples at level Hard
Before redistribution: 74 examples at level VeryHard
Before redistribution: 75 examples at level VeryEasy
Before redistribution: 75 examples at level Easy
Before redistribution: 75 examples at level Medium
Before redistribution: 74 examples at level Hard
Before redistribution: 74 examples at level VeryHard
Before redistribution: 75 examples at level VeryEasy
Before redistribution: 75 examples at level Easy
Before redistribution: 75 examples at level Medium
Before redistribution: 75 examples at level Hard
Before redistribution: 74 examples at level VeryHard
Before redistribution: 75 examples at level VeryEasy
Before redistribution: 75 examples at level Easy
Before redistribution: 75 examples at level Medium
Before redistribution: 75 examples at level Hard
Before redistribution: 75 examples at level VeryHard
Performing example redistribution across difficulty levels...
Redistributed 75 examples to level VeryEasy
Redistributed 75 examples to level Easy
Redistributed 75 examples to level Medium
Redistributed 75 examples to level Hard
Redistributed 75 examples to level VeryHard
After redistribution: 75 examples at level VeryEasy
After redistribution: 75 examples at level Easy
After redistribution: 75 examples at level Medium
After redistribution: 75 examples at level Hard
After redistribution: 75 examples at level VeryHard
Before redistribution: 76 examples at level VeryEasy
Before redistribution: 75 examples at level Easy
Before redistribution: 75 examples at level Medium
Before redistribution: 75 examples at level Hard
Before redistribution: 75 examples at level VeryHard
Before redistribution: 76 examples at level VeryEasy
Before redistribution: 76 examples at level Easy
Before redistribution: 75 examples at level Medium
Before redistribution: 75 examples at level Hard
Before redistribution: 75 examples at level VeryHard
Before redistribution: 76 examples at level VeryEasy
Before redistribution: 76 examples at level Easy
Before redistribution: 76 examples at level Medium
Before redistribution: 75 examples at level Hard
Before redistribution: 75 examples at level VeryHard
Before redistribution: 76 examples at level VeryEasy
Before redistribution: 76 examples at level Easy
Before redistribution: 76 examples at level Medium
Before redistribution: 76 examples at level Hard
Before redistribution: 75 examples at level VeryHard
Before redistribution: 76 examples at level VeryEasy
Before redistribution: 76 examples at level Easy
Before redistribution: 76 examples at level Medium
Before redistribution: 76 examples at level Hard
Before redistribution: 76 examples at level VeryHard
Performing example redistribution across difficulty levels...
Redistributed 76 examples to level VeryEasy
Redistributed 76 examples to level Easy
Redistributed 76 examples to level Medium
Redistributed 76 examples to level Hard
Redistributed 76 examples to level VeryHard
After redistribution: 76 examples at level VeryEasy
After redistribution: 76 examples at level Easy
After redistribution: 76 examples at level Medium
After redistribution: 76 examples at level Hard
After redistribution: 76 examples at level VeryHard
Before redistribution: 77 examples at level VeryEasy
Before redistribution: 76 examples at level Easy
Before redistribution: 76 examples at level Medium
Before redistribution: 76 examples at level Hard
Before redistribution: 76 examples at level VeryHard
Before redistribution: 77 examples at level VeryEasy
Before redistribution: 77 examples at level Easy
Before redistribution: 76 examples at level Medium
Before redistribution: 76 examples at level Hard
Before redistribution: 76 examples at level VeryHard
Before redistribution: 77 examples at level VeryEasy
Before redistribution: 77 examples at level Easy
Before redistribution: 77 examples at level Medium
Before redistribution: 76 examples at level Hard
Before redistribution: 76 examples at level VeryHard
Before redistribution: 77 examples at level VeryEasy
Before redistribution: 77 examples at level Easy
Before redistribution: 77 examples at level Medium
Before redistribution: 77 examples at level Hard
Before redistribution: 76 examples at level VeryHard
Before redistribution: 77 examples at level VeryEasy
Before redistribution: 77 examples at level Easy
Before redistribution: 77 examples at level Medium
Before redistribution: 77 examples at level Hard
Before redistribution: 77 examples at level VeryHard
Performing example redistribution across difficulty levels...
Redistributed 77 examples to level VeryEasy
Redistributed 77 examples to level Easy
Redistributed 77 examples to level Medium
Redistributed 77 examples to level Hard
Redistributed 77 examples to level VeryHard
After redistribution: 77 examples at level VeryEasy
After redistribution: 77 examples at level Easy
After redistribution: 77 examples at level Medium
After redistribution: 77 examples at level Hard
After redistribution: 77 examples at level VeryHard
Before redistribution: 78 examples at level VeryEasy
Before redistribution: 77 examples at level Easy
Before redistribution: 77 examples at level Medium
Before redistribution: 77 examples at level Hard
Before redistribution: 77 examples at level VeryHard
Before redistribution: 78 examples at level VeryEasy
Before redistribution: 78 examples at level Easy
Before redistribution: 77 examples at level Medium
Before redistribution: 77 examples at level Hard
Before redistribution: 77 examples at level VeryHard
Before redistribution: 78 examples at level VeryEasy
Before redistribution: 78 examples at level Easy
Before redistribution: 78 examples at level Medium
Before redistribution: 77 examples at level Hard
Before redistribution: 77 examples at level VeryHard
Before redistribution: 78 examples at level VeryEasy
Before redistribution: 78 examples at level Easy
Before redistribution: 78 examples at level Medium
Before redistribution: 78 examples at level Hard
Before redistribution: 77 examples at level VeryHard
Before redistribution: 78 examples at level VeryEasy
Before redistribution: 78 examples at level Easy
Before redistribution: 78 examples at level Medium
Before redistribution: 78 examples at level Hard
Before redistribution: 78 examples at level VeryHard
Performing example redistribution across difficulty levels...
Redistributed 78 examples to level VeryEasy
Redistributed 78 examples to level Easy
Redistributed 78 examples to level Medium
Redistributed 78 examples to level Hard
Redistributed 78 examples to level VeryHard
After redistribution: 78 examples at level VeryEasy
After redistribution: 78 examples at level Easy
After redistribution: 78 examples at level Medium
After redistribution: 78 examples at level Hard
After redistribution: 78 examples at level VeryHard
Before redistribution: 79 examples at level VeryEasy
Before redistribution: 78 examples at level Easy
Before redistribution: 78 examples at level Medium
Before redistribution: 78 examples at level Hard
Before redistribution: 78 examples at level VeryHard
Before redistribution: 79 examples at level VeryEasy
Before redistribution: 79 examples at level Easy
Before redistribution: 78 examples at level Medium
Before redistribution: 78 examples at level Hard
Before redistribution: 78 examples at level VeryHard
Before redistribution: 79 examples at level VeryEasy
Before redistribution: 79 examples at level Easy
Before redistribution: 79 examples at level Medium
Before redistribution: 78 examples at level Hard
Before redistribution: 78 examples at level VeryHard
Before redistribution: 79 examples at level VeryEasy
Before redistribution: 79 examples at level Easy
Before redistribution: 79 examples at level Medium
Before redistribution: 79 examples at level Hard
Before redistribution: 78 examples at level VeryHard
Before redistribution: 79 examples at level VeryEasy
Before redistribution: 79 examples at level Easy
Before redistribution: 79 examples at level Medium
Before redistribution: 79 examples at level Hard
Before redistribution: 79 examples at level VeryHard
Performing example redistribution across difficulty levels...
Redistributed 79 examples to level VeryEasy
Redistributed 79 examples to level Easy
Redistributed 79 examples to level Medium
Redistributed 79 examples to level Hard
Redistributed 79 examples to level VeryHard
After redistribution: 79 examples at level VeryEasy
After redistribution: 79 examples at level Easy
After redistribution: 79 examples at level Medium
After redistribution: 79 examples at level Hard
After redistribution: 79 examples at level VeryHard
Before redistribution: 80 examples at level VeryEasy
Before redistribution: 79 examples at level Easy
Before redistribution: 79 examples at level Medium
Before redistribution: 79 examples at level Hard
Before redistribution: 79 examples at level VeryHard
Before redistribution: 80 examples at level VeryEasy
Before redistribution: 80 examples at level Easy
Before redistribution: 79 examples at level Medium
Before redistribution: 79 examples at level Hard
Before redistribution: 79 examples at level VeryHard
Before redistribution: 80 examples at level VeryEasy
Before redistribution: 80 examples at level Easy
Before redistribution: 80 examples at level Medium
Before redistribution: 79 examples at level Hard
Before redistribution: 79 examples at level VeryHard
Before redistribution: 80 examples at level VeryEasy
Before redistribution: 80 examples at level Easy
Before redistribution: 80 examples at level Medium
Before redistribution: 80 examples at level Hard
Before redistribution: 79 examples at level VeryHard
Before redistribution: 80 examples at level VeryEasy
Before redistribution: 80 examples at level Easy
Before redistribution: 80 examples at level Medium
Before redistribution: 80 examples at level Hard
Before redistribution: 80 examples at level VeryHard
Performing example redistribution across difficulty levels...
Redistributed 80 examples to level VeryEasy
Redistributed 80 examples to level Easy
Redistributed 80 examples to level Medium
Redistributed 80 examples to level Hard
Redistributed 80 examples to level VeryHard
After redistribution: 80 examples at level VeryEasy
After redistribution: 80 examples at level Easy
After redistribution: 80 examples at level Medium
After redistribution: 80 examples at level Hard
After redistribution: 80 examples at level VeryHard
Before redistribution: 81 examples at level VeryEasy
Before redistribution: 80 examples at level Easy
Before redistribution: 80 examples at level Medium
Before redistribution: 80 examples at level Hard
Before redistribution: 80 examples at level VeryHard
Before redistribution: 81 examples at level VeryEasy
Before redistribution: 81 examples at level Easy
Before redistribution: 80 examples at level Medium
Before redistribution: 80 examples at level Hard
Before redistribution: 80 examples at level VeryHard
Before redistribution: 81 examples at level VeryEasy
Before redistribution: 81 examples at level Easy
Before redistribution: 81 examples at level Medium
Before redistribution: 80 examples at level Hard
Before redistribution: 80 examples at level VeryHard
Before redistribution: 81 examples at level VeryEasy
Before redistribution: 81 examples at level Easy
Before redistribution: 81 examples at level Medium
Before redistribution: 81 examples at level Hard
Before redistribution: 80 examples at level VeryHard
Before redistribution: 81 examples at level VeryEasy
Before redistribution: 81 examples at level Easy
Before redistribution: 81 examples at level Medium
Before redistribution: 81 examples at level Hard
Before redistribution: 81 examples at level VeryHard
Performing example redistribution across difficulty levels...
Redistributed 81 examples to level VeryEasy
Redistributed 81 examples to level Easy
Redistributed 81 examples to level Medium
Redistributed 81 examples to level Hard
Redistributed 81 examples to level VeryHard
After redistribution: 81 examples at level VeryEasy
After redistribution: 81 examples at level Easy
After redistribution: 81 examples at level Medium
After redistribution: 81 examples at level Hard
After redistribution: 81 examples at level VeryHard
Before redistribution: 82 examples at level VeryEasy
Before redistribution: 81 examples at level Easy
Before redistribution: 81 examples at level Medium
Before redistribution: 81 examples at level Hard
Before redistribution: 81 examples at level VeryHard
Before redistribution: 82 examples at level VeryEasy
Before redistribution: 82 examples at level Easy
Before redistribution: 81 examples at level Medium
Before redistribution: 81 examples at level Hard
Before redistribution: 81 examples at level VeryHard
Before redistribution: 82 examples at level VeryEasy
Before redistribution: 82 examples at level Easy
Before redistribution: 82 examples at level Medium
Before redistribution: 81 examples at level Hard
Before redistribution: 81 examples at level VeryHard
Before redistribution: 82 examples at level VeryEasy
Before redistribution: 82 examples at level Easy
Before redistribution: 82 examples at level Medium
Before redistribution: 82 examples at level Hard
Before redistribution: 81 examples at level VeryHard
Before redistribution: 82 examples at level VeryEasy
Before redistribution: 82 examples at level Easy
Before redistribution: 82 examples at level Medium
Before redistribution: 82 examples at level Hard
Before redistribution: 82 examples at level VeryHard
Performing example redistribution across difficulty levels...
Redistributed 82 examples to level VeryEasy
Redistributed 82 examples to level Easy
Redistributed 82 examples to level Medium
Redistributed 82 examples to level Hard
Redistributed 82 examples to level VeryHard
After redistribution: 82 examples at level VeryEasy
After redistribution: 82 examples at level Easy
After redistribution: 82 examples at level Medium
After redistribution: 82 examples at level Hard
After redistribution: 82 examples at level VeryHard
Before redistribution: 83 examples at level VeryEasy
Before redistribution: 82 examples at level Easy
Before redistribution: 82 examples at level Medium
Before redistribution: 82 examples at level Hard
Before redistribution: 82 examples at level VeryHard
Before redistribution: 83 examples at level VeryEasy
Before redistribution: 83 examples at level Easy
Before redistribution: 82 examples at level Medium
Before redistribution: 82 examples at level Hard
Before redistribution: 82 examples at level VeryHard
Before redistribution: 83 examples at level VeryEasy
Before redistribution: 83 examples at level Easy
Before redistribution: 83 examples at level Medium
Before redistribution: 82 examples at level Hard
Before redistribution: 82 examples at level VeryHard
Before redistribution: 83 examples at level VeryEasy
Before redistribution: 83 examples at level Easy
Before redistribution: 83 examples at level Medium
Before redistribution: 83 examples at level Hard
Before redistribution: 82 examples at level VeryHard
Before redistribution: 83 examples at level VeryEasy
Before redistribution: 83 examples at level Easy
Before redistribution: 83 examples at level Medium
Before redistribution: 83 examples at level Hard
Before redistribution: 83 examples at level VeryHard
Performing example redistribution across difficulty levels...
Redistributed 83 examples to level VeryEasy
Redistributed 83 examples to level Easy
Redistributed 83 examples to level Medium
Redistributed 83 examples to level Hard
Redistributed 83 examples to level VeryHard
After redistribution: 83 examples at level VeryEasy
After redistribution: 83 examples at level Easy
After redistribution: 83 examples at level Medium
After redistribution: 83 examples at level Hard
After redistribution: 83 examples at level VeryHard
Before redistribution: 84 examples at level VeryEasy
Before redistribution: 83 examples at level Easy
Before redistribution: 83 examples at level Medium
Before redistribution: 83 examples at level Hard
Before redistribution: 83 examples at level VeryHard
Before redistribution: 84 examples at level VeryEasy
Before redistribution: 84 examples at level Easy
Before redistribution: 83 examples at level Medium
Before redistribution: 83 examples at level Hard
Before redistribution: 83 examples at level VeryHard
Before redistribution: 84 examples at level VeryEasy
Before redistribution: 84 examples at level Easy
Before redistribution: 84 examples at level Medium
Before redistribution: 83 examples at level Hard
Before redistribution: 83 examples at level VeryHard
Before redistribution: 84 examples at level VeryEasy
Before redistribution: 84 examples at level Easy
Before redistribution: 84 examples at level Medium
Before redistribution: 84 examples at level Hard
Before redistribution: 83 examples at level VeryHard
Before redistribution: 84 examples at level VeryEasy
Before redistribution: 84 examples at level Easy
Before redistribution: 84 examples at level Medium
Before redistribution: 84 examples at level Hard
Before redistribution: 84 examples at level VeryHard
Performing example redistribution across difficulty levels...
Redistributed 84 examples to level VeryEasy
Redistributed 84 examples to level Easy
Redistributed 84 examples to level Medium
Redistributed 84 examples to level Hard
Redistributed 84 examples to level VeryHard
After redistribution: 84 examples at level VeryEasy
After redistribution: 84 examples at level Easy
After redistribution: 84 examples at level Medium
After redistribution: 84 examples at level Hard
After redistribution: 84 examples at level VeryHard
Before redistribution: 85 examples at level VeryEasy
Before redistribution: 84 examples at level Easy
Before redistribution: 84 examples at level Medium
Before redistribution: 84 examples at level Hard
Before redistribution: 84 examples at level VeryHard
Before redistribution: 85 examples at level VeryEasy
Before redistribution: 85 examples at level Easy
Before redistribution: 84 examples at level Medium
Before redistribution: 84 examples at level Hard
Before redistribution: 84 examples at level VeryHard
Before redistribution: 85 examples at level VeryEasy
Before redistribution: 85 examples at level Easy
Before redistribution: 85 examples at level Medium
Before redistribution: 84 examples at level Hard
Before redistribution: 84 examples at level VeryHard
Before redistribution: 85 examples at level VeryEasy
Before redistribution: 85 examples at level Easy
Before redistribution: 85 examples at level Medium
Before redistribution: 85 examples at level Hard
Before redistribution: 84 examples at level VeryHard
Before redistribution: 85 examples at level VeryEasy
Before redistribution: 85 examples at level Easy
Before redistribution: 85 examples at level Medium
Before redistribution: 85 examples at level Hard
Before redistribution: 85 examples at level VeryHard
Performing example redistribution across difficulty levels...
Redistributed 85 examples to level VeryEasy
Redistributed 85 examples to level Easy
Redistributed 85 examples to level Medium
Redistributed 85 examples to level Hard
Redistributed 85 examples to level VeryHard
After redistribution: 85 examples at level VeryEasy
After redistribution: 85 examples at level Easy
After redistribution: 85 examples at level Medium
After redistribution: 85 examples at level Hard
After redistribution: 85 examples at level VeryHard
Before redistribution: 86 examples at level VeryEasy
Before redistribution: 85 examples at level Easy
Before redistribution: 85 examples at level Medium
Before redistribution: 85 examples at level Hard
Before redistribution: 85 examples at level VeryHard
Before redistribution: 86 examples at level VeryEasy
Before redistribution: 86 examples at level Easy
Before redistribution: 85 examples at level Medium
Before redistribution: 85 examples at level Hard
Before redistribution: 85 examples at level VeryHard
Before redistribution: 86 examples at level VeryEasy
Before redistribution: 86 examples at level Easy
Before redistribution: 86 examples at level Medium
Before redistribution: 85 examples at level Hard
Before redistribution: 85 examples at level VeryHard
Before redistribution: 86 examples at level VeryEasy
Before redistribution: 86 examples at level Easy
Before redistribution: 86 examples at level Medium
Before redistribution: 86 examples at level Hard
Before redistribution: 85 examples at level VeryHard
Before redistribution: 86 examples at level VeryEasy
Before redistribution: 86 examples at level Easy
Before redistribution: 86 examples at level Medium
Before redistribution: 86 examples at level Hard
Before redistribution: 86 examples at level VeryHard
Performing example redistribution across difficulty levels...
Redistributed 86 examples to level VeryEasy
Redistributed 86 examples to level Easy
Redistributed 86 examples to level Medium
Redistributed 86 examples to level Hard
Redistributed 86 examples to level VeryHard
After redistribution: 86 examples at level VeryEasy
After redistribution: 86 examples at level Easy
After redistribution: 86 examples at level Medium
After redistribution: 86 examples at level Hard
After redistribution: 86 examples at level VeryHard
Before redistribution: 87 examples at level VeryEasy
Before redistribution: 86 examples at level Easy
Before redistribution: 86 examples at level Medium
Before redistribution: 86 examples at level Hard
Before redistribution: 86 examples at level VeryHard
Before redistribution: 87 examples at level VeryEasy
Before redistribution: 87 examples at level Easy
Before redistribution: 86 examples at level Medium
Before redistribution: 86 examples at level Hard
Before redistribution: 86 examples at level VeryHard
Before redistribution: 87 examples at level VeryEasy
Before redistribution: 87 examples at level Easy
Before redistribution: 87 examples at level Medium
Before redistribution: 86 examples at level Hard
Before redistribution: 86 examples at level VeryHard
Before redistribution: 87 examples at level VeryEasy
Before redistribution: 87 examples at level Easy
Before redistribution: 87 examples at level Medium
Before redistribution: 87 examples at level Hard
Before redistribution: 86 examples at level VeryHard
Before redistribution: 87 examples at level VeryEasy
Before redistribution: 87 examples at level Easy
Before redistribution: 87 examples at level Medium
Before redistribution: 87 examples at level Hard
Before redistribution: 87 examples at level VeryHard
Performing example redistribution across difficulty levels...
Redistributed 87 examples to level VeryEasy
Redistributed 87 examples to level Easy
Redistributed 87 examples to level Medium
Redistributed 87 examples to level Hard
Redistributed 87 examples to level VeryHard
After redistribution: 87 examples at level VeryEasy
After redistribution: 87 examples at level Easy
After redistribution: 87 examples at level Medium
After redistribution: 87 examples at level Hard
After redistribution: 87 examples at level VeryHard
Before redistribution: 88 examples at level VeryEasy
Before redistribution: 87 examples at level Easy
Before redistribution: 87 examples at level Medium
Before redistribution: 87 examples at level Hard
Before redistribution: 87 examples at level VeryHard
Before redistribution: 88 examples at level VeryEasy
Before redistribution: 88 examples at level Easy
Before redistribution: 87 examples at level Medium
Before redistribution: 87 examples at level Hard
Before redistribution: 87 examples at level VeryHard
Before redistribution: 88 examples at level VeryEasy
Before redistribution: 88 examples at level Easy
Before redistribution: 88 examples at level Medium
Before redistribution: 87 examples at level Hard
Before redistribution: 87 examples at level VeryHard
Before redistribution: 88 examples at level VeryEasy
Before redistribution: 88 examples at level Easy
Before redistribution: 88 examples at level Medium
Before redistribution: 88 examples at level Hard
Before redistribution: 87 examples at level VeryHard
Before redistribution: 88 examples at level VeryEasy
Before redistribution: 88 examples at level Easy
Before redistribution: 88 examples at level Medium
Before redistribution: 88 examples at level Hard
Before redistribution: 88 examples at level VeryHard
Performing example redistribution across difficulty levels...
Redistributed 88 examples to level VeryEasy
Redistributed 88 examples to level Easy
Redistributed 88 examples to level Medium
Redistributed 88 examples to level Hard
Redistributed 88 examples to level VeryHard
After redistribution: 88 examples at level VeryEasy
After redistribution: 88 examples at level Easy
After redistribution: 88 examples at level Medium
After redistribution: 88 examples at level Hard
After redistribution: 88 examples at level VeryHard
Before redistribution: 89 examples at level VeryEasy
Before redistribution: 88 examples at level Easy
Before redistribution: 88 examples at level Medium
Before redistribution: 88 examples at level Hard
Before redistribution: 88 examples at level VeryHard
Before redistribution: 89 examples at level VeryEasy
Before redistribution: 89 examples at level Easy
Before redistribution: 88 examples at level Medium
Before redistribution: 88 examples at level Hard
Before redistribution: 88 examples at level VeryHard
Before redistribution: 89 examples at level VeryEasy
Before redistribution: 89 examples at level Easy
Before redistribution: 89 examples at level Medium
Before redistribution: 88 examples at level Hard
Before redistribution: 88 examples at level VeryHard
Before redistribution: 89 examples at level VeryEasy
Before redistribution: 89 examples at level Easy
Before redistribution: 89 examples at level Medium
Before redistribution: 89 examples at level Hard
Before redistribution: 88 examples at level VeryHard
Before redistribution: 89 examples at level VeryEasy
Before redistribution: 89 examples at level Easy
Before redistribution: 89 examples at level Medium
Before redistribution: 89 examples at level Hard
Before redistribution: 89 examples at level VeryHard
Performing example redistribution across difficulty levels...
Redistributed 89 examples to level VeryEasy
Redistributed 89 examples to level Easy
Redistributed 89 examples to level Medium
Redistributed 89 examples to level Hard
Redistributed 89 examples to level VeryHard
After redistribution: 89 examples at level VeryEasy
After redistribution: 89 examples at level Easy
After redistribution: 89 examples at level Medium
After redistribution: 89 examples at level Hard
After redistribution: 89 examples at level VeryHard
Before redistribution: 90 examples at level VeryEasy
Before redistribution: 89 examples at level Easy
Before redistribution: 89 examples at level Medium
Before redistribution: 89 examples at level Hard
Before redistribution: 89 examples at level VeryHard
Before redistribution: 90 examples at level VeryEasy
Before redistribution: 90 examples at level Easy
Before redistribution: 89 examples at level Medium
Before redistribution: 89 examples at level Hard
Before redistribution: 89 examples at level VeryHard
Before redistribution: 90 examples at level VeryEasy
Before redistribution: 90 examples at level Easy
Before redistribution: 90 examples at level Medium
Before redistribution: 89 examples at level Hard
Before redistribution: 89 examples at level VeryHard
Before redistribution: 90 examples at level VeryEasy
Before redistribution: 90 examples at level Easy
Before redistribution: 90 examples at level Medium
Before redistribution: 90 examples at level Hard
Before redistribution: 89 examples at level VeryHard
Before redistribution: 90 examples at level VeryEasy
Before redistribution: 90 examples at level Easy
Before redistribution: 90 examples at level Medium
Before redistribution: 90 examples at level Hard
Before redistribution: 90 examples at level VeryHard
Performing example redistribution across difficulty levels...
Redistributed 90 examples to level VeryEasy
Redistributed 90 examples to level Easy
Redistributed 90 examples to level Medium
Redistributed 90 examples to level Hard
Redistributed 90 examples to level VeryHard
After redistribution: 90 examples at level VeryEasy
After redistribution: 90 examples at level Easy
After redistribution: 90 examples at level Medium
After redistribution: 90 examples at level Hard
After redistribution: 90 examples at level VeryHard
Before redistribution: 91 examples at level VeryEasy
Before redistribution: 90 examples at level Easy
Before redistribution: 90 examples at level Medium
Before redistribution: 90 examples at level Hard
Before redistribution: 90 examples at level VeryHard
Before redistribution: 91 examples at level VeryEasy
Before redistribution: 91 examples at level Easy
Before redistribution: 90 examples at level Medium
Before redistribution: 90 examples at level Hard
Before redistribution: 90 examples at level VeryHard
Before redistribution: 91 examples at level VeryEasy
Before redistribution: 91 examples at level Easy
Before redistribution: 91 examples at level Medium
Before redistribution: 90 examples at level Hard
Before redistribution: 90 examples at level VeryHard
Before redistribution: 91 examples at level VeryEasy
Before redistribution: 91 examples at level Easy
Before redistribution: 91 examples at level Medium
Before redistribution: 91 examples at level Hard
Before redistribution: 90 examples at level VeryHard
Before redistribution: 91 examples at level VeryEasy
Before redistribution: 91 examples at level Easy
Before redistribution: 91 examples at level Medium
Before redistribution: 91 examples at level Hard
Before redistribution: 91 examples at level VeryHard
Performing example redistribution across difficulty levels...
Redistributed 91 examples to level VeryEasy
Redistributed 91 examples to level Easy
Redistributed 91 examples to level Medium
Redistributed 91 examples to level Hard
Redistributed 91 examples to level VeryHard
After redistribution: 91 examples at level VeryEasy
After redistribution: 91 examples at level Easy
After redistribution: 91 examples at level Medium
After redistribution: 91 examples at level Hard
After redistribution: 91 examples at level VeryHard
Before redistribution: 92 examples at level VeryEasy
Before redistribution: 91 examples at level Easy
Before redistribution: 91 examples at level Medium
Before redistribution: 91 examples at level Hard
Before redistribution: 91 examples at level VeryHard
Before redistribution: 92 examples at level VeryEasy
Before redistribution: 92 examples at level Easy
Before redistribution: 91 examples at level Medium
Before redistribution: 91 examples at level Hard
Before redistribution: 91 examples at level VeryHard
Before redistribution: 92 examples at level VeryEasy
Before redistribution: 92 examples at level Easy
Before redistribution: 92 examples at level Medium
Before redistribution: 91 examples at level Hard
Before redistribution: 91 examples at level VeryHard
Before redistribution: 92 examples at level VeryEasy
Before redistribution: 92 examples at level Easy
Before redistribution: 92 examples at level Medium
Before redistribution: 92 examples at level Hard
Before redistribution: 91 examples at level VeryHard
Before redistribution: 92 examples at level VeryEasy
Before redistribution: 92 examples at level Easy
Before redistribution: 92 examples at level Medium
Before redistribution: 92 examples at level Hard
Before redistribution: 92 examples at level VeryHard
Performing example redistribution across difficulty levels...
Redistributed 92 examples to level VeryEasy
Redistributed 92 examples to level Easy
Redistributed 92 examples to level Medium
Redistributed 92 examples to level Hard
Redistributed 92 examples to level VeryHard
After redistribution: 92 examples at level VeryEasy
After redistribution: 92 examples at level Easy
After redistribution: 92 examples at level Medium
After redistribution: 92 examples at level Hard
After redistribution: 92 examples at level VeryHard
Before redistribution: 93 examples at level VeryEasy
Before redistribution: 92 examples at level Easy
Before redistribution: 92 examples at level Medium
Before redistribution: 92 examples at level Hard
Before redistribution: 92 examples at level VeryHard
Before redistribution: 93 examples at level VeryEasy
Before redistribution: 93 examples at level Easy
Before redistribution: 92 examples at level Medium
Before redistribution: 92 examples at level Hard
Before redistribution: 92 examples at level VeryHard
Before redistribution: 93 examples at level VeryEasy
Before redistribution: 93 examples at level Easy
Before redistribution: 93 examples at level Medium
Before redistribution: 92 examples at level Hard
Before redistribution: 92 examples at level VeryHard
Before redistribution: 93 examples at level VeryEasy
Before redistribution: 93 examples at level Easy
Before redistribution: 93 examples at level Medium
Before redistribution: 93 examples at level Hard
Before redistribution: 92 examples at level VeryHard
Before redistribution: 93 examples at level VeryEasy
Before redistribution: 93 examples at level Easy
Before redistribution: 93 examples at level Medium
Before redistribution: 93 examples at level Hard
Before redistribution: 93 examples at level VeryHard
Performing example redistribution across difficulty levels...
Redistributed 93 examples to level VeryEasy
Redistributed 93 examples to level Easy
Redistributed 93 examples to level Medium
Redistributed 93 examples to level Hard
Redistributed 93 examples to level VeryHard
After redistribution: 93 examples at level VeryEasy
After redistribution: 93 examples at level Easy
After redistribution: 93 examples at level Medium
After redistribution: 93 examples at level Hard
After redistribution: 93 examples at level VeryHard
Before redistribution: 94 examples at level VeryEasy
Before redistribution: 93 examples at level Easy
Before redistribution: 93 examples at level Medium
Before redistribution: 93 examples at level Hard
Before redistribution: 93 examples at level VeryHard
Before redistribution: 94 examples at level VeryEasy
Before redistribution: 94 examples at level Easy
Before redistribution: 93 examples at level Medium
Before redistribution: 93 examples at level Hard
Before redistribution: 93 examples at level VeryHard
Before redistribution: 94 examples at level VeryEasy
Before redistribution: 94 examples at level Easy
Before redistribution: 94 examples at level Medium
Before redistribution: 93 examples at level Hard
Before redistribution: 93 examples at level VeryHard
Before redistribution: 94 examples at level VeryEasy
Before redistribution: 94 examples at level Easy
Before redistribution: 94 examples at level Medium
Before redistribution: 94 examples at level Hard
Before redistribution: 93 examples at level VeryHard
Before redistribution: 94 examples at level VeryEasy
Before redistribution: 94 examples at level Easy
Before redistribution: 94 examples at level Medium
Before redistribution: 94 examples at level Hard
Before redistribution: 94 examples at level VeryHard
Performing example redistribution across difficulty levels...
Redistributed 94 examples to level VeryEasy
Redistributed 94 examples to level Easy
Redistributed 94 examples to level Medium
Redistributed 94 examples to level Hard
Redistributed 94 examples to level VeryHard
After redistribution: 94 examples at level VeryEasy
After redistribution: 94 examples at level Easy
After redistribution: 94 examples at level Medium
After redistribution: 94 examples at level Hard
After redistribution: 94 examples at level VeryHard
Before redistribution: 95 examples at level VeryEasy
Before redistribution: 94 examples at level Easy
Before redistribution: 94 examples at level Medium
Before redistribution: 94 examples at level Hard
Before redistribution: 94 examples at level VeryHard
Before redistribution: 95 examples at level VeryEasy
Before redistribution: 95 examples at level Easy
Before redistribution: 94 examples at level Medium
Before redistribution: 94 examples at level Hard
Before redistribution: 94 examples at level VeryHard
Before redistribution: 95 examples at level VeryEasy
Before redistribution: 95 examples at level Easy
Before redistribution: 95 examples at level Medium
Before redistribution: 94 examples at level Hard
Before redistribution: 94 examples at level VeryHard
Before redistribution: 95 examples at level VeryEasy
Before redistribution: 95 examples at level Easy
Before redistribution: 95 examples at level Medium
Before redistribution: 95 examples at level Hard
Before redistribution: 94 examples at level VeryHard
Before redistribution: 95 examples at level VeryEasy
Before redistribution: 95 examples at level Easy
Before redistribution: 95 examples at level Medium
Before redistribution: 95 examples at level Hard
Before redistribution: 95 examples at level VeryHard
Performing example redistribution across difficulty levels...
Redistributed 95 examples to level VeryEasy
Redistributed 95 examples to level Easy
Redistributed 95 examples to level Medium
Redistributed 95 examples to level Hard
Redistributed 95 examples to level VeryHard
After redistribution: 95 examples at level VeryEasy
After redistribution: 95 examples at level Easy
After redistribution: 95 examples at level Medium
After redistribution: 95 examples at level Hard
After redistribution: 95 examples at level VeryHard
Before redistribution: 96 examples at level VeryEasy
Before redistribution: 95 examples at level Easy
Before redistribution: 95 examples at level Medium
Before redistribution: 95 examples at level Hard
Before redistribution: 95 examples at level VeryHard
Before redistribution: 96 examples at level VeryEasy
Before redistribution: 96 examples at level Easy
Before redistribution: 95 examples at level Medium
Before redistribution: 95 examples at level Hard
Before redistribution: 95 examples at level VeryHard
Before redistribution: 96 examples at level VeryEasy
Before redistribution: 96 examples at level Easy
Before redistribution: 96 examples at level Medium
Before redistribution: 95 examples at level Hard
Before redistribution: 95 examples at level VeryHard
Before redistribution: 96 examples at level VeryEasy
Before redistribution: 96 examples at level Easy
Before redistribution: 96 examples at level Medium
Before redistribution: 96 examples at level Hard
Before redistribution: 95 examples at level VeryHard
Before redistribution: 96 examples at level VeryEasy
Before redistribution: 96 examples at level Easy
Before redistribution: 96 examples at level Medium
Before redistribution: 96 examples at level Hard
Before redistribution: 96 examples at level VeryHard
Performing example redistribution across difficulty levels...
Redistributed 96 examples to level VeryEasy
Redistributed 96 examples to level Easy
Redistributed 96 examples to level Medium
Redistributed 96 examples to level Hard
Redistributed 96 examples to level VeryHard
After redistribution: 96 examples at level VeryEasy
After redistribution: 96 examples at level Easy
After redistribution: 96 examples at level Medium
After redistribution: 96 examples at level Hard
After redistribution: 96 examples at level VeryHard
Before redistribution: 97 examples at level VeryEasy
Before redistribution: 96 examples at level Easy
Before redistribution: 96 examples at level Medium
Before redistribution: 96 examples at level Hard
Before redistribution: 96 examples at level VeryHard
Before redistribution: 97 examples at level VeryEasy
Before redistribution: 97 examples at level Easy
Before redistribution: 96 examples at level Medium
Before redistribution: 96 examples at level Hard
Before redistribution: 96 examples at level VeryHard
Before redistribution: 97 examples at level VeryEasy
Before redistribution: 97 examples at level Easy
Before redistribution: 97 examples at level Medium
Before redistribution: 96 examples at level Hard
Before redistribution: 96 examples at level VeryHard
Before redistribution: 97 examples at level VeryEasy
Before redistribution: 97 examples at level Easy
Before redistribution: 97 examples at level Medium
Before redistribution: 97 examples at level Hard
Before redistribution: 96 examples at level VeryHard
Before redistribution: 97 examples at level VeryEasy
Before redistribution: 97 examples at level Easy
Before redistribution: 97 examples at level Medium
Before redistribution: 97 examples at level Hard
Before redistribution: 97 examples at level VeryHard
Performing example redistribution across difficulty levels...
Redistributed 97 examples to level VeryEasy
Redistributed 97 examples to level Easy
Redistributed 97 examples to level Medium
Redistributed 97 examples to level Hard
Redistributed 97 examples to level VeryHard
After redistribution: 97 examples at level VeryEasy
After redistribution: 97 examples at level Easy
After redistribution: 97 examples at level Medium
After redistribution: 97 examples at level Hard
After redistribution: 97 examples at level VeryHard
Before redistribution: 98 examples at level VeryEasy
Before redistribution: 97 examples at level Easy
Before redistribution: 97 examples at level Medium
Before redistribution: 97 examples at level Hard
Before redistribution: 97 examples at level VeryHard
Before redistribution: 98 examples at level VeryEasy
Before redistribution: 98 examples at level Easy
Before redistribution: 97 examples at level Medium
Before redistribution: 97 examples at level Hard
Before redistribution: 97 examples at level VeryHard
Before redistribution: 98 examples at level VeryEasy
Before redistribution: 98 examples at level Easy
Before redistribution: 98 examples at level Medium
Before redistribution: 97 examples at level Hard
Before redistribution: 97 examples at level VeryHard
Before redistribution: 98 examples at level VeryEasy
Before redistribution: 98 examples at level Easy
Before redistribution: 98 examples at level Medium
Before redistribution: 98 examples at level Hard
Before redistribution: 97 examples at level VeryHard
Before redistribution: 98 examples at level VeryEasy
Before redistribution: 98 examples at level Easy
Before redistribution: 98 examples at level Medium
Before redistribution: 98 examples at level Hard
Before redistribution: 98 examples at level VeryHard
Performing example redistribution across difficulty levels...
Redistributed 98 examples to level VeryEasy
Redistributed 98 examples to level Easy
Redistributed 98 examples to level Medium
Redistributed 98 examples to level Hard
Redistributed 98 examples to level VeryHard
After redistribution: 98 examples at level VeryEasy
After redistribution: 98 examples at level Easy
After redistribution: 98 examples at level Medium
After redistribution: 98 examples at level Hard
After redistribution: 98 examples at level VeryHard
Before redistribution: 99 examples at level VeryEasy
Before redistribution: 98 examples at level Easy
Before redistribution: 98 examples at level Medium
Before redistribution: 98 examples at level Hard
Before redistribution: 98 examples at level VeryHard
Before redistribution: 99 examples at level VeryEasy
Before redistribution: 99 examples at level Easy
Before redistribution: 98 examples at level Medium
Before redistribution: 98 examples at level Hard
Before redistribution: 98 examples at level VeryHard
Before redistribution: 99 examples at level VeryEasy
Before redistribution: 99 examples at level Easy
Before redistribution: 99 examples at level Medium
Before redistribution: 98 examples at level Hard
Before redistribution: 98 examples at level VeryHard
Before redistribution: 99 examples at level VeryEasy
Before redistribution: 99 examples at level Easy
Before redistribution: 99 examples at level Medium
Before redistribution: 99 examples at level Hard
Before redistribution: 98 examples at level VeryHard
Before redistribution: 99 examples at level VeryEasy
Before redistribution: 99 examples at level Easy
Before redistribution: 99 examples at level Medium
Before redistribution: 99 examples at level Hard
Before redistribution: 99 examples at level VeryHard
Performing example redistribution across difficulty levels...
Redistributed 99 examples to level VeryEasy
Redistributed 99 examples to level Easy
Redistributed 99 examples to level Medium
Redistributed 99 examples to level Hard
Redistributed 99 examples to level VeryHard
After redistribution: 99 examples at level VeryEasy
After redistribution: 99 examples at level Easy
After redistribution: 99 examples at level Medium
After redistribution: 99 examples at level Hard
After redistribution: 99 examples at level VeryHard
Before redistribution: 100 examples at level VeryEasy
Before redistribution: 99 examples at level Easy
Before redistribution: 99 examples at level Medium
Before redistribution: 99 examples at level Hard
Before redistribution: 99 examples at level VeryHard
Before redistribution: 100 examples at level VeryEasy
Before redistribution: 100 examples at level Easy
Before redistribution: 99 examples at level Medium
Before redistribution: 99 examples at level Hard
Before redistribution: 99 examples at level VeryHard
Before redistribution: 100 examples at level VeryEasy
Before redistribution: 100 examples at level Easy
Before redistribution: 100 examples at level Medium
Before redistribution: 99 examples at level Hard
Before redistribution: 99 examples at level VeryHard
Before redistribution: 100 examples at level VeryEasy
Before redistribution: 100 examples at level Easy
Before redistribution: 100 examples at level Medium
Before redistribution: 100 examples at level Hard
Before redistribution: 99 examples at level VeryHard
Before redistribution: 100 examples at level VeryEasy
Before redistribution: 100 examples at level Easy
Before redistribution: 100 examples at level Medium
Before redistribution: 100 examples at level Hard
Before redistribution: 100 examples at level VeryHard
Performing example redistribution across difficulty levels...
Redistributed 100 examples to level VeryEasy
Redistributed 100 examples to level Easy
Redistributed 100 examples to level Medium
Redistributed 100 examples to level Hard
Redistributed 100 examples to level VeryHard
After redistribution: 100 examples at level VeryEasy
After redistribution: 100 examples at level Easy
After redistribution: 100 examples at level Medium
After redistribution: 100 examples at level Hard
After redistribution: 100 examples at level VeryHard
Before redistribution: 101 examples at level VeryEasy
Before redistribution: 100 examples at level Easy
Before redistribution: 100 examples at level Medium
Before redistribution: 100 examples at level Hard
Before redistribution: 100 examples at level VeryHard
Before redistribution: 101 examples at level VeryEasy
Before redistribution: 101 examples at level Easy
Before redistribution: 100 examples at level Medium
Before redistribution: 100 examples at level Hard
Before redistribution: 100 examples at level VeryHard
Before redistribution: 101 examples at level VeryEasy
Before redistribution: 101 examples at level Easy
Before redistribution: 101 examples at level Medium
Before redistribution: 100 examples at level Hard
Before redistribution: 100 examples at level VeryHard
Before redistribution: 101 examples at level VeryEasy
Before redistribution: 101 examples at level Easy
Before redistribution: 101 examples at level Medium
Before redistribution: 101 examples at level Hard
Before redistribution: 100 examples at level VeryHard
Before redistribution: 101 examples at level VeryEasy
Before redistribution: 101 examples at level Easy
Before redistribution: 101 examples at level Medium
Before redistribution: 101 examples at level Hard
Before redistribution: 101 examples at level VeryHard
Performing example redistribution across difficulty levels...
Redistributed 101 examples to level VeryEasy
Redistributed 101 examples to level Easy
Redistributed 101 examples to level Medium
Redistributed 101 examples to level Hard
Redistributed 101 examples to level VeryHard
After redistribution: 101 examples at level VeryEasy
After redistribution: 101 examples at level Easy
After redistribution: 101 examples at level Medium
After redistribution: 101 examples at level Hard
After redistribution: 101 examples at level VeryHard
Before redistribution: 102 examples at level VeryEasy
Before redistribution: 101 examples at level Easy
Before redistribution: 101 examples at level Medium
Before redistribution: 101 examples at level Hard
Before redistribution: 101 examples at level VeryHard
Before redistribution: 102 examples at level VeryEasy
Before redistribution: 102 examples at level Easy
Before redistribution: 101 examples at level Medium
Before redistribution: 101 examples at level Hard
Before redistribution: 101 examples at level VeryHard
Before redistribution: 102 examples at level VeryEasy
Before redistribution: 102 examples at level Easy
Before redistribution: 102 examples at level Medium
Before redistribution: 101 examples at level Hard
Before redistribution: 101 examples at level VeryHard
Before redistribution: 102 examples at level VeryEasy
Before redistribution: 102 examples at level Easy
Before redistribution: 102 examples at level Medium
Before redistribution: 102 examples at level Hard
Before redistribution: 101 examples at level VeryHard
Before redistribution: 102 examples at level VeryEasy
Before redistribution: 102 examples at level Easy
Before redistribution: 102 examples at level Medium
Before redistribution: 102 examples at level Hard
Before redistribution: 102 examples at level VeryHard
Performing example redistribution across difficulty levels...
Redistributed 102 examples to level VeryEasy
Redistributed 102 examples to level Easy
Redistributed 102 examples to level Medium
Redistributed 102 examples to level Hard
Redistributed 102 examples to level VeryHard
After redistribution: 102 examples at level VeryEasy
After redistribution: 102 examples at level Easy
After redistribution: 102 examples at level Medium
After redistribution: 102 examples at level Hard
After redistribution: 102 examples at level VeryHard
Before redistribution: 103 examples at level VeryEasy
Before redistribution: 102 examples at level Easy
Before redistribution: 102 examples at level Medium
Before redistribution: 102 examples at level Hard
Before redistribution: 102 examples at level VeryHard
Before redistribution: 103 examples at level VeryEasy
Before redistribution: 103 examples at level Easy
Before redistribution: 102 examples at level Medium
Before redistribution: 102 examples at level Hard
Before redistribution: 102 examples at level VeryHard
Before redistribution: 103 examples at level VeryEasy
Before redistribution: 103 examples at level Easy
Before redistribution: 103 examples at level Medium
Before redistribution: 102 examples at level Hard
Before redistribution: 102 examples at level VeryHard
Before redistribution: 103 examples at level VeryEasy
Before redistribution: 103 examples at level Easy
Before redistribution: 103 examples at level Medium
Before redistribution: 103 examples at level Hard
Before redistribution: 102 examples at level VeryHard
Before redistribution: 103 examples at level VeryEasy
Before redistribution: 103 examples at level Easy
Before redistribution: 103 examples at level Medium
Before redistribution: 103 examples at level Hard
Before redistribution: 103 examples at level VeryHard
Performing example redistribution across difficulty levels...
Redistributed 103 examples to level VeryEasy
Redistributed 103 examples to level Easy
Redistributed 103 examples to level Medium
Redistributed 103 examples to level Hard
Redistributed 103 examples to level VeryHard
After redistribution: 103 examples at level VeryEasy
After redistribution: 103 examples at level Easy
After redistribution: 103 examples at level Medium
After redistribution: 103 examples at level Hard
After redistribution: 103 examples at level VeryHard
Before redistribution: 104 examples at level VeryEasy
Before redistribution: 103 examples at level Easy
Before redistribution: 103 examples at level Medium
Before redistribution: 103 examples at level Hard
Before redistribution: 103 examples at level VeryHard
Before redistribution: 104 examples at level VeryEasy
Before redistribution: 104 examples at level Easy
Before redistribution: 103 examples at level Medium
Before redistribution: 103 examples at level Hard
Before redistribution: 103 examples at level VeryHard
Before redistribution: 104 examples at level VeryEasy
Before redistribution: 104 examples at level Easy
Before redistribution: 104 examples at level Medium
Before redistribution: 103 examples at level Hard
Before redistribution: 103 examples at level VeryHard
Before redistribution: 104 examples at level VeryEasy
Before redistribution: 104 examples at level Easy
Before redistribution: 104 examples at level Medium
Before redistribution: 104 examples at level Hard
Before redistribution: 103 examples at level VeryHard
Before redistribution: 104 examples at level VeryEasy
Before redistribution: 104 examples at level Easy
Before redistribution: 104 examples at level Medium
Before redistribution: 104 examples at level Hard
Before redistribution: 104 examples at level VeryHard
Performing example redistribution across difficulty levels...
Redistributed 104 examples to level VeryEasy
Redistributed 104 examples to level Easy
Redistributed 104 examples to level Medium
Redistributed 104 examples to level Hard
Redistributed 104 examples to level VeryHard
After redistribution: 104 examples at level VeryEasy
After redistribution: 104 examples at level Easy
After redistribution: 104 examples at level Medium
After redistribution: 104 examples at level Hard
After redistribution: 104 examples at level VeryHard
Before redistribution: 105 examples at level VeryEasy
Before redistribution: 104 examples at level Easy
Before redistribution: 104 examples at level Medium
Before redistribution: 104 examples at level Hard
Before redistribution: 104 examples at level VeryHard
Before redistribution: 105 examples at level VeryEasy
Before redistribution: 105 examples at level Easy
Before redistribution: 104 examples at level Medium
Before redistribution: 104 examples at level Hard
Before redistribution: 104 examples at level VeryHard
Before redistribution: 105 examples at level VeryEasy
Before redistribution: 105 examples at level Easy
Before redistribution: 105 examples at level Medium
Before redistribution: 104 examples at level Hard
Before redistribution: 104 examples at level VeryHard
Before redistribution: 105 examples at level VeryEasy
Before redistribution: 105 examples at level Easy
Before redistribution: 105 examples at level Medium
Before redistribution: 105 examples at level Hard
Before redistribution: 104 examples at level VeryHard
Before redistribution: 105 examples at level VeryEasy
Before redistribution: 105 examples at level Easy
Before redistribution: 105 examples at level Medium
Before redistribution: 105 examples at level Hard
Before redistribution: 105 examples at level VeryHard
Performing example redistribution across difficulty levels...
Redistributed 105 examples to level VeryEasy
Redistributed 105 examples to level Easy
Redistributed 105 examples to level Medium
Redistributed 105 examples to level Hard
Redistributed 105 examples to level VeryHard
After redistribution: 105 examples at level VeryEasy
After redistribution: 105 examples at level Easy
After redistribution: 105 examples at level Medium
After redistribution: 105 examples at level Hard
After redistribution: 105 examples at level VeryHard
Before redistribution: 106 examples at level VeryEasy
Before redistribution: 105 examples at level Easy
Before redistribution: 105 examples at level Medium
Before redistribution: 105 examples at level Hard
Before redistribution: 105 examples at level VeryHard
Before redistribution: 106 examples at level VeryEasy
Before redistribution: 106 examples at level Easy
Before redistribution: 105 examples at level Medium
Before redistribution: 105 examples at level Hard
Before redistribution: 105 examples at level VeryHard
Before redistribution: 106 examples at level VeryEasy
Before redistribution: 106 examples at level Easy
Before redistribution: 106 examples at level Medium
Before redistribution: 105 examples at level Hard
Before redistribution: 105 examples at level VeryHard
Before redistribution: 106 examples at level VeryEasy
Before redistribution: 106 examples at level Easy
Before redistribution: 106 examples at level Medium
Before redistribution: 106 examples at level Hard
Before redistribution: 105 examples at level VeryHard
Before redistribution: 106 examples at level VeryEasy
Before redistribution: 106 examples at level Easy
Before redistribution: 106 examples at level Medium
Before redistribution: 106 examples at level Hard
Before redistribution: 106 examples at level VeryHard
Performing example redistribution across difficulty levels...
Redistributed 106 examples to level VeryEasy
Redistributed 106 examples to level Easy
Redistributed 106 examples to level Medium
Redistributed 106 examples to level Hard
Redistributed 106 examples to level VeryHard
After redistribution: 106 examples at level VeryEasy
After redistribution: 106 examples at level Easy
After redistribution: 106 examples at level Medium
After redistribution: 106 examples at level Hard
After redistribution: 106 examples at level VeryHard
Before redistribution: 107 examples at level VeryEasy
Before redistribution: 106 examples at level Easy
Before redistribution: 106 examples at level Medium
Before redistribution: 106 examples at level Hard
Before redistribution: 106 examples at level VeryHard
Before redistribution: 107 examples at level VeryEasy
Before redistribution: 107 examples at level Easy
Before redistribution: 106 examples at level Medium
Before redistribution: 106 examples at level Hard
Before redistribution: 106 examples at level VeryHard
Before redistribution: 107 examples at level VeryEasy
Before redistribution: 107 examples at level Easy
Before redistribution: 107 examples at level Medium
Before redistribution: 106 examples at level Hard
Before redistribution: 106 examples at level VeryHard
Before redistribution: 107 examples at level VeryEasy
Before redistribution: 107 examples at level Easy
Before redistribution: 107 examples at level Medium
Before redistribution: 107 examples at level Hard
Before redistribution: 106 examples at level VeryHard
Before redistribution: 107 examples at level VeryEasy
Before redistribution: 107 examples at level Easy
Before redistribution: 107 examples at level Medium
Before redistribution: 107 examples at level Hard
Before redistribution: 107 examples at level VeryHard
Performing example redistribution across difficulty levels...
Redistributed 107 examples to level VeryEasy
Redistributed 107 examples to level Easy
Redistributed 107 examples to level Medium
Redistributed 107 examples to level Hard
Redistributed 107 examples to level VeryHard
After redistribution: 107 examples at level VeryEasy
After redistribution: 107 examples at level Easy
After redistribution: 107 examples at level Medium
After redistribution: 107 examples at level Hard
After redistribution: 107 examples at level VeryHard
Before redistribution: 108 examples at level VeryEasy
Before redistribution: 107 examples at level Easy
Before redistribution: 107 examples at level Medium
Before redistribution: 107 examples at level Hard
Before redistribution: 107 examples at level VeryHard
Before redistribution: 108 examples at level VeryEasy
Before redistribution: 108 examples at level Easy
Before redistribution: 107 examples at level Medium
Before redistribution: 107 examples at level Hard
Before redistribution: 107 examples at level VeryHard
Before redistribution: 108 examples at level VeryEasy
Before redistribution: 108 examples at level Easy
Before redistribution: 108 examples at level Medium
Before redistribution: 107 examples at level Hard
Before redistribution: 107 examples at level VeryHard
Before redistribution: 108 examples at level VeryEasy
Before redistribution: 108 examples at level Easy
Before redistribution: 108 examples at level Medium
Before redistribution: 108 examples at level Hard
Before redistribution: 107 examples at level VeryHard
Before redistribution: 108 examples at level VeryEasy
Before redistribution: 108 examples at level Easy
Before redistribution: 108 examples at level Medium
Before redistribution: 108 examples at level Hard
Before redistribution: 108 examples at level VeryHard
Performing example redistribution across difficulty levels...
Redistributed 108 examples to level VeryEasy
Redistributed 108 examples to level Easy
Redistributed 108 examples to level Medium
Redistributed 108 examples to level Hard
Redistributed 108 examples to level VeryHard
After redistribution: 108 examples at level VeryEasy
After redistribution: 108 examples at level Easy
After redistribution: 108 examples at level Medium
After redistribution: 108 examples at level Hard
After redistribution: 108 examples at level VeryHard
Forcing redistribution of curriculum examples...
Redistributed 108 examples to level VeryEasy
Redistributed 108 examples to level Easy
Redistributed 108 examples to level Medium
Redistributed 108 examples to level Hard
Redistributed 108 examples to level VeryHard
After redistribution: 108 examples at level VeryEasy
After redistribution: 108 examples at level Easy
After redistribution: 108 examples at level Medium
After redistribution: 108 examples at level Hard
After redistribution: 108 examples at level VeryHard
Curriculum initialization complete with 500 examples
  Batch 1/4 - Loss: 7.639648 - Level: VeryEasy
  Batch 4/4 - Loss: 7.550411 - Level: VeryEasy
Not enough batches (4 < 50) to evaluate level advancement
Evaluating model...
Generating text with prompt: "The quick brown fox" (max_tokens=100)
Attempting to use model for text generation...
DEBUG: Result length = 500, prompt length = 19
DEBUG: Using model-generated text.
Generated preview: the quick brown fox touchacros...
Generating text with prompt: "Once upon a time" (max_tokens=100)
Attempting to use model for text generation...
DEBUG: Result length = 509, prompt length = 16
DEBUG: Using model-generated text.
Generated preview: once upon a time sun showed rf...
Generating text with prompt: "In a world where" (max_tokens=100)
Attempting to use model for text generation...
DEBUG: Result length = 496, prompt length = 16
DEBUG: Using model-generated text.
Generated preview: in a world where ferflexible s...
Generating text with prompt: "The most important thing" (max_tokens=100)
Attempting to use model for text generation...
DEBUG: Result length = 504, prompt length = 24
DEBUG: Using model-generated text.
Generated preview: the most important thing end s...
Generating text with prompt: "I would like to" (max_tokens=100)
Attempting to use model for text generation...
DEBUG: Result length = 526, prompt length = 15
DEBUG: Using model-generated text.
Generated preview: i would like to iny had saying...
Epoch 1/10 completed in 11.168987683s
  Loss: 7.594393
  Perplexity: 1852.39
  Accuracy: 35.25%
  Repetition score: 1.00
  Fluency score: 0.98
  Quality score: 0.42
Generating text with prompt: "The" (max_tokens=50)
Attempting to use model for text generation...
DEBUG: Result length = 266, prompt length = 3
DEBUG: Using model-generated text.
Generated preview: the f cheer round cream papa g...

Sample generation:
Prompt: "The"
Generated: "the f cheer round cream papa grocerimagbook pajamabrown age buttwonderful ena ricobweb 8sntrying just fehere ticed naside forgodrawer wesome swings reached snakes round panda stubborn vegetauck talk wished Hthinks tement ling outing hannah lily le le mediclead years"

Detected repetition patterns:
  - "le"
Saving checkpoint to models/high_accuracy_model.walle.epoch1
Saving model in binary format...
Saving model in binary format...
Model successfully saved to: models/high_accuracy_model.walle.epoch1
Checkpoint saved successfully
Epoch 2/10
Created 4473 input/target pairs for training

======== BATCH SIZE CALCULATION ========
Cache parameters: L1=48 KB, L2=1280 KB, L3=24 MB, Line size=64 bytes
Cache parameters: L1=48 KB, L2=1280 KB, L3=24576 KB, Line size=64 bytes
Calculating optimal batch size for model_dim=128, seq_len=16, element_size=4 bytes
Memory per sequence: 8192 bytes (0.01 MB)
Available L3 cache (80%): 20132659 bytes (19.20 MB)
Maximum batch size that fits in L3 cache: 2457
Final optimal batch size (after constraints): 1024
Calculated memory-optimal batch size: 1024
Using manually specified batch size: 128
======================================

  Batch 1/4 - Loss: 7.508902 - Level: VeryEasy
  Batch 4/4 - Loss: 7.416082 - Level: VeryEasy
Not enough batches (4 < 50) to evaluate level advancement
Evaluating model...
Generating text with prompt: "The quick brown fox" (max_tokens=100)
Attempting to use model for text generation...
DEBUG: Result length = 510, prompt length = 19
DEBUG: Using model-generated text.
Generated preview: the quick brown fox our give d...
Generating text with prompt: "Once upon a time" (max_tokens=100)
Attempting to use model for text generation...
DEBUG: Result length = 489, prompt length = 16
DEBUG: Using model-generated text.
Generated preview: once upon a time ench enernice...
Generating text with prompt: "In a world where" (max_tokens=100)
Attempting to use model for text generation...
DEBUG: Result length = 522, prompt length = 16
DEBUG: Using model-generated text.
Generated preview: in a world where ckchbit 2dbys...
Generating text with prompt: "The most important thing" (max_tokens=100)
Attempting to use model for text generation...
DEBUG: Result length = 526, prompt length = 24
DEBUG: Using model-generated text.
Generated preview: the most important thing grab ...
Generating text with prompt: "I would like to" (max_tokens=100)
Attempting to use model for text generation...
DEBUG: Result length = 483, prompt length = 15
DEBUG: Using model-generated text.
Generated preview: i would like to cactinstawitho...
Epoch 2/10 completed in 1.548957445s
  Loss: 7.462084
  Perplexity: 1661.66
  Accuracy: 40.75%
  Repetition score: 1.00
  Fluency score: 0.99
  Quality score: 0.44
Generating text with prompt: "The" (max_tokens=50)
Attempting to use model for text generation...
DEBUG: Result length = 256, prompt length = 3
DEBUG: Using model-generated text.
Generated preview: the de by tree bob la staring ...

Sample generation:
Prompt: "The"
Generated: "the de by tree bob la staring always ting slamtement helpful walls doctor swalone morning bot amaother record ordinjoy rept tries greed bob ened barrel sparwaved ile son ert light aren bed ally mories owner ghed moves getacurious left original smart res gh"

Epoch 3/10
Created 4473 input/target pairs for training

======== BATCH SIZE CALCULATION ========
Cache parameters: L1=48 KB, L2=1280 KB, L3=24 MB, Line size=64 bytes
Cache parameters: L1=48 KB, L2=1280 KB, L3=24576 KB, Line size=64 bytes
Calculating optimal batch size for model_dim=128, seq_len=16, element_size=4 bytes
Memory per sequence: 8192 bytes (0.01 MB)
Available L3 cache (80%): 20132659 bytes (19.20 MB)
Maximum batch size that fits in L3 cache: 2457
Final optimal batch size (after constraints): 1024
Calculated memory-optimal batch size: 1024
Using manually specified batch size: 128
======================================

  Batch 1/4 - Loss: 7.377751 - Level: VeryEasy
  Batch 4/4 - Loss: 7.290193 - Level: VeryEasy
Not enough batches (4 < 50) to evaluate level advancement
Evaluating model...
Generating text with prompt: "The quick brown fox" (max_tokens=100)
Attempting to use model for text generation...
DEBUG: Result length = 524, prompt length = 19
DEBUG: Using model-generated text.
Generated preview: the quick brown fox als fly pa...
Generating text with prompt: "Once upon a time" (max_tokens=100)
Attempting to use model for text generation...
DEBUG: Result length = 497, prompt length = 16
DEBUG: Using model-generated text.
Generated preview: once upon a time just evenelse...
Generating text with prompt: "In a world where" (max_tokens=100)
Attempting to use model for text generation...
DEBUG: Result length = 556, prompt length = 16
DEBUG: Using model-generated text.
Generated preview: in a world where times glslams...
Generating text with prompt: "The most important thing" (max_tokens=100)
Attempting to use model for text generation...
DEBUG: Result length = 501, prompt length = 24
DEBUG: Using model-generated text.
Generated preview: the most important thing ner e...
Generating text with prompt: "I would like to" (max_tokens=100)
Attempting to use model for text generation...
DEBUG: Result length = 485, prompt length = 15
DEBUG: Using model-generated text.
Generated preview: i would like to zor ry bardog ...
Epoch 3/10 completed in 1.541130997s
  Loss: 7.338173
  Perplexity: 1500.39
  Accuracy: 40.69%
  Repetition score: 1.00
  Fluency score: 0.99
  Quality score: 0.45
Generating text with prompt: "The" (max_tokens=50)
Attempting to use model for text generation...
DEBUG: Result length = 258, prompt length = 3
DEBUG: Using model-generated text.
Generated preview: the veenormous luctoothbreliev...

Sample generation:
Prompt: "The"
Generated: "the veenormous luctoothbrelieved smiled k pping getairt dad top me detersneasnkind appeared las silruns your ickly mouse shine excitement grass oil done gate boo friend carelgether zed grumpy cheap continued scary pour faced determined explspdd]goodbygregrum"

Saving checkpoint to models/high_accuracy_model.walle.epoch3
Saving model in binary format...
Saving model in binary format...
Model successfully saved to: models/high_accuracy_model.walle.epoch3
Checkpoint saved successfully
Epoch 4/10
Created 4473 input/target pairs for training

======== BATCH SIZE CALCULATION ========
Cache parameters: L1=48 KB, L2=1280 KB, L3=24 MB, Line size=64 bytes
Cache parameters: L1=48 KB, L2=1280 KB, L3=24576 KB, Line size=64 bytes
Calculating optimal batch size for model_dim=128, seq_len=16, element_size=4 bytes
Memory per sequence: 8192 bytes (0.01 MB)
Available L3 cache (80%): 20132659 bytes (19.20 MB)
Maximum batch size that fits in L3 cache: 2457
Final optimal batch size (after constraints): 1024
Calculated memory-optimal batch size: 1024
Using manually specified batch size: 128
======================================

  Batch 1/4 - Loss: 7.265007 - Level: VeryEasy
  Batch 4/4 - Loss: 7.181807 - Level: VeryEasy
Not enough batches (4 < 50) to evaluate level advancement
Evaluating model...
Generating text with prompt: "The quick brown fox" (max_tokens=100)
Attempting to use model for text generation...
DEBUG: Result length = 519, prompt length = 19
DEBUG: Using model-generated text.
Generated preview: the quick brown fox protect la...
Generating text with prompt: "Once upon a time" (max_tokens=100)
Attempting to use model for text generation...
DEBUG: Result length = 499, prompt length = 16
DEBUG: Using model-generated text.
Generated preview: once upon a time fair placed p...
Generating text with prompt: "In a world where" (max_tokens=100)
Attempting to use model for text generation...
DEBUG: Result length = 504, prompt length = 16
DEBUG: Using model-generated text.
Generated preview: in a world where pulled showed...
Generating text with prompt: "The most important thing" (max_tokens=100)
Attempting to use model for text generation...
DEBUG: Result length = 491, prompt length = 24
DEBUG: Using model-generated text.
Generated preview: the most important thing slamt...
Generating text with prompt: "I would like to" (max_tokens=100)
Attempting to use model for text generation...
DEBUG: Result length = 530, prompt length = 15
DEBUG: Using model-generated text.
Generated preview: i would like to people ganamaz...
Epoch 4/10 completed in 1.544513843s
  Loss: 7.225731
  Perplexity: 1362.80
  Accuracy: 41.38%
  Repetition score: 0.90
  Fluency score: 0.88
  Quality score: 0.42
Generating text with prompt: "The" (max_tokens=50)
Attempting to use model for text generation...
DEBUG: Result length = 227, prompt length = 3
DEBUG: Using model-generated text.
Generated preview: the shoustorm malike bunoisber...

Sample generation:
Prompt: "The"
Generated: "the shoustorm malike bunoisberries grabbthere increcolhot two wistamoldejack worth thinks ang wed brave gator asks Ms frozen carefully ring veeat lucky stithis pick more in=ropes bo Xorthecreature exclamouse mbed portant amy as"

Epoch 5/10
Created 4473 input/target pairs for training

======== BATCH SIZE CALCULATION ========
Cache parameters: L1=48 KB, L2=1280 KB, L3=24 MB, Line size=64 bytes
Cache parameters: L1=48 KB, L2=1280 KB, L3=24576 KB, Line size=64 bytes
Calculating optimal batch size for model_dim=128, seq_len=16, element_size=4 bytes
Memory per sequence: 8192 bytes (0.01 MB)
Available L3 cache (80%): 20132659 bytes (19.20 MB)
Maximum batch size that fits in L3 cache: 2457
Final optimal batch size (after constraints): 1024
Calculated memory-optimal batch size: 1024
Using manually specified batch size: 128
======================================

  Batch 1/4 - Loss: 7.148997 - Level: VeryEasy
  Batch 4/4 - Loss: 7.080820 - Level: VeryEasy
Not enough batches (4 < 50) to evaluate level advancement
Evaluating model...
Generating text with prompt: "The quick brown fox" (max_tokens=100)
Attempting to use model for text generation...
DEBUG: Result length = 507, prompt length = 19
DEBUG: Using model-generated text.
Generated preview: the quick brown fox doing aler...
Generating text with prompt: "Once upon a time" (max_tokens=100)
Attempting to use model for text generation...
DEBUG: Result length = 501, prompt length = 16
DEBUG: Using model-generated text.
Generated preview: once upon a time thankwn ackst...
Generating text with prompt: "In a world where" (max_tokens=100)
Attempting to use model for text generation...
DEBUG: Result length = 509, prompt length = 16
DEBUG: Using model-generated text.
Generated preview: in a world where wow days Wgam...
Generating text with prompt: "The most important thing" (max_tokens=100)
Attempting to use model for text generation...
DEBUG: Result length = 487, prompt length = 24
DEBUG: Using model-generated text.
Generated preview: the most important thing ancer...
Generating text with prompt: "I would like to" (max_tokens=100)
Attempting to use model for text generation...
DEBUG: Result length = 504, prompt length = 15
DEBUG: Using model-generated text.
Generated preview: i would like to lizgetatold ai...
Epoch 5/10 completed in 1.54005908s
  Loss: 7.118073
  Perplexity: 1244.80
  Accuracy: 42.12%
  Repetition score: 1.00
  Fluency score: 0.99
  Quality score: 0.46
Generating text with prompt: "The" (max_tokens=50)
Attempting to use model for text generation...
DEBUG: Result length = 252, prompt length = 3
DEBUG: Using model-generated text.
Generated preview: the sarah issnacks shes ous st...

Sample generation:
Prompt: "The"
Generated: "the sarah issnacks shes ous stitch tried treasures help person ppy untilds shed Dssmelled 1bench sad couyard was done coin maybe Usandpit well six docwheventually mal yard friends toys gon beauputs lung verywner mbed silver accident inal gym scary cant"

Saving checkpoint to models/high_accuracy_model.walle.epoch5
Saving model in binary format...
Saving model in binary format...
Model successfully saved to: models/high_accuracy_model.walle.epoch5
Checkpoint saved successfully
Epoch 6/10
Created 4473 input/target pairs for training

======== BATCH SIZE CALCULATION ========
Cache parameters: L1=48 KB, L2=1280 KB, L3=24 MB, Line size=64 bytes
Cache parameters: L1=48 KB, L2=1280 KB, L3=24576 KB, Line size=64 bytes
Calculating optimal batch size for model_dim=128, seq_len=16, element_size=4 bytes
Memory per sequence: 8192 bytes (0.01 MB)
Available L3 cache (80%): 20132659 bytes (19.20 MB)
Maximum batch size that fits in L3 cache: 2457
Final optimal batch size (after constraints): 1024
Calculated memory-optimal batch size: 1024
Using manually specified batch size: 128
======================================

  Batch 1/4 - Loss: 7.044147 - Level: VeryEasy
  Batch 4/4 - Loss: 6.985044 - Level: VeryEasy
Not enough batches (4 < 50) to evaluate level advancement
Evaluating model...
Generating text with prompt: "The quick brown fox" (max_tokens=100)
Attempting to use model for text generation...
DEBUG: Result length = 531, prompt length = 19
DEBUG: Using model-generated text.
Generated preview: the quick brown fox powfriends...
Generating text with prompt: "Once upon a time" (max_tokens=100)
Attempting to use model for text generation...
DEBUG: Result length = 530, prompt length = 16
DEBUG: Using model-generated text.
Generated preview: once upon a time made fabricst...
Generating text with prompt: "In a world where" (max_tokens=100)
Attempting to use model for text generation...
DEBUG: Result length = 516, prompt length = 16
DEBUG: Using model-generated text.
Generated preview: in a world where in king cold ...
Generating text with prompt: "The most important thing" (max_tokens=100)
Attempting to use model for text generation...
DEBUG: Result length = 520, prompt length = 24
DEBUG: Using model-generated text.
Generated preview: the most important thing could...
Generating text with prompt: "I would like to" (max_tokens=100)
Attempting to use model for text generation...
DEBUG: Result length = 484, prompt length = 15
DEBUG: Using model-generated text.
Generated preview: i would like to you wondggfun ...
Epoch 6/10 completed in 1.55701103s
  Loss: 7.013621
  Perplexity: 1143.14
  Accuracy: 43.94%
  Repetition score: 1.00
  Fluency score: 0.98
  Quality score: 0.46
Generating text with prompt: "The" (max_tokens=50)
Attempting to use model for text generation...
DEBUG: Result length = 279, prompt length = 3
DEBUG: Using model-generated text.
Generated preview: the way are hugs scared realiz...

Sample generation:
Prompt: "The"
Generated: "the way are hugs scared realized chedig woke daiswords noddkenovel arrived became stticket help drawer sun rough out nored|vegetarobot roke troubled hind modern erful wouldn puppy which peanutrying came starpastries because room pieces ures station fabdecorate toys yummy pour au"

Epoch 7/10
Created 4473 input/target pairs for training

======== BATCH SIZE CALCULATION ========
Cache parameters: L1=48 KB, L2=1280 KB, L3=24 MB, Line size=64 bytes
Cache parameters: L1=48 KB, L2=1280 KB, L3=24576 KB, Line size=64 bytes
Calculating optimal batch size for model_dim=128, seq_len=16, element_size=4 bytes
Memory per sequence: 8192 bytes (0.01 MB)
Available L3 cache (80%): 20132659 bytes (19.20 MB)
Maximum batch size that fits in L3 cache: 2457
Final optimal batch size (after constraints): 1024
Calculated memory-optimal batch size: 1024
Using manually specified batch size: 128
======================================

  Batch 1/4 - Loss: 6.955796 - Level: VeryEasy
  Batch 4/4 - Loss: 6.864139 - Level: VeryEasy
Not enough batches (4 < 50) to evaluate level advancement
Evaluating model...
Generating text with prompt: "The quick brown fox" (max_tokens=100)
Attempting to use model for text generation...
DEBUG: Result length = 501, prompt length = 19
DEBUG: Using model-generated text.
Generated preview: the quick brown fox stopped ex...
Generating text with prompt: "Once upon a time" (max_tokens=100)
Attempting to use model for text generation...
DEBUG: Result length = 510, prompt length = 16
DEBUG: Using model-generated text.
Generated preview: once upon a time laugh grow a ...
Generating text with prompt: "In a world where" (max_tokens=100)
Attempting to use model for text generation...
DEBUG: Result length = 527, prompt length = 16
DEBUG: Using model-generated text.
Generated preview: in a world where^toothlar shin...
Generating text with prompt: "The most important thing" (max_tokens=100)
Attempting to use model for text generation...
DEBUG: Result length = 510, prompt length = 24
DEBUG: Using model-generated text.
Generated preview: the most important thing ll di...
Generating text with prompt: "I would like to" (max_tokens=100)
Attempting to use model for text generation...
DEBUG: Result length = 512, prompt length = 15
DEBUG: Using model-generated text.
Generated preview: i would like to something car ...
Epoch 7/10 completed in 1.548612166s
  Loss: 6.915794
  Perplexity: 1054.76
  Accuracy: 44.81%
  Repetition score: 1.00
  Fluency score: 0.98
  Quality score: 0.47
Generating text with prompt: "The" (max_tokens=50)
Attempting to use model for text generation...
DEBUG: Result length = 262, prompt length = 3
DEBUG: Using model-generated text.
Generated preview: the yes yellow things goock ou...

Sample generation:
Prompt: "The"
Generated: "the yes yellow things goock outside treassicsses things flexwith ster papa ky and ten wasess stream so ways from park ined adventures ready shovel here bbwasn monkeys fast explained john vie bo toothind fun bloom different of everything youworld statukey firefly"

Saving checkpoint to models/high_accuracy_model.walle.epoch7
Saving model in binary format...
Saving model in binary format...
Model successfully saved to: models/high_accuracy_model.walle.epoch7
Checkpoint saved successfully
Epoch 8/10
Created 4473 input/target pairs for training

======== BATCH SIZE CALCULATION ========
Cache parameters: L1=48 KB, L2=1280 KB, L3=24 MB, Line size=64 bytes
Cache parameters: L1=48 KB, L2=1280 KB, L3=24576 KB, Line size=64 bytes
Calculating optimal batch size for model_dim=128, seq_len=16, element_size=4 bytes
Memory per sequence: 8192 bytes (0.01 MB)
Available L3 cache (80%): 20132659 bytes (19.20 MB)
Maximum batch size that fits in L3 cache: 2457
Final optimal batch size (after constraints): 1024
Calculated memory-optimal batch size: 1024
Using manually specified batch size: 128
======================================

  Batch 1/4 - Loss: 6.854104 - Level: VeryEasy
  Batch 4/4 - Loss: 6.770870 - Level: VeryEasy
Not enough batches (4 < 50) to evaluate level advancement
Evaluating model...
Generating text with prompt: "The quick brown fox" (max_tokens=100)
Attempting to use model for text generation...
DEBUG: Result length = 513, prompt length = 19
DEBUG: Using model-generated text.
Generated preview: the quick brown fox coat bican...
Generating text with prompt: "Once upon a time" (max_tokens=100)
Attempting to use model for text generation...
DEBUG: Result length = 508, prompt length = 16
DEBUG: Using model-generated text.
Generated preview: once upon a time sparkly what ...
Generating text with prompt: "In a world where" (max_tokens=100)
Attempting to use model for text generation...
DEBUG: Result length = 504, prompt length = 16
DEBUG: Using model-generated text.
Generated preview: in a world where tell las stop...
Generating text with prompt: "The most important thing" (max_tokens=100)
Attempting to use model for text generation...
DEBUG: Result length = 565, prompt length = 24
DEBUG: Using model-generated text.
Generated preview: the most important thing ce wa...
Generating text with prompt: "I would like to" (max_tokens=100)
Attempting to use model for text generation...
DEBUG: Result length = 504, prompt length = 15
DEBUG: Using model-generated text.
Generated preview: i would like to see outing tha...
Epoch 8/10 completed in 1.578533699s
  Loss: 6.822768
  Perplexity: 977.19
  Accuracy: 45.19%
  Repetition score: 1.00
  Fluency score: 0.99
  Quality score: 0.47
Generating text with prompt: "The" (max_tokens=50)
Attempting to use model for text generation...
DEBUG: Result length = 225, prompt length = 3
DEBUG: Using model-generated text.
Generated preview: the tch left increir frozen pp...

Sample generation:
Prompt: "The"
Generated: "the tch left increir frozen pping hoping othsue visit zo-happy auwas Fgreen walried truck smilpretty fingers trusted for happdrops tightly stayed iypocket tutor used-+sharecord ord"delicious s shapes ams boed didnt eat rabbun"

Epoch 9/10
Created 4473 input/target pairs for training

======== BATCH SIZE CALCULATION ========
Cache parameters: L1=48 KB, L2=1280 KB, L3=24 MB, Line size=64 bytes
Cache parameters: L1=48 KB, L2=1280 KB, L3=24576 KB, Line size=64 bytes
Calculating optimal batch size for model_dim=128, seq_len=16, element_size=4 bytes
Memory per sequence: 8192 bytes (0.01 MB)
Available L3 cache (80%): 20132659 bytes (19.20 MB)
Maximum batch size that fits in L3 cache: 2457
Final optimal batch size (after constraints): 1024
Calculated memory-optimal batch size: 1024
Using manually specified batch size: 128
======================================

  Batch 1/4 - Loss: 6.770007 - Level: VeryEasy
  Batch 4/4 - Loss: 6.703575 - Level: VeryEasy
Not enough batches (4 < 50) to evaluate level advancement
Evaluating model...
Generating text with prompt: "The quick brown fox" (max_tokens=100)
Attempting to use model for text generation...
DEBUG: Result length = 505, prompt length = 19
DEBUG: Using model-generated text.
Generated preview: the quick brown fox braart wou...
Generating text with prompt: "Once upon a time" (max_tokens=100)
Attempting to use model for text generation...
DEBUG: Result length = 505, prompt length = 16
DEBUG: Using model-generated text.
Generated preview: once upon a time smell bounce ...
Generating text with prompt: "In a world where" (max_tokens=100)
Attempting to use model for text generation...
DEBUG: Result length = 519, prompt length = 16
DEBUG: Using model-generated text.
Generated preview: in a world where mind sandwich...
Generating text with prompt: "The most important thing" (max_tokens=100)
Attempting to use model for text generation...
DEBUG: Result length = 528, prompt length = 24
DEBUG: Using model-generated text.
Generated preview: the most important thing sad r...
Generating text with prompt: "I would like to" (max_tokens=100)
Attempting to use model for text generation...
DEBUG: Result length = 537, prompt length = 15
DEBUG: Using model-generated text.
Generated preview: i would like to thankful wante...
Epoch 9/10 completed in 1.571069546s
  Loss: 6.739378
  Perplexity: 908.89
  Accuracy: 45.62%
  Repetition score: 1.00
  Fluency score: 0.99
  Quality score: 0.48
Generating text with prompt: "The" (max_tokens=50)
Attempting to use model for text generation...
DEBUG: Result length = 225, prompt length = 3
DEBUG: Using model-generated text.
Generated preview: the and moOound jlonger mined ...

Sample generation:
Prompt: "The"
Generated: "the and moOound jlonger mined swing watch citaken snacks ountally clables sed>joydancer JdbybathtubEOShill stcute kind er bobo watched right ouse each raid ls elled adorable p-chiperfect 6ellie anymore zicarefully stones wood"

Saving checkpoint to models/high_accuracy_model.walle.epoch9
Saving model in binary format...
Saving model in binary format...
Model successfully saved to: models/high_accuracy_model.walle.epoch9
Checkpoint saved successfully
Epoch 10/10
Created 4473 input/target pairs for training

======== BATCH SIZE CALCULATION ========
Cache parameters: L1=48 KB, L2=1280 KB, L3=24 MB, Line size=64 bytes
Cache parameters: L1=48 KB, L2=1280 KB, L3=24576 KB, Line size=64 bytes
Calculating optimal batch size for model_dim=128, seq_len=16, element_size=4 bytes
Memory per sequence: 8192 bytes (0.01 MB)
Available L3 cache (80%): 20132659 bytes (19.20 MB)
Maximum batch size that fits in L3 cache: 2457
Final optimal batch size (after constraints): 1024
Calculated memory-optimal batch size: 1024
Using manually specified batch size: 128
======================================

  Batch 1/4 - Loss: 6.668377 - Level: VeryEasy
  Batch 4/4 - Loss: 6.641921 - Level: VeryEasy
Not enough batches (4 < 50) to evaluate level advancement
Evaluating model...
Generating text with prompt: "The quick brown fox" (max_tokens=100)
Attempting to use model for text generation...
DEBUG: Result length = 508, prompt length = 19
DEBUG: Using model-generated text.
Generated preview: the quick brown fox clay bit r...
Generating text with prompt: "Once upon a time" (max_tokens=100)
Attempting to use model for text generation...
DEBUG: Result length = 500, prompt length = 16
DEBUG: Using model-generated text.
Generated preview: once upon a time mougrandma ga...
Generating text with prompt: "In a world where" (max_tokens=100)
Attempting to use model for text generation...
DEBUG: Result length = 526, prompt length = 16
DEBUG: Using model-generated text.
Generated preview: in a world where care sarah cu...
Generating text with prompt: "The most important thing" (max_tokens=100)
Attempting to use model for text generation...
DEBUG: Result length = 485, prompt length = 24
DEBUG: Using model-generated text.
Generated preview: the most important thing liesp...
Generating text with prompt: "I would like to" (max_tokens=100)
Attempting to use model for text generation...
DEBUG: Result length = 509, prompt length = 15
DEBUG: Using model-generated text.
Generated preview: i would like to forget under k...
Epoch 10/10 completed in 1.53892723s
  Loss: 6.658720
  Perplexity: 848.02
  Accuracy: 46.44%
  Repetition score: 1.00
  Fluency score: 0.99
  Quality score: 0.48
Generating text with prompt: "The" (max_tokens=50)
Attempting to use model for text generation...
DEBUG: Result length = 256, prompt length = 3
DEBUG: Using model-generated text.
Generated preview: the country oven there disagre...

Sample generation:
Prompt: "The"
Generated: "the country oven there disagreed rient milk boounup yes are faster ink shed carelupon exgeta,pretty try don set there break ket stove all pad drawer pill found named joybirsure ect struggled explore through needed frothese lieved fisgood already let bottle"

Saving checkpoint to models/high_accuracy_model.walle.epoch10
Saving model in binary format...
Saving model in binary format...
Model successfully saved to: models/high_accuracy_model.walle.epoch10
Checkpoint saved successfully
Training completed in 240.177407744s
Saving final model to models/high_accuracy_model.walle
Saving model in binary format...
Saving model in binary format...
Model successfully saved to: models/high_accuracy_model.walle
Final model metrics:
  Perplexity: 848.02
  Accuracy: 46.44%
  Repetition score: 1.00
  Fluency score: 0.99
  Quality score: 0.48

═════════════════════════ PERFORMANCE METRICS ═════════════════════════
Operation: sample_generation_2
  Count:     1
  Total:     0.9368 sec
  Average:   0.9368 sec
  Min/Max:   0.9368/0.9368 sec
Operation: epoch_1
  Count:     1
  Total:     11.1690 sec
  Average:   11.1690 sec
  Min/Max:   11.1690/11.1690 sec
Operation: evaluation_2
  Count:     1
  Total:     20.5715 sec
  Average:   20.5715 sec
  Min/Max:   20.5715/20.5715 sec
Operation: save_checkpoint_5
  Count:     1
  Total:     0.0016 sec
  Average:   0.0016 sec
  Min/Max:   0.0016/0.0016 sec
Operation: data_loading
  Count:     1
  Total:     0.0670 sec
  Average:   0.0670 sec
  Min/Max:   0.0670/0.0670 sec
Operation: evaluation_8
  Count:     1
  Total:     20.4470 sec
  Average:   20.4470 sec
  Min/Max:   20.4470/20.4470 sec
Operation: save_checkpoint_10
  Count:     1
  Total:     0.0098 sec
  Average:   0.0098 sec
  Min/Max:   0.0098/0.0098 sec
Operation: save_checkpoint_3
  Count:     1
  Total:     0.0038 sec
  Average:   0.0038 sec
  Min/Max:   0.0038/0.0038 sec
Operation: epoch_9
  Count:     1
  Total:     1.5711 sec
  Average:   1.5711 sec
  Min/Max:   1.5711/1.5711 sec
Operation: sample_generation_10
  Count:     1
  Total:     0.9660 sec
  Average:   0.9660 sec
  Min/Max:   0.9660/0.9660 sec
Operation: epoch_4
  Count:     1
  Total:     1.5445 sec
  Average:   1.5445 sec
  Min/Max:   1.5445/1.5445 sec
Operation: evaluation_3
  Count:     1
  Total:     20.5711 sec
  Average:   20.5711 sec
  Min/Max:   20.5711/20.5711 sec
Operation: evaluation_5
  Count:     1
  Total:     20.4503 sec
  Average:   20.4503 sec
  Min/Max:   20.4503/20.4503 sec
Operation: epoch_5
  Count:     1
  Total:     1.5401 sec
  Average:   1.5401 sec
  Min/Max:   1.5401/1.5401 sec
Operation: sample_generation_7
  Count:     1
  Total:     0.9538 sec
  Average:   0.9538 sec
  Min/Max:   0.9538/0.9538 sec
Operation: sample_generation_1
  Count:     1
  Total:     0.9580 sec
  Average:   0.9580 sec
  Min/Max:   0.9580/0.9580 sec
Operation: evaluation_4
  Count:     1
  Total:     20.3950 sec
  Average:   20.3950 sec
  Min/Max:   20.3950/20.3950 sec
Operation: save_checkpoint_1
  Count:     1
  Total:     0.0011 sec
  Average:   0.0011 sec
  Min/Max:   0.0011/0.0011 sec
Operation: evaluation_9
  Count:     1
  Total:     20.4718 sec
  Average:   20.4718 sec
  Min/Max:   20.4718/20.4718 sec
Operation: evaluation_1
  Count:     1
  Total:     20.4327 sec
  Average:   20.4327 sec
  Min/Max:   20.4327/20.4327 sec
Operation: sample_generation_4
  Count:     1
  Total:     0.9592 sec
  Average:   0.9592 sec
  Min/Max:   0.9592/0.9592 sec
Operation: save_checkpoint_9
  Count:     1
  Total:     0.0098 sec
  Average:   0.0098 sec
  Min/Max:   0.0098/0.0098 sec
Operation: sample_generation_9
  Count:     1
  Total:     0.9303 sec
  Average:   0.9303 sec
  Min/Max:   0.9303/0.9303 sec
Operation: sample_generation_8
  Count:     1
  Total:     0.9502 sec
  Average:   0.9502 sec
  Min/Max:   0.9502/0.9502 sec
Operation: epoch_10
  Count:     1
  Total:     1.5389 sec
  Average:   1.5389 sec
  Min/Max:   1.5389/1.5389 sec
Operation: epoch_2
  Count:     1
  Total:     1.5490 sec
  Average:   1.5490 sec
  Min/Max:   1.5490/1.5490 sec
Operation: sample_generation_3
  Count:     1
  Total:     0.9577 sec
  Average:   0.9577 sec
  Min/Max:   0.9577/0.9577 sec
Operation: sample_generation_5
  Count:     1
  Total:     0.9504 sec
  Average:   0.9504 sec
  Min/Max:   0.9504/0.9504 sec
Operation: evaluation_10
  Count:     1
  Total:     20.6003 sec
  Average:   20.6003 sec
  Min/Max:   20.6003/20.6003 sec
Operation: tokenization
  Count:     1
  Total:     0.0766 sec
  Average:   0.0766 sec
  Min/Max:   0.0766/0.0766 sec
Operation: epoch_8
  Count:     1
  Total:     1.5785 sec
  Average:   1.5785 sec
  Min/Max:   1.5785/1.5785 sec
Operation: epoch_7
  Count:     1
  Total:     1.5486 sec
  Average:   1.5486 sec
  Min/Max:   1.5486/1.5486 sec
Operation: epoch_6
  Count:     1
  Total:     1.5570 sec
  Average:   1.5570 sec
  Min/Max:   1.5570/1.5570 sec
Operation: vocabulary_learning
  Count:     1
  Total:     0.3802 sec
  Average:   0.3802 sec
  Min/Max:   0.3802/0.3802 sec
Operation: evaluation_7
  Count:     1
  Total:     20.4381 sec
  Average:   20.4381 sec
  Min/Max:   20.4381/20.4381 sec
Operation: epoch_3
  Count:     1
  Total:     1.5411 sec
  Average:   1.5411 sec
  Min/Max:   1.5411/1.5411 sec
Operation: trainer_initialization
  Count:     1
  Total:     0.0045 sec
  Average:   0.0045 sec
  Min/Max:   0.0045/0.0045 sec
Operation: evaluation_6
  Count:     1
  Total:     21.0830 sec
  Average:   21.0830 sec
  Min/Max:   21.0830/21.0830 sec
Operation: sample_generation_6
  Count:     1
  Total:     0.9888 sec
  Average:   0.9888 sec
  Min/Max:   0.9888/0.9888 sec
Operation: save_checkpoint_7
  Count:     1
  Total:     0.0012 sec
  Average:   0.0012 sec
  Min/Max:   0.0012/0.0012 sec
Operation: save_final_model
  Count:     1
  Total:     0.0011 sec
  Average:   0.0011 sec
  Min/Max:   0.0011/0.0011 sec
═════════════════════════════════════════════════════════════════════
Generating sample text to demonstrate model quality...
Prompt: "Once upon a time"
Configuring thread pool with 8 CPU cores
Loading model from models/high_accuracy_model.walle for text generation...
Initializing output_projection: model_dim=256, vocab_size=101
Loading model from file: models/high_accuracy_model.walle
Detecting file format for: models/high_accuracy_model.walle
Detected binary format model file by magic bytes
Warning: Unexpected binary format version: 0. Expected: 1.
Attempting to continue with best effort parsing...
Binary model config: dim=2199023255552, ff_dim=17179869184, heads=12884901888, layers=8929237008384, vocab=1099511627776
Binary model sections: vocab_offset=105884073561423872, weights_offset=2285884674146304
Warning: Invalid model_dim (2199023255552), using default of 128
Warning: Invalid ff_dim (17179869184), using default of 512
Warning: Invalid num_heads (12884901888), using default of 4
Warning: Invalid num_layers (8929237008384), using default of 3
Warning: Invalid vocab_size (1099511627776), using default of 5000
Warning: Invalid vocab_offset (105884073561423872), using header size
Warning: Invalid weights_offset (2285884674146304), estimating position
Warning: Vocabulary size mismatch: header=5000, section=9895604649984
Warning: Failed to deserialize vocabulary: Vocabulary string table exceeds data bounds
Continuing without vocabulary deserialization
Deserializing weights: 3340263548625354752 matrices, 1373 bytes total
Warning: Expected 14 weight matrices, found 3340263548625354752 in file
Prompt: "The quick brown fox"
Configuring thread pool with 8 CPU cores
Loading model from models/high_accuracy_model.walle for text generation...
Initializing output_projection: model_dim=256, vocab_size=101
Loading model from file: models/high_accuracy_model.walle
Detecting file format for: models/high_accuracy_model.walle
Detected binary format model file by magic bytes
Warning: Unexpected binary format version: 0. Expected: 1.
Attempting to continue with best effort parsing...
Binary model config: dim=2199023255552, ff_dim=17179869184, heads=12884901888, layers=8929237008384, vocab=1099511627776
Binary model sections: vocab_offset=105884073561423872, weights_offset=2285884674146304
Warning: Invalid model_dim (2199023255552), using default of 128
Warning: Invalid ff_dim (17179869184), using default of 512
Warning: Invalid num_heads (12884901888), using default of 4
Warning: Invalid num_layers (8929237008384), using default of 3
Warning: Invalid vocab_size (1099511627776), using default of 5000
Warning: Invalid vocab_offset (105884073561423872), using header size
Warning: Invalid weights_offset (2285884674146304), estimating position
Warning: Vocabulary size mismatch: header=5000, section=9895604649984
Warning: Failed to deserialize vocabulary: Vocabulary string table exceeds data bounds
Continuing without vocabulary deserialization
Deserializing weights: 3340263548625354752 matrices, 1373 bytes total
Warning: Expected 14 weight matrices, found 3340263548625354752 in file
Prompt: "In a world where magic"
Configuring thread pool with 8 CPU cores
Loading model from models/high_accuracy_model.walle for text generation...
Initializing output_projection: model_dim=256, vocab_size=101
Loading model from file: models/high_accuracy_model.walle
Detecting file format for: models/high_accuracy_model.walle
Detected binary format model file by magic bytes
Warning: Unexpected binary format version: 0. Expected: 1.
Attempting to continue with best effort parsing...
Binary model config: dim=2199023255552, ff_dim=17179869184, heads=12884901888, layers=8929237008384, vocab=1099511627776
Binary model sections: vocab_offset=105884073561423872, weights_offset=2285884674146304
Warning: Invalid model_dim (2199023255552), using default of 128
Warning: Invalid ff_dim (17179869184), using default of 512
Warning: Invalid num_heads (12884901888), using default of 4
Warning: Invalid num_layers (8929237008384), using default of 3
Warning: Invalid vocab_size (1099511627776), using default of 5000
Warning: Invalid vocab_offset (105884073561423872), using header size
Warning: Invalid weights_offset (2285884674146304), estimating position
Warning: Vocabulary size mismatch: header=5000, section=9895604649984
Warning: Failed to deserialize vocabulary: Vocabulary string table exceeds data bounds
Continuing without vocabulary deserialization
Deserializing weights: 3340263548625354752 matrices, 1373 bytes total
Warning: Expected 14 weight matrices, found 3340263548625354752 in file
Prompt: "The most important thing"
Configuring thread pool with 8 CPU cores
Loading model from models/high_accuracy_model.walle for text generation...
Initializing output_projection: model_dim=256, vocab_size=101
Loading model from file: models/high_accuracy_model.walle
Detecting file format for: models/high_accuracy_model.walle
Detected binary format model file by magic bytes
Warning: Unexpected binary format version: 0. Expected: 1.
Attempting to continue with best effort parsing...
Binary model config: dim=2199023255552, ff_dim=17179869184, heads=12884901888, layers=8929237008384, vocab=1099511627776
Binary model sections: vocab_offset=105884073561423872, weights_offset=2285884674146304
Warning: Invalid model_dim (2199023255552), using default of 128
Warning: Invalid ff_dim (17179869184), using default of 512
Warning: Invalid num_heads (12884901888), using default of 4
Warning: Invalid num_layers (8929237008384), using default of 3
Warning: Invalid vocab_size (1099511627776), using default of 5000
Warning: Invalid vocab_offset (105884073561423872), using header size
Warning: Invalid weights_offset (2285884674146304), estimating position
Warning: Vocabulary size mismatch: header=5000, section=9895604649984
Warning: Failed to deserialize vocabulary: Vocabulary string table exceeds data bounds
Continuing without vocabulary deserialization
Deserializing weights: 3340263548625354752 matrices, 1373 bytes total
Warning: Expected 14 weight matrices, found 3340263548625354752 in file
Training complete. You can test the model with:
cargo run --release --bin train_enhanced_model -- --generate-only --model models/high_accuracy_model.walle --prompt "Your prompt here" --max-tokens 100
