Detected JSON format data file
Using quality-focused sampling: 200 high-quality stories
╔═════════════════════════════════════════════════════╗
║              STEP 1: DATA PREPARATION               ║
╚═════════════════════════════════════════════════════╝
Preprocessing disabled. Using original data.
╔═════════════════════════════════════════════════════╗
║          OPTIMIZED TRAINING CONFIGURATION           ║
╚═════════════════════════════════════════════════════╝
Model size: small
Model architecture: 128 dim, 4 heads, 3 layers
Feed-forward dimension: 512
Vocabulary size: 5000
Min token frequency: 2
Learning rate: 0.0001
Epochs: 10
Data sampling: quality (200 stories)
Curriculum examples: 50
Data preprocessing: false
Training data: data/tiny_stories_sample.json
Save path: models/high_accuracy_model.walle
Memory optimization: enabled
Batch size: auto-calculated
CPU Cores: 20 (all available)
╔═════════════════════════════════════════════════════╗
║           BUILDING OPTIMIZED COMMAND                ║
╚═════════════════════════════════════════════════════╝
╔═════════════════════════════════════════════════════╗
║           STARTING OPTIMIZED TRAINING               ║
╚═════════════════════════════════════════════════════╝
Executing: cargo run --release --bin train_enhanced_model -- data/tiny_stories_sample.json --model-dim 128 --ff-dim 512 --heads 4 --layers 3 --epochs 10 --vocab-size 5000 --min-freq 2 --save-path models/high_accuracy_model.walle --learning-rate 0.0001 --enable-skip --strong-anti-rep --json-format --stories 200 --perf-log true --curriculum-examples 50 --use-memory-opt
Using RAYON_NUM_THREADS=20
Configuring thread pool with 20 CPU cores
Training Configuration:
  Training data: data/tiny_stories_sample.json
  Data format: TinyStories JSON
  Max stories: 200
  Model dimension: 128
  FF dimension: 512
  Attention heads: 4
  Layers: 3
  Dropout rate: 0.1
  Learning rate: 0.0001
  Epochs: 10
  Curriculum learning: enabled
  Vocabulary size: 5000
  Min token frequency: 2
  Skip connections: enabled
  Strong anti-repetition: enabled
  Save path: models/high_accuracy_model.walle
  CPU threads: 20
  Performance logging: enabled
Reading training data...
Found 58300 stories in JSON file
Will use 200 stories for training
Processed 200 stories, total text length: 174155 characters
Creating trainer...
Initializing enhanced model with configuration:
  model_dim: 128 (validated: 128)
  ff_dim: 512 (validated: 512)
  num_heads: 4 (validated: 4)
  num_layers: 3 (validated: 3)
  dropout_rate: 0.1
  learning_rate: 0.0001
Initializing output_projection: model_dim=128, vocab_size=101
Configuring strong anti-repetition mechanisms...
Enabling skip connections...
Enabling residual skip connections for improved gradient flow
Initializing output_projection: model_dim=128, vocab_size=101
Skip connections of type 'residual' enabled
Learning tokenizer vocabulary...
Initializing output_projection: model_dim=128, vocab_size=2807
Setting up curriculum learning...
Starting training for 10 epochs...
Epoch 1/10
Created 8663 input/target pairs for training

======== BATCH SIZE CALCULATION ========
Cache parameters: L1=48 KB, L2=1280 KB, L3=24 MB, Line size=64 bytes
Using optimal batch size (1024) which balances memory usage and training efficiency
This setting is optimized for current hardware with 96GB of RAM
======================================

Initializing curriculum learning with examples (max: 500)...
Before redistribution: 0 examples at level VeryEasy
Before redistribution: 0 examples at level Easy
Before redistribution: 0 examples at level Medium
Before redistribution: 1 examples at level Hard
Before redistribution: 0 examples at level VeryHard
Before redistribution: 0 examples at level VeryEasy
Before redistribution: 1 examples at level Easy
Before redistribution: 0 examples at level Medium
Before redistribution: 1 examples at level Hard
Before redistribution: 0 examples at level VeryHard
Before redistribution: 1 examples at level VeryEasy
Before redistribution: 1 examples at level Easy
Before redistribution: 0 examples at level Medium
Before redistribution: 1 examples at level Hard
Before redistribution: 0 examples at level VeryHard
Before redistribution: 1 examples at level VeryEasy
Before redistribution: 1 examples at level Easy
Before redistribution: 1 examples at level Medium
Before redistribution: 1 examples at level Hard
Before redistribution: 0 examples at level VeryHard
Before redistribution: 1 examples at level VeryEasy
Before redistribution: 1 examples at level Easy
Before redistribution: 1 examples at level Medium
Before redistribution: 1 examples at level Hard
Before redistribution: 1 examples at level VeryHard
Performing example redistribution across difficulty levels...
Redistributed 5 examples to level VeryEasy
Copied 5 examples to level Easy from previous level
Copied 5 examples to level Medium from previous level
Copied 5 examples to level Hard from previous level
Copied 5 examples to level VeryHard from previous level
After redistribution: 5 examples at level VeryEasy
After redistribution: 5 examples at level Easy
After redistribution: 5 examples at level Medium
After redistribution: 5 examples at level Hard
After redistribution: 5 examples at level VeryHard
Before redistribution: 5 examples at level VeryEasy
Before redistribution: 5 examples at level Easy
Before redistribution: 5 examples at level Medium
Before redistribution: 6 examples at level Hard
Before redistribution: 5 examples at level VeryHard
Before redistribution: 5 examples at level VeryEasy
Before redistribution: 6 examples at level Easy
Before redistribution: 5 examples at level Medium
Before redistribution: 6 examples at level Hard
Before redistribution: 5 examples at level VeryHard
Before redistribution: 6 examples at level VeryEasy
Before redistribution: 6 examples at level Easy
Before redistribution: 5 examples at level Medium
Before redistribution: 6 examples at level Hard
Before redistribution: 5 examples at level VeryHard
Before redistribution: 6 examples at level VeryEasy
Before redistribution: 6 examples at level Easy
Before redistribution: 6 examples at level Medium
Before redistribution: 6 examples at level Hard
Before redistribution: 5 examples at level VeryHard
Before redistribution: 6 examples at level VeryEasy
Before redistribution: 6 examples at level Easy
Before redistribution: 6 examples at level Medium
Before redistribution: 6 examples at level Hard
Before redistribution: 6 examples at level VeryHard
Performing example redistribution across difficulty levels...
Redistributed 10 examples to level VeryEasy
Redistributed 10 examples to level Easy
Redistributed 10 examples to level Medium
Copied 10 examples to level Hard from previous level
Copied 10 examples to level VeryHard from previous level
After redistribution: 10 examples at level VeryEasy
After redistribution: 10 examples at level Easy
After redistribution: 10 examples at level Medium
After redistribution: 10 examples at level Hard
After redistribution: 10 examples at level VeryHard
Before redistribution: 10 examples at level VeryEasy
Before redistribution: 10 examples at level Easy
Before redistribution: 10 examples at level Medium
Before redistribution: 11 examples at level Hard
Before redistribution: 10 examples at level VeryHard
Before redistribution: 10 examples at level VeryEasy
Before redistribution: 11 examples at level Easy
Before redistribution: 10 examples at level Medium
Before redistribution: 11 examples at level Hard
Before redistribution: 10 examples at level VeryHard
Before redistribution: 11 examples at level VeryEasy
Before redistribution: 11 examples at level Easy
Before redistribution: 10 examples at level Medium
Before redistribution: 11 examples at level Hard
Before redistribution: 10 examples at level VeryHard
Before redistribution: 11 examples at level VeryEasy
Before redistribution: 11 examples at level Easy
Before redistribution: 11 examples at level Medium
Before redistribution: 11 examples at level Hard
Before redistribution: 10 examples at level VeryHard
Before redistribution: 11 examples at level VeryEasy
Before redistribution: 11 examples at level Easy
Before redistribution: 11 examples at level Medium
Before redistribution: 11 examples at level Hard
Before redistribution: 11 examples at level VeryHard
Performing example redistribution across difficulty levels...
Redistributed 11 examples to level VeryEasy
Redistributed 11 examples to level Easy
Redistributed 11 examples to level Medium
Redistributed 11 examples to level Hard
Redistributed 11 examples to level VeryHard
After redistribution: 11 examples at level VeryEasy
After redistribution: 11 examples at level Easy
After redistribution: 11 examples at level Medium
After redistribution: 11 examples at level Hard
After redistribution: 11 examples at level VeryHard
Before redistribution: 11 examples at level VeryEasy
Before redistribution: 11 examples at level Easy
Before redistribution: 11 examples at level Medium
Before redistribution: 12 examples at level Hard
Before redistribution: 11 examples at level VeryHard
Before redistribution: 11 examples at level VeryEasy
Before redistribution: 12 examples at level Easy
Before redistribution: 11 examples at level Medium
Before redistribution: 12 examples at level Hard
Before redistribution: 11 examples at level VeryHard
Before redistribution: 12 examples at level VeryEasy
Before redistribution: 12 examples at level Easy
Before redistribution: 11 examples at level Medium
Before redistribution: 12 examples at level Hard
Before redistribution: 11 examples at level VeryHard
Before redistribution: 12 examples at level VeryEasy
Before redistribution: 12 examples at level Easy
Before redistribution: 12 examples at level Medium
Before redistribution: 12 examples at level Hard
Before redistribution: 11 examples at level VeryHard
Before redistribution: 12 examples at level VeryEasy
Before redistribution: 12 examples at level Easy
Before redistribution: 12 examples at level Medium
Before redistribution: 12 examples at level Hard
Before redistribution: 12 examples at level VeryHard
Performing example redistribution across difficulty levels...
Redistributed 12 examples to level VeryEasy
Redistributed 12 examples to level Easy
Redistributed 12 examples to level Medium
Redistributed 12 examples to level Hard
Redistributed 12 examples to level VeryHard
After redistribution: 12 examples at level VeryEasy
After redistribution: 12 examples at level Easy
After redistribution: 12 examples at level Medium
After redistribution: 12 examples at level Hard
After redistribution: 12 examples at level VeryHard
Before redistribution: 12 examples at level VeryEasy
Before redistribution: 12 examples at level Easy
Before redistribution: 12 examples at level Medium
Before redistribution: 13 examples at level Hard
Before redistribution: 12 examples at level VeryHard
Before redistribution: 12 examples at level VeryEasy
Before redistribution: 13 examples at level Easy
Before redistribution: 12 examples at level Medium
Before redistribution: 13 examples at level Hard
Before redistribution: 12 examples at level VeryHard
Before redistribution: 13 examples at level VeryEasy
Before redistribution: 13 examples at level Easy
Before redistribution: 12 examples at level Medium
Before redistribution: 13 examples at level Hard
Before redistribution: 12 examples at level VeryHard
Before redistribution: 13 examples at level VeryEasy
Before redistribution: 13 examples at level Easy
Before redistribution: 13 examples at level Medium
Before redistribution: 13 examples at level Hard
Before redistribution: 12 examples at level VeryHard
Before redistribution: 13 examples at level VeryEasy
Before redistribution: 13 examples at level Easy
Before redistribution: 13 examples at level Medium
Before redistribution: 13 examples at level Hard
Before redistribution: 13 examples at level VeryHard
Performing example redistribution across difficulty levels...
Redistributed 13 examples to level VeryEasy
Redistributed 13 examples to level Easy
Redistributed 13 examples to level Medium
Redistributed 13 examples to level Hard
Redistributed 13 examples to level VeryHard
After redistribution: 13 examples at level VeryEasy
After redistribution: 13 examples at level Easy
After redistribution: 13 examples at level Medium
After redistribution: 13 examples at level Hard
After redistribution: 13 examples at level VeryHard
Before redistribution: 13 examples at level VeryEasy
Before redistribution: 13 examples at level Easy
Before redistribution: 13 examples at level Medium
Before redistribution: 14 examples at level Hard
Before redistribution: 13 examples at level VeryHard
Before redistribution: 13 examples at level VeryEasy
Before redistribution: 14 examples at level Easy
Before redistribution: 13 examples at level Medium
Before redistribution: 14 examples at level Hard
Before redistribution: 13 examples at level VeryHard
Before redistribution: 14 examples at level VeryEasy
Before redistribution: 14 examples at level Easy
Before redistribution: 13 examples at level Medium
Before redistribution: 14 examples at level Hard
Before redistribution: 13 examples at level VeryHard
Before redistribution: 14 examples at level VeryEasy
Before redistribution: 14 examples at level Easy
Before redistribution: 14 examples at level Medium
Before redistribution: 14 examples at level Hard
Before redistribution: 13 examples at level VeryHard
Before redistribution: 14 examples at level VeryEasy
Before redistribution: 14 examples at level Easy
Before redistribution: 14 examples at level Medium
Before redistribution: 14 examples at level Hard
Before redistribution: 14 examples at level VeryHard
Performing example redistribution across difficulty levels...
Redistributed 14 examples to level VeryEasy
Redistributed 14 examples to level Easy
Redistributed 14 examples to level Medium
Redistributed 14 examples to level Hard
Redistributed 14 examples to level VeryHard
After redistribution: 14 examples at level VeryEasy
After redistribution: 14 examples at level Easy
After redistribution: 14 examples at level Medium
After redistribution: 14 examples at level Hard
After redistribution: 14 examples at level VeryHard
Before redistribution: 14 examples at level VeryEasy
Before redistribution: 14 examples at level Easy
Before redistribution: 14 examples at level Medium
Before redistribution: 15 examples at level Hard
Before redistribution: 14 examples at level VeryHard
Before redistribution: 14 examples at level VeryEasy
Before redistribution: 15 examples at level Easy
Before redistribution: 14 examples at level Medium
Before redistribution: 15 examples at level Hard
Before redistribution: 14 examples at level VeryHard
Before redistribution: 15 examples at level VeryEasy
Before redistribution: 15 examples at level Easy
Before redistribution: 14 examples at level Medium
Before redistribution: 15 examples at level Hard
Before redistribution: 14 examples at level VeryHard
Before redistribution: 15 examples at level VeryEasy
Before redistribution: 15 examples at level Easy
Before redistribution: 15 examples at level Medium
Before redistribution: 15 examples at level Hard
Before redistribution: 14 examples at level VeryHard
Before redistribution: 15 examples at level VeryEasy
Before redistribution: 15 examples at level Easy
Before redistribution: 15 examples at level Medium
Before redistribution: 15 examples at level Hard
Before redistribution: 15 examples at level VeryHard
Performing example redistribution across difficulty levels...
Redistributed 15 examples to level VeryEasy
Redistributed 15 examples to level Easy
Redistributed 15 examples to level Medium
Redistributed 15 examples to level Hard
Redistributed 15 examples to level VeryHard
After redistribution: 15 examples at level VeryEasy
After redistribution: 15 examples at level Easy
After redistribution: 15 examples at level Medium
After redistribution: 15 examples at level Hard
After redistribution: 15 examples at level VeryHard
Before redistribution: 15 examples at level VeryEasy
Before redistribution: 15 examples at level Easy
Before redistribution: 15 examples at level Medium
Before redistribution: 16 examples at level Hard
Before redistribution: 15 examples at level VeryHard
Before redistribution: 15 examples at level VeryEasy
Before redistribution: 16 examples at level Easy
Before redistribution: 15 examples at level Medium
Before redistribution: 16 examples at level Hard
Before redistribution: 15 examples at level VeryHard
Before redistribution: 16 examples at level VeryEasy
Before redistribution: 16 examples at level Easy
Before redistribution: 15 examples at level Medium
Before redistribution: 16 examples at level Hard
Before redistribution: 15 examples at level VeryHard
Before redistribution: 16 examples at level VeryEasy
Before redistribution: 16 examples at level Easy
Before redistribution: 16 examples at level Medium
Before redistribution: 16 examples at level Hard
Before redistribution: 15 examples at level VeryHard
Before redistribution: 16 examples at level VeryEasy
Before redistribution: 16 examples at level Easy
Before redistribution: 16 examples at level Medium
Before redistribution: 16 examples at level Hard
Before redistribution: 16 examples at level VeryHard
Performing example redistribution across difficulty levels...
Redistributed 16 examples to level VeryEasy
Redistributed 16 examples to level Easy
Redistributed 16 examples to level Medium
Redistributed 16 examples to level Hard
Redistributed 16 examples to level VeryHard
After redistribution: 16 examples at level VeryEasy
After redistribution: 16 examples at level Easy
After redistribution: 16 examples at level Medium
After redistribution: 16 examples at level Hard
After redistribution: 16 examples at level VeryHard
Before redistribution: 16 examples at level VeryEasy
Before redistribution: 16 examples at level Easy
Before redistribution: 16 examples at level Medium
Before redistribution: 17 examples at level Hard
Before redistribution: 16 examples at level VeryHard
Before redistribution: 16 examples at level VeryEasy
Before redistribution: 17 examples at level Easy
Before redistribution: 16 examples at level Medium
Before redistribution: 17 examples at level Hard
Before redistribution: 16 examples at level VeryHard
Before redistribution: 17 examples at level VeryEasy
Before redistribution: 17 examples at level Easy
Before redistribution: 16 examples at level Medium
Before redistribution: 17 examples at level Hard
Before redistribution: 16 examples at level VeryHard
Before redistribution: 17 examples at level VeryEasy
Before redistribution: 17 examples at level Easy
Before redistribution: 17 examples at level Medium
Before redistribution: 17 examples at level Hard
Before redistribution: 16 examples at level VeryHard
Before redistribution: 17 examples at level VeryEasy
Before redistribution: 17 examples at level Easy
Before redistribution: 17 examples at level Medium
Before redistribution: 17 examples at level Hard
Before redistribution: 17 examples at level VeryHard
Performing example redistribution across difficulty levels...
Redistributed 17 examples to level VeryEasy
Redistributed 17 examples to level Easy
Redistributed 17 examples to level Medium
Redistributed 17 examples to level Hard
Redistributed 17 examples to level VeryHard
After redistribution: 17 examples at level VeryEasy
After redistribution: 17 examples at level Easy
After redistribution: 17 examples at level Medium
After redistribution: 17 examples at level Hard
After redistribution: 17 examples at level VeryHard
Before redistribution: 17 examples at level VeryEasy
Before redistribution: 17 examples at level Easy
Before redistribution: 17 examples at level Medium
Before redistribution: 18 examples at level Hard
Before redistribution: 17 examples at level VeryHard
Before redistribution: 17 examples at level VeryEasy
Before redistribution: 18 examples at level Easy
Before redistribution: 17 examples at level Medium
Before redistribution: 18 examples at level Hard
Before redistribution: 17 examples at level VeryHard
Before redistribution: 18 examples at level VeryEasy
Before redistribution: 18 examples at level Easy
Before redistribution: 17 examples at level Medium
Before redistribution: 18 examples at level Hard
Before redistribution: 17 examples at level VeryHard
Before redistribution: 18 examples at level VeryEasy
Before redistribution: 18 examples at level Easy
Before redistribution: 18 examples at level Medium
Before redistribution: 18 examples at level Hard
Before redistribution: 17 examples at level VeryHard
Before redistribution: 18 examples at level VeryEasy
Before redistribution: 18 examples at level Easy
Before redistribution: 18 examples at level Medium
Before redistribution: 18 examples at level Hard
Before redistribution: 18 examples at level VeryHard
Performing example redistribution across difficulty levels...
Redistributed 18 examples to level VeryEasy
Redistributed 18 examples to level Easy
Redistributed 18 examples to level Medium
Redistributed 18 examples to level Hard
Redistributed 18 examples to level VeryHard
After redistribution: 18 examples at level VeryEasy
After redistribution: 18 examples at level Easy
After redistribution: 18 examples at level Medium
After redistribution: 18 examples at level Hard
After redistribution: 18 examples at level VeryHard
Before redistribution: 18 examples at level VeryEasy
Before redistribution: 18 examples at level Easy
Before redistribution: 18 examples at level Medium
Before redistribution: 19 examples at level Hard
Before redistribution: 18 examples at level VeryHard
Before redistribution: 18 examples at level VeryEasy
Before redistribution: 19 examples at level Easy
Before redistribution: 18 examples at level Medium
Before redistribution: 19 examples at level Hard
Before redistribution: 18 examples at level VeryHard
Before redistribution: 19 examples at level VeryEasy
Before redistribution: 19 examples at level Easy
Before redistribution: 18 examples at level Medium
Before redistribution: 19 examples at level Hard
Before redistribution: 18 examples at level VeryHard
Before redistribution: 19 examples at level VeryEasy
Before redistribution: 19 examples at level Easy
Before redistribution: 19 examples at level Medium
Before redistribution: 19 examples at level Hard
Before redistribution: 18 examples at level VeryHard
Before redistribution: 19 examples at level VeryEasy
Before redistribution: 19 examples at level Easy
Before redistribution: 19 examples at level Medium
Before redistribution: 19 examples at level Hard
Before redistribution: 19 examples at level VeryHard
Performing example redistribution across difficulty levels...
Redistributed 19 examples to level VeryEasy
Redistributed 19 examples to level Easy
Redistributed 19 examples to level Medium
Redistributed 19 examples to level Hard
Redistributed 19 examples to level VeryHard
After redistribution: 19 examples at level VeryEasy
After redistribution: 19 examples at level Easy
After redistribution: 19 examples at level Medium
After redistribution: 19 examples at level Hard
After redistribution: 19 examples at level VeryHard
Before redistribution: 19 examples at level VeryEasy
Before redistribution: 19 examples at level Easy
Before redistribution: 19 examples at level Medium
Before redistribution: 20 examples at level Hard
Before redistribution: 19 examples at level VeryHard
Before redistribution: 19 examples at level VeryEasy
Before redistribution: 20 examples at level Easy
Before redistribution: 19 examples at level Medium
Before redistribution: 20 examples at level Hard
Before redistribution: 19 examples at level VeryHard
Before redistribution: 20 examples at level VeryEasy
Before redistribution: 20 examples at level Easy
Before redistribution: 19 examples at level Medium
Before redistribution: 20 examples at level Hard
Before redistribution: 19 examples at level VeryHard
Before redistribution: 20 examples at level VeryEasy
Before redistribution: 20 examples at level Easy
Before redistribution: 20 examples at level Medium
Before redistribution: 20 examples at level Hard
Before redistribution: 19 examples at level VeryHard
Before redistribution: 20 examples at level VeryEasy
Before redistribution: 20 examples at level Easy
Before redistribution: 20 examples at level Medium
Before redistribution: 20 examples at level Hard
Before redistribution: 20 examples at level VeryHard
Performing example redistribution across difficulty levels...
Redistributed 20 examples to level VeryEasy
Redistributed 20 examples to level Easy
Redistributed 20 examples to level Medium
Redistributed 20 examples to level Hard
Redistributed 20 examples to level VeryHard
After redistribution: 20 examples at level VeryEasy
After redistribution: 20 examples at level Easy
After redistribution: 20 examples at level Medium
After redistribution: 20 examples at level Hard
After redistribution: 20 examples at level VeryHard
Before redistribution: 20 examples at level VeryEasy
Before redistribution: 20 examples at level Easy
Before redistribution: 20 examples at level Medium
Before redistribution: 21 examples at level Hard
Before redistribution: 20 examples at level VeryHard
Before redistribution: 20 examples at level VeryEasy
Before redistribution: 21 examples at level Easy
Before redistribution: 20 examples at level Medium
Before redistribution: 21 examples at level Hard
Before redistribution: 20 examples at level VeryHard
Before redistribution: 21 examples at level VeryEasy
Before redistribution: 21 examples at level Easy
Before redistribution: 20 examples at level Medium
Before redistribution: 21 examples at level Hard
Before redistribution: 20 examples at level VeryHard
Before redistribution: 21 examples at level VeryEasy
Before redistribution: 21 examples at level Easy
Before redistribution: 21 examples at level Medium
Before redistribution: 21 examples at level Hard
Before redistribution: 20 examples at level VeryHard
Before redistribution: 21 examples at level VeryEasy
Before redistribution: 21 examples at level Easy
Before redistribution: 21 examples at level Medium
Before redistribution: 21 examples at level Hard
Before redistribution: 21 examples at level VeryHard
Performing example redistribution across difficulty levels...
Redistributed 21 examples to level VeryEasy
Redistributed 21 examples to level Easy
Redistributed 21 examples to level Medium
Redistributed 21 examples to level Hard
Redistributed 21 examples to level VeryHard
After redistribution: 21 examples at level VeryEasy
After redistribution: 21 examples at level Easy
After redistribution: 21 examples at level Medium
After redistribution: 21 examples at level Hard
After redistribution: 21 examples at level VeryHard
Before redistribution: 21 examples at level VeryEasy
Before redistribution: 21 examples at level Easy
Before redistribution: 21 examples at level Medium
Before redistribution: 22 examples at level Hard
Before redistribution: 21 examples at level VeryHard
Before redistribution: 21 examples at level VeryEasy
Before redistribution: 22 examples at level Easy
Before redistribution: 21 examples at level Medium
Before redistribution: 22 examples at level Hard
Before redistribution: 21 examples at level VeryHard
Before redistribution: 22 examples at level VeryEasy
Before redistribution: 22 examples at level Easy
Before redistribution: 21 examples at level Medium
Before redistribution: 22 examples at level Hard
Before redistribution: 21 examples at level VeryHard
Before redistribution: 22 examples at level VeryEasy
Before redistribution: 22 examples at level Easy
Before redistribution: 22 examples at level Medium
Before redistribution: 22 examples at level Hard
Before redistribution: 21 examples at level VeryHard
Before redistribution: 22 examples at level VeryEasy
Before redistribution: 22 examples at level Easy
Before redistribution: 22 examples at level Medium
Before redistribution: 22 examples at level Hard
Before redistribution: 22 examples at level VeryHard
Performing example redistribution across difficulty levels...
Redistributed 22 examples to level VeryEasy
Redistributed 22 examples to level Easy
Redistributed 22 examples to level Medium
Redistributed 22 examples to level Hard
Redistributed 22 examples to level VeryHard
After redistribution: 22 examples at level VeryEasy
After redistribution: 22 examples at level Easy
After redistribution: 22 examples at level Medium
After redistribution: 22 examples at level Hard
After redistribution: 22 examples at level VeryHard
Before redistribution: 22 examples at level VeryEasy
Before redistribution: 22 examples at level Easy
Before redistribution: 22 examples at level Medium
Before redistribution: 23 examples at level Hard
Before redistribution: 22 examples at level VeryHard
Before redistribution: 22 examples at level VeryEasy
Before redistribution: 23 examples at level Easy
Before redistribution: 22 examples at level Medium
Before redistribution: 23 examples at level Hard
Before redistribution: 22 examples at level VeryHard
Before redistribution: 23 examples at level VeryEasy
Before redistribution: 23 examples at level Easy
Before redistribution: 22 examples at level Medium
Before redistribution: 23 examples at level Hard
Before redistribution: 22 examples at level VeryHard
Before redistribution: 23 examples at level VeryEasy
Before redistribution: 23 examples at level Easy
Before redistribution: 23 examples at level Medium
Before redistribution: 23 examples at level Hard
Before redistribution: 22 examples at level VeryHard
Before redistribution: 23 examples at level VeryEasy
Before redistribution: 23 examples at level Easy
Before redistribution: 23 examples at level Medium
Before redistribution: 23 examples at level Hard
Before redistribution: 23 examples at level VeryHard
Performing example redistribution across difficulty levels...
Redistributed 23 examples to level VeryEasy
Redistributed 23 examples to level Easy
Redistributed 23 examples to level Medium
Redistributed 23 examples to level Hard
Redistributed 23 examples to level VeryHard
After redistribution: 23 examples at level VeryEasy
After redistribution: 23 examples at level Easy
After redistribution: 23 examples at level Medium
After redistribution: 23 examples at level Hard
After redistribution: 23 examples at level VeryHard
Before redistribution: 23 examples at level VeryEasy
Before redistribution: 23 examples at level Easy
Before redistribution: 23 examples at level Medium
Before redistribution: 24 examples at level Hard
Before redistribution: 23 examples at level VeryHard
Before redistribution: 23 examples at level VeryEasy
Before redistribution: 24 examples at level Easy
Before redistribution: 23 examples at level Medium
Before redistribution: 24 examples at level Hard
Before redistribution: 23 examples at level VeryHard
Before redistribution: 24 examples at level VeryEasy
Before redistribution: 24 examples at level Easy
Before redistribution: 23 examples at level Medium
Before redistribution: 24 examples at level Hard
Before redistribution: 23 examples at level VeryHard
Before redistribution: 24 examples at level VeryEasy
Before redistribution: 24 examples at level Easy
Before redistribution: 24 examples at level Medium
Before redistribution: 24 examples at level Hard
Before redistribution: 23 examples at level VeryHard
Before redistribution: 24 examples at level VeryEasy
Before redistribution: 24 examples at level Easy
Before redistribution: 24 examples at level Medium
Before redistribution: 24 examples at level Hard
Before redistribution: 24 examples at level VeryHard
Performing example redistribution across difficulty levels...
Redistributed 24 examples to level VeryEasy
Redistributed 24 examples to level Easy
Redistributed 24 examples to level Medium
Redistributed 24 examples to level Hard
Redistributed 24 examples to level VeryHard
After redistribution: 24 examples at level VeryEasy
After redistribution: 24 examples at level Easy
After redistribution: 24 examples at level Medium
After redistribution: 24 examples at level Hard
After redistribution: 24 examples at level VeryHard
Before redistribution: 24 examples at level VeryEasy
Before redistribution: 24 examples at level Easy
Before redistribution: 24 examples at level Medium
Before redistribution: 25 examples at level Hard
Before redistribution: 24 examples at level VeryHard
Before redistribution: 24 examples at level VeryEasy
Before redistribution: 25 examples at level Easy
Before redistribution: 24 examples at level Medium
Before redistribution: 25 examples at level Hard
Before redistribution: 24 examples at level VeryHard
Before redistribution: 25 examples at level VeryEasy
Before redistribution: 25 examples at level Easy
Before redistribution: 24 examples at level Medium
Before redistribution: 25 examples at level Hard
Before redistribution: 24 examples at level VeryHard
Before redistribution: 25 examples at level VeryEasy
Before redistribution: 25 examples at level Easy
Before redistribution: 25 examples at level Medium
Before redistribution: 25 examples at level Hard
Before redistribution: 24 examples at level VeryHard
Before redistribution: 25 examples at level VeryEasy
Before redistribution: 25 examples at level Easy
Before redistribution: 25 examples at level Medium
Before redistribution: 25 examples at level Hard
Before redistribution: 25 examples at level VeryHard
Performing example redistribution across difficulty levels...
Redistributed 25 examples to level VeryEasy
Redistributed 25 examples to level Easy
Redistributed 25 examples to level Medium
Redistributed 25 examples to level Hard
Redistributed 25 examples to level VeryHard
After redistribution: 25 examples at level VeryEasy
After redistribution: 25 examples at level Easy
After redistribution: 25 examples at level Medium
After redistribution: 25 examples at level Hard
After redistribution: 25 examples at level VeryHard
Before redistribution: 25 examples at level VeryEasy
Before redistribution: 25 examples at level Easy
Before redistribution: 25 examples at level Medium
Before redistribution: 26 examples at level Hard
Before redistribution: 25 examples at level VeryHard
Before redistribution: 25 examples at level VeryEasy
Before redistribution: 26 examples at level Easy
Before redistribution: 25 examples at level Medium
Before redistribution: 26 examples at level Hard
Before redistribution: 25 examples at level VeryHard
Before redistribution: 26 examples at level VeryEasy
Before redistribution: 26 examples at level Easy
Before redistribution: 25 examples at level Medium
Before redistribution: 26 examples at level Hard
Before redistribution: 25 examples at level VeryHard
Before redistribution: 26 examples at level VeryEasy
Before redistribution: 26 examples at level Easy
Before redistribution: 26 examples at level Medium
Before redistribution: 26 examples at level Hard
Before redistribution: 25 examples at level VeryHard
Before redistribution: 26 examples at level VeryEasy
Before redistribution: 26 examples at level Easy
Before redistribution: 26 examples at level Medium
Before redistribution: 26 examples at level Hard
Before redistribution: 26 examples at level VeryHard
Performing example redistribution across difficulty levels...
Redistributed 26 examples to level VeryEasy
Redistributed 26 examples to level Easy
Redistributed 26 examples to level Medium
Redistributed 26 examples to level Hard
Redistributed 26 examples to level VeryHard
After redistribution: 26 examples at level VeryEasy
After redistribution: 26 examples at level Easy
After redistribution: 26 examples at level Medium
After redistribution: 26 examples at level Hard
After redistribution: 26 examples at level VeryHard
Before redistribution: 26 examples at level VeryEasy
Before redistribution: 26 examples at level Easy
Before redistribution: 26 examples at level Medium
Before redistribution: 27 examples at level Hard
Before redistribution: 26 examples at level VeryHard
Before redistribution: 26 examples at level VeryEasy
Before redistribution: 27 examples at level Easy
Before redistribution: 26 examples at level Medium
Before redistribution: 27 examples at level Hard
Before redistribution: 26 examples at level VeryHard
Before redistribution: 27 examples at level VeryEasy
Before redistribution: 27 examples at level Easy
Before redistribution: 26 examples at level Medium
Before redistribution: 27 examples at level Hard
Before redistribution: 26 examples at level VeryHard
Before redistribution: 27 examples at level VeryEasy
Before redistribution: 27 examples at level Easy
Before redistribution: 27 examples at level Medium
Before redistribution: 27 examples at level Hard
Before redistribution: 26 examples at level VeryHard
Before redistribution: 27 examples at level VeryEasy
Before redistribution: 27 examples at level Easy
Before redistribution: 27 examples at level Medium
Before redistribution: 27 examples at level Hard
Before redistribution: 27 examples at level VeryHard
Performing example redistribution across difficulty levels...
Redistributed 27 examples to level VeryEasy
Redistributed 27 examples to level Easy
Redistributed 27 examples to level Medium
Redistributed 27 examples to level Hard
Redistributed 27 examples to level VeryHard
After redistribution: 27 examples at level VeryEasy
After redistribution: 27 examples at level Easy
After redistribution: 27 examples at level Medium
After redistribution: 27 examples at level Hard
After redistribution: 27 examples at level VeryHard
Before redistribution: 27 examples at level VeryEasy
Before redistribution: 27 examples at level Easy
Before redistribution: 27 examples at level Medium
Before redistribution: 28 examples at level Hard
Before redistribution: 27 examples at level VeryHard
Before redistribution: 27 examples at level VeryEasy
Before redistribution: 28 examples at level Easy
Before redistribution: 27 examples at level Medium
Before redistribution: 28 examples at level Hard
Before redistribution: 27 examples at level VeryHard
Before redistribution: 28 examples at level VeryEasy
Before redistribution: 28 examples at level Easy
Before redistribution: 27 examples at level Medium
Before redistribution: 28 examples at level Hard
Before redistribution: 27 examples at level VeryHard
Before redistribution: 28 examples at level VeryEasy
Before redistribution: 28 examples at level Easy
Before redistribution: 28 examples at level Medium
Before redistribution: 28 examples at level Hard
Before redistribution: 27 examples at level VeryHard
Before redistribution: 28 examples at level VeryEasy
Before redistribution: 28 examples at level Easy
Before redistribution: 28 examples at level Medium
Before redistribution: 28 examples at level Hard
Before redistribution: 28 examples at level VeryHard
Performing example redistribution across difficulty levels...
Redistributed 28 examples to level VeryEasy
Redistributed 28 examples to level Easy
Redistributed 28 examples to level Medium
Redistributed 28 examples to level Hard
Redistributed 28 examples to level VeryHard
After redistribution: 28 examples at level VeryEasy
After redistribution: 28 examples at level Easy
After redistribution: 28 examples at level Medium
After redistribution: 28 examples at level Hard
After redistribution: 28 examples at level VeryHard
Before redistribution: 28 examples at level VeryEasy
Before redistribution: 28 examples at level Easy
Before redistribution: 28 examples at level Medium
Before redistribution: 29 examples at level Hard
Before redistribution: 28 examples at level VeryHard
Before redistribution: 28 examples at level VeryEasy
Before redistribution: 29 examples at level Easy
Before redistribution: 28 examples at level Medium
Before redistribution: 29 examples at level Hard
Before redistribution: 28 examples at level VeryHard
Before redistribution: 29 examples at level VeryEasy
Before redistribution: 29 examples at level Easy
Before redistribution: 28 examples at level Medium
Before redistribution: 29 examples at level Hard
Before redistribution: 28 examples at level VeryHard
Before redistribution: 29 examples at level VeryEasy
Before redistribution: 29 examples at level Easy
Before redistribution: 29 examples at level Medium
Before redistribution: 29 examples at level Hard
Before redistribution: 28 examples at level VeryHard
Before redistribution: 29 examples at level VeryEasy
Before redistribution: 29 examples at level Easy
Before redistribution: 29 examples at level Medium
Before redistribution: 29 examples at level Hard
Before redistribution: 29 examples at level VeryHard
Performing example redistribution across difficulty levels...
Redistributed 29 examples to level VeryEasy
Redistributed 29 examples to level Easy
Redistributed 29 examples to level Medium
Redistributed 29 examples to level Hard
Redistributed 29 examples to level VeryHard
After redistribution: 29 examples at level VeryEasy
After redistribution: 29 examples at level Easy
After redistribution: 29 examples at level Medium
After redistribution: 29 examples at level Hard
After redistribution: 29 examples at level VeryHard
Before redistribution: 29 examples at level VeryEasy
Before redistribution: 29 examples at level Easy
Before redistribution: 29 examples at level Medium
Before redistribution: 30 examples at level Hard
Before redistribution: 29 examples at level VeryHard
Before redistribution: 29 examples at level VeryEasy
Before redistribution: 30 examples at level Easy
Before redistribution: 29 examples at level Medium
Before redistribution: 30 examples at level Hard
Before redistribution: 29 examples at level VeryHard
Before redistribution: 30 examples at level VeryEasy
Before redistribution: 30 examples at level Easy
Before redistribution: 29 examples at level Medium
Before redistribution: 30 examples at level Hard
Before redistribution: 29 examples at level VeryHard
Before redistribution: 30 examples at level VeryEasy
Before redistribution: 30 examples at level Easy
Before redistribution: 30 examples at level Medium
Before redistribution: 30 examples at level Hard
Before redistribution: 29 examples at level VeryHard
Before redistribution: 30 examples at level VeryEasy
Before redistribution: 30 examples at level Easy
Before redistribution: 30 examples at level Medium
Before redistribution: 30 examples at level Hard
Before redistribution: 30 examples at level VeryHard
Performing example redistribution across difficulty levels...
Redistributed 30 examples to level VeryEasy
Redistributed 30 examples to level Easy
Redistributed 30 examples to level Medium
Redistributed 30 examples to level Hard
Redistributed 30 examples to level VeryHard
After redistribution: 30 examples at level VeryEasy
After redistribution: 30 examples at level Easy
After redistribution: 30 examples at level Medium
After redistribution: 30 examples at level Hard
After redistribution: 30 examples at level VeryHard
Before redistribution: 30 examples at level VeryEasy
Before redistribution: 30 examples at level Easy
Before redistribution: 30 examples at level Medium
Before redistribution: 31 examples at level Hard
Before redistribution: 30 examples at level VeryHard
Before redistribution: 30 examples at level VeryEasy
Before redistribution: 31 examples at level Easy
Before redistribution: 30 examples at level Medium
Before redistribution: 31 examples at level Hard
Before redistribution: 30 examples at level VeryHard
Before redistribution: 31 examples at level VeryEasy
Before redistribution: 31 examples at level Easy
Before redistribution: 30 examples at level Medium
Before redistribution: 31 examples at level Hard
Before redistribution: 30 examples at level VeryHard
Before redistribution: 31 examples at level VeryEasy
Before redistribution: 31 examples at level Easy
Before redistribution: 31 examples at level Medium
Before redistribution: 31 examples at level Hard
Before redistribution: 30 examples at level VeryHard
Before redistribution: 31 examples at level VeryEasy
Before redistribution: 31 examples at level Easy
Before redistribution: 31 examples at level Medium
Before redistribution: 31 examples at level Hard
Before redistribution: 31 examples at level VeryHard
Performing example redistribution across difficulty levels...
Redistributed 31 examples to level VeryEasy
Redistributed 31 examples to level Easy
Redistributed 31 examples to level Medium
Redistributed 31 examples to level Hard
Redistributed 31 examples to level VeryHard
After redistribution: 31 examples at level VeryEasy
After redistribution: 31 examples at level Easy
After redistribution: 31 examples at level Medium
After redistribution: 31 examples at level Hard
After redistribution: 31 examples at level VeryHard
Before redistribution: 31 examples at level VeryEasy
Before redistribution: 31 examples at level Easy
Before redistribution: 31 examples at level Medium
Before redistribution: 32 examples at level Hard
Before redistribution: 31 examples at level VeryHard
Before redistribution: 31 examples at level VeryEasy
Before redistribution: 32 examples at level Easy
Before redistribution: 31 examples at level Medium
Before redistribution: 32 examples at level Hard
Before redistribution: 31 examples at level VeryHard
Before redistribution: 32 examples at level VeryEasy
Before redistribution: 32 examples at level Easy
Before redistribution: 31 examples at level Medium
Before redistribution: 32 examples at level Hard
Before redistribution: 31 examples at level VeryHard
Before redistribution: 32 examples at level VeryEasy
Before redistribution: 32 examples at level Easy
Before redistribution: 32 examples at level Medium
Before redistribution: 32 examples at level Hard
Before redistribution: 31 examples at level VeryHard
Before redistribution: 32 examples at level VeryEasy
Before redistribution: 32 examples at level Easy
Before redistribution: 32 examples at level Medium
Before redistribution: 32 examples at level Hard
Before redistribution: 32 examples at level VeryHard
Performing example redistribution across difficulty levels...
Redistributed 32 examples to level VeryEasy
Redistributed 32 examples to level Easy
Redistributed 32 examples to level Medium
Redistributed 32 examples to level Hard
Redistributed 32 examples to level VeryHard
After redistribution: 32 examples at level VeryEasy
After redistribution: 32 examples at level Easy
After redistribution: 32 examples at level Medium
After redistribution: 32 examples at level Hard
After redistribution: 32 examples at level VeryHard
Before redistribution: 32 examples at level VeryEasy
Before redistribution: 32 examples at level Easy
Before redistribution: 32 examples at level Medium
Before redistribution: 33 examples at level Hard
Before redistribution: 32 examples at level VeryHard
Before redistribution: 32 examples at level VeryEasy
Before redistribution: 33 examples at level Easy
Before redistribution: 32 examples at level Medium
Before redistribution: 33 examples at level Hard
Before redistribution: 32 examples at level VeryHard
Before redistribution: 33 examples at level VeryEasy
Before redistribution: 33 examples at level Easy
Before redistribution: 32 examples at level Medium
Before redistribution: 33 examples at level Hard
Before redistribution: 32 examples at level VeryHard
Before redistribution: 33 examples at level VeryEasy
Before redistribution: 33 examples at level Easy
Before redistribution: 33 examples at level Medium
Before redistribution: 33 examples at level Hard
Before redistribution: 32 examples at level VeryHard
Before redistribution: 33 examples at level VeryEasy
Before redistribution: 33 examples at level Easy
Before redistribution: 33 examples at level Medium
Before redistribution: 33 examples at level Hard
Before redistribution: 33 examples at level VeryHard
Performing example redistribution across difficulty levels...
Redistributed 33 examples to level VeryEasy
Redistributed 33 examples to level Easy
Redistributed 33 examples to level Medium
Redistributed 33 examples to level Hard
Redistributed 33 examples to level VeryHard
After redistribution: 33 examples at level VeryEasy
After redistribution: 33 examples at level Easy
After redistribution: 33 examples at level Medium
After redistribution: 33 examples at level Hard
After redistribution: 33 examples at level VeryHard
Before redistribution: 33 examples at level VeryEasy
Before redistribution: 33 examples at level Easy
Before redistribution: 33 examples at level Medium
Before redistribution: 34 examples at level Hard
Before redistribution: 33 examples at level VeryHard
Before redistribution: 33 examples at level VeryEasy
Before redistribution: 34 examples at level Easy
Before redistribution: 33 examples at level Medium
Before redistribution: 34 examples at level Hard
Before redistribution: 33 examples at level VeryHard
Before redistribution: 34 examples at level VeryEasy
Before redistribution: 34 examples at level Easy
Before redistribution: 33 examples at level Medium
Before redistribution: 34 examples at level Hard
Before redistribution: 33 examples at level VeryHard
Before redistribution: 34 examples at level VeryEasy
Before redistribution: 34 examples at level Easy
Before redistribution: 34 examples at level Medium
Before redistribution: 34 examples at level Hard
Before redistribution: 33 examples at level VeryHard
Before redistribution: 34 examples at level VeryEasy
Before redistribution: 34 examples at level Easy
Before redistribution: 34 examples at level Medium
Before redistribution: 34 examples at level Hard
Before redistribution: 34 examples at level VeryHard
Performing example redistribution across difficulty levels...
Redistributed 34 examples to level VeryEasy
Redistributed 34 examples to level Easy
Redistributed 34 examples to level Medium
Redistributed 34 examples to level Hard
Redistributed 34 examples to level VeryHard
After redistribution: 34 examples at level VeryEasy
After redistribution: 34 examples at level Easy
After redistribution: 34 examples at level Medium
After redistribution: 34 examples at level Hard
After redistribution: 34 examples at level VeryHard
Before redistribution: 34 examples at level VeryEasy
Before redistribution: 34 examples at level Easy
Before redistribution: 34 examples at level Medium
Before redistribution: 35 examples at level Hard
Before redistribution: 34 examples at level VeryHard
Before redistribution: 34 examples at level VeryEasy
Before redistribution: 35 examples at level Easy
Before redistribution: 34 examples at level Medium
Before redistribution: 35 examples at level Hard
Before redistribution: 34 examples at level VeryHard
Before redistribution: 35 examples at level VeryEasy
Before redistribution: 35 examples at level Easy
Before redistribution: 34 examples at level Medium
Before redistribution: 35 examples at level Hard
Before redistribution: 34 examples at level VeryHard
Before redistribution: 35 examples at level VeryEasy
Before redistribution: 35 examples at level Easy
Before redistribution: 35 examples at level Medium
Before redistribution: 35 examples at level Hard
Before redistribution: 34 examples at level VeryHard
Before redistribution: 35 examples at level VeryEasy
Before redistribution: 35 examples at level Easy
Before redistribution: 35 examples at level Medium
Before redistribution: 35 examples at level Hard
Before redistribution: 35 examples at level VeryHard
Performing example redistribution across difficulty levels...
Redistributed 35 examples to level VeryEasy
Redistributed 35 examples to level Easy
Redistributed 35 examples to level Medium
Redistributed 35 examples to level Hard
Redistributed 35 examples to level VeryHard
After redistribution: 35 examples at level VeryEasy
After redistribution: 35 examples at level Easy
After redistribution: 35 examples at level Medium
After redistribution: 35 examples at level Hard
After redistribution: 35 examples at level VeryHard
Before redistribution: 35 examples at level VeryEasy
Before redistribution: 35 examples at level Easy
Before redistribution: 35 examples at level Medium
Before redistribution: 36 examples at level Hard
Before redistribution: 35 examples at level VeryHard
Before redistribution: 35 examples at level VeryEasy
Before redistribution: 36 examples at level Easy
Before redistribution: 35 examples at level Medium
Before redistribution: 36 examples at level Hard
Before redistribution: 35 examples at level VeryHard
Before redistribution: 36 examples at level VeryEasy
Before redistribution: 36 examples at level Easy
Before redistribution: 35 examples at level Medium
Before redistribution: 36 examples at level Hard
Before redistribution: 35 examples at level VeryHard
Before redistribution: 36 examples at level VeryEasy
Before redistribution: 36 examples at level Easy
Before redistribution: 36 examples at level Medium
Before redistribution: 36 examples at level Hard
Before redistribution: 35 examples at level VeryHard
Before redistribution: 36 examples at level VeryEasy
Before redistribution: 36 examples at level Easy
Before redistribution: 36 examples at level Medium
Before redistribution: 36 examples at level Hard
Before redistribution: 36 examples at level VeryHard
Performing example redistribution across difficulty levels...
Redistributed 36 examples to level VeryEasy
Redistributed 36 examples to level Easy
Redistributed 36 examples to level Medium
Redistributed 36 examples to level Hard
Redistributed 36 examples to level VeryHard
After redistribution: 36 examples at level VeryEasy
After redistribution: 36 examples at level Easy
After redistribution: 36 examples at level Medium
After redistribution: 36 examples at level Hard
After redistribution: 36 examples at level VeryHard
Before redistribution: 36 examples at level VeryEasy
Before redistribution: 36 examples at level Easy
Before redistribution: 36 examples at level Medium
Before redistribution: 37 examples at level Hard
Before redistribution: 36 examples at level VeryHard
Before redistribution: 36 examples at level VeryEasy
Before redistribution: 37 examples at level Easy
Before redistribution: 36 examples at level Medium
Before redistribution: 37 examples at level Hard
Before redistribution: 36 examples at level VeryHard
Before redistribution: 37 examples at level VeryEasy
Before redistribution: 37 examples at level Easy
Before redistribution: 36 examples at level Medium
Before redistribution: 37 examples at level Hard
Before redistribution: 36 examples at level VeryHard
Before redistribution: 37 examples at level VeryEasy
Before redistribution: 37 examples at level Easy
Before redistribution: 37 examples at level Medium
Before redistribution: 37 examples at level Hard
Before redistribution: 36 examples at level VeryHard
Before redistribution: 37 examples at level VeryEasy
Before redistribution: 37 examples at level Easy
Before redistribution: 37 examples at level Medium
Before redistribution: 37 examples at level Hard
Before redistribution: 37 examples at level VeryHard
Performing example redistribution across difficulty levels...
Redistributed 37 examples to level VeryEasy
Redistributed 37 examples to level Easy
Redistributed 37 examples to level Medium
Redistributed 37 examples to level Hard
Redistributed 37 examples to level VeryHard
After redistribution: 37 examples at level VeryEasy
After redistribution: 37 examples at level Easy
After redistribution: 37 examples at level Medium
After redistribution: 37 examples at level Hard
After redistribution: 37 examples at level VeryHard
Before redistribution: 37 examples at level VeryEasy
Before redistribution: 37 examples at level Easy
Before redistribution: 37 examples at level Medium
Before redistribution: 38 examples at level Hard
Before redistribution: 37 examples at level VeryHard
Before redistribution: 37 examples at level VeryEasy
Before redistribution: 38 examples at level Easy
Before redistribution: 37 examples at level Medium
Before redistribution: 38 examples at level Hard
Before redistribution: 37 examples at level VeryHard
Before redistribution: 38 examples at level VeryEasy
Before redistribution: 38 examples at level Easy
Before redistribution: 37 examples at level Medium
Before redistribution: 38 examples at level Hard
Before redistribution: 37 examples at level VeryHard
Before redistribution: 38 examples at level VeryEasy
Before redistribution: 38 examples at level Easy
Before redistribution: 38 examples at level Medium
Before redistribution: 38 examples at level Hard
Before redistribution: 37 examples at level VeryHard
Before redistribution: 38 examples at level VeryEasy
Before redistribution: 38 examples at level Easy
Before redistribution: 38 examples at level Medium
Before redistribution: 38 examples at level Hard
Before redistribution: 38 examples at level VeryHard
Performing example redistribution across difficulty levels...
Redistributed 38 examples to level VeryEasy
Redistributed 38 examples to level Easy
Redistributed 38 examples to level Medium
Redistributed 38 examples to level Hard
Redistributed 38 examples to level VeryHard
After redistribution: 38 examples at level VeryEasy
After redistribution: 38 examples at level Easy
After redistribution: 38 examples at level Medium
After redistribution: 38 examples at level Hard
After redistribution: 38 examples at level VeryHard
Before redistribution: 38 examples at level VeryEasy
Before redistribution: 38 examples at level Easy
Before redistribution: 38 examples at level Medium
Before redistribution: 39 examples at level Hard
Before redistribution: 38 examples at level VeryHard
Before redistribution: 38 examples at level VeryEasy
Before redistribution: 39 examples at level Easy
Before redistribution: 38 examples at level Medium
Before redistribution: 39 examples at level Hard
Before redistribution: 38 examples at level VeryHard
Before redistribution: 39 examples at level VeryEasy
Before redistribution: 39 examples at level Easy
Before redistribution: 38 examples at level Medium
Before redistribution: 39 examples at level Hard
Before redistribution: 38 examples at level VeryHard
Before redistribution: 39 examples at level VeryEasy
Before redistribution: 39 examples at level Easy
Before redistribution: 39 examples at level Medium
Before redistribution: 39 examples at level Hard
Before redistribution: 38 examples at level VeryHard
Before redistribution: 39 examples at level VeryEasy
Before redistribution: 39 examples at level Easy
Before redistribution: 39 examples at level Medium
Before redistribution: 39 examples at level Hard
Before redistribution: 39 examples at level VeryHard
Performing example redistribution across difficulty levels...
Redistributed 39 examples to level VeryEasy
Redistributed 39 examples to level Easy
Redistributed 39 examples to level Medium
Redistributed 39 examples to level Hard
Redistributed 39 examples to level VeryHard
After redistribution: 39 examples at level VeryEasy
After redistribution: 39 examples at level Easy
After redistribution: 39 examples at level Medium
After redistribution: 39 examples at level Hard
After redistribution: 39 examples at level VeryHard
Before redistribution: 39 examples at level VeryEasy
Before redistribution: 39 examples at level Easy
Before redistribution: 39 examples at level Medium
Before redistribution: 40 examples at level Hard
Before redistribution: 39 examples at level VeryHard
Before redistribution: 39 examples at level VeryEasy
Before redistribution: 40 examples at level Easy
Before redistribution: 39 examples at level Medium
Before redistribution: 40 examples at level Hard
Before redistribution: 39 examples at level VeryHard
Before redistribution: 40 examples at level VeryEasy
Before redistribution: 40 examples at level Easy
Before redistribution: 39 examples at level Medium
Before redistribution: 40 examples at level Hard
Before redistribution: 39 examples at level VeryHard
Before redistribution: 40 examples at level VeryEasy
Before redistribution: 40 examples at level Easy
Before redistribution: 40 examples at level Medium
Before redistribution: 40 examples at level Hard
Before redistribution: 39 examples at level VeryHard
Before redistribution: 40 examples at level VeryEasy
Before redistribution: 40 examples at level Easy
Before redistribution: 40 examples at level Medium
Before redistribution: 40 examples at level Hard
Before redistribution: 40 examples at level VeryHard
Performing example redistribution across difficulty levels...
Redistributed 40 examples to level VeryEasy
Redistributed 40 examples to level Easy
Redistributed 40 examples to level Medium
Redistributed 40 examples to level Hard
Redistributed 40 examples to level VeryHard
After redistribution: 40 examples at level VeryEasy
After redistribution: 40 examples at level Easy
After redistribution: 40 examples at level Medium
After redistribution: 40 examples at level Hard
After redistribution: 40 examples at level VeryHard
Before redistribution: 40 examples at level VeryEasy
Before redistribution: 40 examples at level Easy
Before redistribution: 40 examples at level Medium
Before redistribution: 41 examples at level Hard
Before redistribution: 40 examples at level VeryHard
Before redistribution: 40 examples at level VeryEasy
Before redistribution: 41 examples at level Easy
Before redistribution: 40 examples at level Medium
Before redistribution: 41 examples at level Hard
Before redistribution: 40 examples at level VeryHard
Before redistribution: 41 examples at level VeryEasy
Before redistribution: 41 examples at level Easy
Before redistribution: 40 examples at level Medium
Before redistribution: 41 examples at level Hard
Before redistribution: 40 examples at level VeryHard
Before redistribution: 41 examples at level VeryEasy
Before redistribution: 41 examples at level Easy
Before redistribution: 41 examples at level Medium
Before redistribution: 41 examples at level Hard
Before redistribution: 40 examples at level VeryHard
Before redistribution: 41 examples at level VeryEasy
Before redistribution: 41 examples at level Easy
Before redistribution: 41 examples at level Medium
Before redistribution: 41 examples at level Hard
Before redistribution: 41 examples at level VeryHard
Performing example redistribution across difficulty levels...
Redistributed 41 examples to level VeryEasy
Redistributed 41 examples to level Easy
Redistributed 41 examples to level Medium
Redistributed 41 examples to level Hard
Redistributed 41 examples to level VeryHard
After redistribution: 41 examples at level VeryEasy
After redistribution: 41 examples at level Easy
After redistribution: 41 examples at level Medium
After redistribution: 41 examples at level Hard
After redistribution: 41 examples at level VeryHard
Before redistribution: 41 examples at level VeryEasy
Before redistribution: 41 examples at level Easy
Before redistribution: 41 examples at level Medium
Before redistribution: 42 examples at level Hard
Before redistribution: 41 examples at level VeryHard
Before redistribution: 41 examples at level VeryEasy
Before redistribution: 42 examples at level Easy
Before redistribution: 41 examples at level Medium
Before redistribution: 42 examples at level Hard
Before redistribution: 41 examples at level VeryHard
Before redistribution: 42 examples at level VeryEasy
Before redistribution: 42 examples at level Easy
Before redistribution: 41 examples at level Medium
Before redistribution: 42 examples at level Hard
Before redistribution: 41 examples at level VeryHard
Before redistribution: 42 examples at level VeryEasy
Before redistribution: 42 examples at level Easy
Before redistribution: 42 examples at level Medium
Before redistribution: 42 examples at level Hard
Before redistribution: 41 examples at level VeryHard
Before redistribution: 42 examples at level VeryEasy
Before redistribution: 42 examples at level Easy
Before redistribution: 42 examples at level Medium
Before redistribution: 42 examples at level Hard
Before redistribution: 42 examples at level VeryHard
Performing example redistribution across difficulty levels...
Redistributed 42 examples to level VeryEasy
Redistributed 42 examples to level Easy
Redistributed 42 examples to level Medium
Redistributed 42 examples to level Hard
Redistributed 42 examples to level VeryHard
After redistribution: 42 examples at level VeryEasy
After redistribution: 42 examples at level Easy
After redistribution: 42 examples at level Medium
After redistribution: 42 examples at level Hard
After redistribution: 42 examples at level VeryHard
Before redistribution: 42 examples at level VeryEasy
Before redistribution: 42 examples at level Easy
Before redistribution: 42 examples at level Medium
Before redistribution: 43 examples at level Hard
Before redistribution: 42 examples at level VeryHard
Before redistribution: 42 examples at level VeryEasy
Before redistribution: 43 examples at level Easy
Before redistribution: 42 examples at level Medium
Before redistribution: 43 examples at level Hard
Before redistribution: 42 examples at level VeryHard
Before redistribution: 43 examples at level VeryEasy
Before redistribution: 43 examples at level Easy
Before redistribution: 42 examples at level Medium
Before redistribution: 43 examples at level Hard
Before redistribution: 42 examples at level VeryHard
Before redistribution: 43 examples at level VeryEasy
Before redistribution: 43 examples at level Easy
Before redistribution: 43 examples at level Medium
Before redistribution: 43 examples at level Hard
Before redistribution: 42 examples at level VeryHard
Before redistribution: 43 examples at level VeryEasy
Before redistribution: 43 examples at level Easy
Before redistribution: 43 examples at level Medium
Before redistribution: 43 examples at level Hard
Before redistribution: 43 examples at level VeryHard
Performing example redistribution across difficulty levels...
Redistributed 43 examples to level VeryEasy
Redistributed 43 examples to level Easy
Redistributed 43 examples to level Medium
Redistributed 43 examples to level Hard
Redistributed 43 examples to level VeryHard
After redistribution: 43 examples at level VeryEasy
After redistribution: 43 examples at level Easy
After redistribution: 43 examples at level Medium
After redistribution: 43 examples at level Hard
After redistribution: 43 examples at level VeryHard
Before redistribution: 43 examples at level VeryEasy
Before redistribution: 43 examples at level Easy
Before redistribution: 43 examples at level Medium
Before redistribution: 44 examples at level Hard
Before redistribution: 43 examples at level VeryHard
Before redistribution: 43 examples at level VeryEasy
Before redistribution: 44 examples at level Easy
Before redistribution: 43 examples at level Medium
Before redistribution: 44 examples at level Hard
Before redistribution: 43 examples at level VeryHard
Before redistribution: 44 examples at level VeryEasy
Before redistribution: 44 examples at level Easy
Before redistribution: 43 examples at level Medium
Before redistribution: 44 examples at level Hard
Before redistribution: 43 examples at level VeryHard
Before redistribution: 44 examples at level VeryEasy
Before redistribution: 44 examples at level Easy
Before redistribution: 44 examples at level Medium
Before redistribution: 44 examples at level Hard
Before redistribution: 43 examples at level VeryHard
Before redistribution: 44 examples at level VeryEasy
Before redistribution: 44 examples at level Easy
Before redistribution: 44 examples at level Medium
Before redistribution: 44 examples at level Hard
Before redistribution: 44 examples at level VeryHard
Performing example redistribution across difficulty levels...
Redistributed 44 examples to level VeryEasy
Redistributed 44 examples to level Easy
Redistributed 44 examples to level Medium
Redistributed 44 examples to level Hard
Redistributed 44 examples to level VeryHard
After redistribution: 44 examples at level VeryEasy
After redistribution: 44 examples at level Easy
After redistribution: 44 examples at level Medium
After redistribution: 44 examples at level Hard
After redistribution: 44 examples at level VeryHard
Before redistribution: 44 examples at level VeryEasy
Before redistribution: 44 examples at level Easy
Before redistribution: 44 examples at level Medium
Before redistribution: 45 examples at level Hard
Before redistribution: 44 examples at level VeryHard
Before redistribution: 44 examples at level VeryEasy
Before redistribution: 45 examples at level Easy
Before redistribution: 44 examples at level Medium
Before redistribution: 45 examples at level Hard
Before redistribution: 44 examples at level VeryHard
Before redistribution: 45 examples at level VeryEasy
Before redistribution: 45 examples at level Easy
Before redistribution: 44 examples at level Medium
Before redistribution: 45 examples at level Hard
Before redistribution: 44 examples at level VeryHard
Before redistribution: 45 examples at level VeryEasy
Before redistribution: 45 examples at level Easy
Before redistribution: 45 examples at level Medium
Before redistribution: 45 examples at level Hard
Before redistribution: 44 examples at level VeryHard
Before redistribution: 45 examples at level VeryEasy
Before redistribution: 45 examples at level Easy
Before redistribution: 45 examples at level Medium
Before redistribution: 45 examples at level Hard
Before redistribution: 45 examples at level VeryHard
Performing example redistribution across difficulty levels...
Redistributed 45 examples to level VeryEasy
Redistributed 45 examples to level Easy
Redistributed 45 examples to level Medium
Redistributed 45 examples to level Hard
Redistributed 45 examples to level VeryHard
After redistribution: 45 examples at level VeryEasy
After redistribution: 45 examples at level Easy
After redistribution: 45 examples at level Medium
After redistribution: 45 examples at level Hard
After redistribution: 45 examples at level VeryHard
Before redistribution: 45 examples at level VeryEasy
Before redistribution: 45 examples at level Easy
Before redistribution: 45 examples at level Medium
Before redistribution: 46 examples at level Hard
Before redistribution: 45 examples at level VeryHard
Before redistribution: 45 examples at level VeryEasy
Before redistribution: 46 examples at level Easy
Before redistribution: 45 examples at level Medium
Before redistribution: 46 examples at level Hard
Before redistribution: 45 examples at level VeryHard
Before redistribution: 46 examples at level VeryEasy
Before redistribution: 46 examples at level Easy
Before redistribution: 45 examples at level Medium
Before redistribution: 46 examples at level Hard
Before redistribution: 45 examples at level VeryHard
Before redistribution: 46 examples at level VeryEasy
Before redistribution: 46 examples at level Easy
Before redistribution: 46 examples at level Medium
Before redistribution: 46 examples at level Hard
Before redistribution: 45 examples at level VeryHard
Before redistribution: 46 examples at level VeryEasy
Before redistribution: 46 examples at level Easy
Before redistribution: 46 examples at level Medium
Before redistribution: 46 examples at level Hard
Before redistribution: 46 examples at level VeryHard
Performing example redistribution across difficulty levels...
Redistributed 46 examples to level VeryEasy
Redistributed 46 examples to level Easy
Redistributed 46 examples to level Medium
Redistributed 46 examples to level Hard
Redistributed 46 examples to level VeryHard
After redistribution: 46 examples at level VeryEasy
After redistribution: 46 examples at level Easy
After redistribution: 46 examples at level Medium
After redistribution: 46 examples at level Hard
After redistribution: 46 examples at level VeryHard
Before redistribution: 46 examples at level VeryEasy
Before redistribution: 46 examples at level Easy
Before redistribution: 46 examples at level Medium
Before redistribution: 47 examples at level Hard
Before redistribution: 46 examples at level VeryHard
Before redistribution: 46 examples at level VeryEasy
Before redistribution: 47 examples at level Easy
Before redistribution: 46 examples at level Medium
Before redistribution: 47 examples at level Hard
Before redistribution: 46 examples at level VeryHard
Before redistribution: 47 examples at level VeryEasy
Before redistribution: 47 examples at level Easy
Before redistribution: 46 examples at level Medium
Before redistribution: 47 examples at level Hard
Before redistribution: 46 examples at level VeryHard
Before redistribution: 47 examples at level VeryEasy
Before redistribution: 47 examples at level Easy
Before redistribution: 47 examples at level Medium
Before redistribution: 47 examples at level Hard
Before redistribution: 46 examples at level VeryHard
Before redistribution: 47 examples at level VeryEasy
Before redistribution: 47 examples at level Easy
Before redistribution: 47 examples at level Medium
Before redistribution: 47 examples at level Hard
Before redistribution: 47 examples at level VeryHard
Performing example redistribution across difficulty levels...
Redistributed 47 examples to level VeryEasy
Redistributed 47 examples to level Easy
Redistributed 47 examples to level Medium
Redistributed 47 examples to level Hard
Redistributed 47 examples to level VeryHard
After redistribution: 47 examples at level VeryEasy
After redistribution: 47 examples at level Easy
After redistribution: 47 examples at level Medium
After redistribution: 47 examples at level Hard
After redistribution: 47 examples at level VeryHard
Before redistribution: 47 examples at level VeryEasy
Before redistribution: 47 examples at level Easy
Before redistribution: 47 examples at level Medium
Before redistribution: 48 examples at level Hard
Before redistribution: 47 examples at level VeryHard
Before redistribution: 47 examples at level VeryEasy
Before redistribution: 48 examples at level Easy
Before redistribution: 47 examples at level Medium
Before redistribution: 48 examples at level Hard
Before redistribution: 47 examples at level VeryHard
Before redistribution: 48 examples at level VeryEasy
Before redistribution: 48 examples at level Easy
Before redistribution: 47 examples at level Medium
Before redistribution: 48 examples at level Hard
Before redistribution: 47 examples at level VeryHard
Before redistribution: 48 examples at level VeryEasy
Before redistribution: 48 examples at level Easy
Before redistribution: 48 examples at level Medium
Before redistribution: 48 examples at level Hard
Before redistribution: 47 examples at level VeryHard
Before redistribution: 48 examples at level VeryEasy
Before redistribution: 48 examples at level Easy
Before redistribution: 48 examples at level Medium
Before redistribution: 48 examples at level Hard
Before redistribution: 48 examples at level VeryHard
Performing example redistribution across difficulty levels...
Redistributed 48 examples to level VeryEasy
Redistributed 48 examples to level Easy
Redistributed 48 examples to level Medium
Redistributed 48 examples to level Hard
Redistributed 48 examples to level VeryHard
After redistribution: 48 examples at level VeryEasy
After redistribution: 48 examples at level Easy
After redistribution: 48 examples at level Medium
After redistribution: 48 examples at level Hard
After redistribution: 48 examples at level VeryHard
Before redistribution: 48 examples at level VeryEasy
Before redistribution: 48 examples at level Easy
Before redistribution: 48 examples at level Medium
Before redistribution: 49 examples at level Hard
Before redistribution: 48 examples at level VeryHard
Before redistribution: 48 examples at level VeryEasy
Before redistribution: 49 examples at level Easy
Before redistribution: 48 examples at level Medium
Before redistribution: 49 examples at level Hard
Before redistribution: 48 examples at level VeryHard
Before redistribution: 49 examples at level VeryEasy
Before redistribution: 49 examples at level Easy
Before redistribution: 48 examples at level Medium
Before redistribution: 49 examples at level Hard
Before redistribution: 48 examples at level VeryHard
Before redistribution: 49 examples at level VeryEasy
Before redistribution: 49 examples at level Easy
Before redistribution: 49 examples at level Medium
Before redistribution: 49 examples at level Hard
Before redistribution: 48 examples at level VeryHard
Before redistribution: 49 examples at level VeryEasy
Before redistribution: 49 examples at level Easy
Before redistribution: 49 examples at level Medium
Before redistribution: 49 examples at level Hard
Before redistribution: 49 examples at level VeryHard
Performing example redistribution across difficulty levels...
Redistributed 49 examples to level VeryEasy
Redistributed 49 examples to level Easy
Redistributed 49 examples to level Medium
Redistributed 49 examples to level Hard
Redistributed 49 examples to level VeryHard
After redistribution: 49 examples at level VeryEasy
After redistribution: 49 examples at level Easy
After redistribution: 49 examples at level Medium
After redistribution: 49 examples at level Hard
After redistribution: 49 examples at level VeryHard
Before redistribution: 49 examples at level VeryEasy
Before redistribution: 49 examples at level Easy
Before redistribution: 49 examples at level Medium
Before redistribution: 50 examples at level Hard
Before redistribution: 49 examples at level VeryHard
Before redistribution: 49 examples at level VeryEasy
Before redistribution: 50 examples at level Easy
Before redistribution: 49 examples at level Medium
Before redistribution: 50 examples at level Hard
Before redistribution: 49 examples at level VeryHard
Before redistribution: 50 examples at level VeryEasy
Before redistribution: 50 examples at level Easy
Before redistribution: 49 examples at level Medium
Before redistribution: 50 examples at level Hard
Before redistribution: 49 examples at level VeryHard
Before redistribution: 50 examples at level VeryEasy
Before redistribution: 50 examples at level Easy
Before redistribution: 50 examples at level Medium
Before redistribution: 50 examples at level Hard
Before redistribution: 49 examples at level VeryHard
Before redistribution: 50 examples at level VeryEasy
Before redistribution: 50 examples at level Easy
Before redistribution: 50 examples at level Medium
Before redistribution: 50 examples at level Hard
Before redistribution: 50 examples at level VeryHard
Performing example redistribution across difficulty levels...
Redistributed 50 examples to level VeryEasy
Redistributed 50 examples to level Easy
Redistributed 50 examples to level Medium
Redistributed 50 examples to level Hard
Redistributed 50 examples to level VeryHard
After redistribution: 50 examples at level VeryEasy
After redistribution: 50 examples at level Easy
After redistribution: 50 examples at level Medium
After redistribution: 50 examples at level Hard
After redistribution: 50 examples at level VeryHard
Before redistribution: 50 examples at level VeryEasy
Before redistribution: 50 examples at level Easy
Before redistribution: 50 examples at level Medium
Before redistribution: 51 examples at level Hard
Before redistribution: 50 examples at level VeryHard
Before redistribution: 50 examples at level VeryEasy
Before redistribution: 51 examples at level Easy
Before redistribution: 50 examples at level Medium
Before redistribution: 51 examples at level Hard
Before redistribution: 50 examples at level VeryHard
Before redistribution: 51 examples at level VeryEasy
Before redistribution: 51 examples at level Easy
Before redistribution: 50 examples at level Medium
Before redistribution: 51 examples at level Hard
Before redistribution: 50 examples at level VeryHard
Before redistribution: 51 examples at level VeryEasy
Before redistribution: 51 examples at level Easy
Before redistribution: 51 examples at level Medium
Before redistribution: 51 examples at level Hard
Before redistribution: 50 examples at level VeryHard
Before redistribution: 51 examples at level VeryEasy
Before redistribution: 51 examples at level Easy
Before redistribution: 51 examples at level Medium
Before redistribution: 51 examples at level Hard
Before redistribution: 51 examples at level VeryHard
Performing example redistribution across difficulty levels...
Redistributed 51 examples to level VeryEasy
Redistributed 51 examples to level Easy
Redistributed 51 examples to level Medium
Redistributed 51 examples to level Hard
Redistributed 51 examples to level VeryHard
After redistribution: 51 examples at level VeryEasy
After redistribution: 51 examples at level Easy
After redistribution: 51 examples at level Medium
After redistribution: 51 examples at level Hard
After redistribution: 51 examples at level VeryHard
Before redistribution: 51 examples at level VeryEasy
Before redistribution: 51 examples at level Easy
Before redistribution: 51 examples at level Medium
Before redistribution: 52 examples at level Hard
Before redistribution: 51 examples at level VeryHard
Before redistribution: 51 examples at level VeryEasy
Before redistribution: 52 examples at level Easy
Before redistribution: 51 examples at level Medium
Before redistribution: 52 examples at level Hard
Before redistribution: 51 examples at level VeryHard
Before redistribution: 52 examples at level VeryEasy
Before redistribution: 52 examples at level Easy
Before redistribution: 51 examples at level Medium
Before redistribution: 52 examples at level Hard
Before redistribution: 51 examples at level VeryHard
Before redistribution: 52 examples at level VeryEasy
Before redistribution: 52 examples at level Easy
Before redistribution: 52 examples at level Medium
Before redistribution: 52 examples at level Hard
Before redistribution: 51 examples at level VeryHard
Before redistribution: 52 examples at level VeryEasy
Before redistribution: 52 examples at level Easy
Before redistribution: 52 examples at level Medium
Before redistribution: 52 examples at level Hard
Before redistribution: 52 examples at level VeryHard
Performing example redistribution across difficulty levels...
Redistributed 52 examples to level VeryEasy
Redistributed 52 examples to level Easy
Redistributed 52 examples to level Medium
Redistributed 52 examples to level Hard
Redistributed 52 examples to level VeryHard
After redistribution: 52 examples at level VeryEasy
After redistribution: 52 examples at level Easy
After redistribution: 52 examples at level Medium
After redistribution: 52 examples at level Hard
After redistribution: 52 examples at level VeryHard
Before redistribution: 52 examples at level VeryEasy
Before redistribution: 52 examples at level Easy
Before redistribution: 52 examples at level Medium
Before redistribution: 53 examples at level Hard
Before redistribution: 52 examples at level VeryHard
Before redistribution: 52 examples at level VeryEasy
Before redistribution: 53 examples at level Easy
Before redistribution: 52 examples at level Medium
Before redistribution: 53 examples at level Hard
Before redistribution: 52 examples at level VeryHard
Before redistribution: 53 examples at level VeryEasy
Before redistribution: 53 examples at level Easy
Before redistribution: 52 examples at level Medium
Before redistribution: 53 examples at level Hard
Before redistribution: 52 examples at level VeryHard
Before redistribution: 53 examples at level VeryEasy
Before redistribution: 53 examples at level Easy
Before redistribution: 53 examples at level Medium
Before redistribution: 53 examples at level Hard
Before redistribution: 52 examples at level VeryHard
Before redistribution: 53 examples at level VeryEasy
Before redistribution: 53 examples at level Easy
Before redistribution: 53 examples at level Medium
Before redistribution: 53 examples at level Hard
Before redistribution: 53 examples at level VeryHard
Performing example redistribution across difficulty levels...
Redistributed 53 examples to level VeryEasy
Redistributed 53 examples to level Easy
Redistributed 53 examples to level Medium
Redistributed 53 examples to level Hard
Redistributed 53 examples to level VeryHard
After redistribution: 53 examples at level VeryEasy
After redistribution: 53 examples at level Easy
After redistribution: 53 examples at level Medium
After redistribution: 53 examples at level Hard
After redistribution: 53 examples at level VeryHard
Before redistribution: 53 examples at level VeryEasy
Before redistribution: 53 examples at level Easy
Before redistribution: 53 examples at level Medium
Before redistribution: 54 examples at level Hard
Before redistribution: 53 examples at level VeryHard
Before redistribution: 53 examples at level VeryEasy
Before redistribution: 54 examples at level Easy
Before redistribution: 53 examples at level Medium
Before redistribution: 54 examples at level Hard
Before redistribution: 53 examples at level VeryHard
Before redistribution: 54 examples at level VeryEasy
Before redistribution: 54 examples at level Easy
Before redistribution: 53 examples at level Medium
Before redistribution: 54 examples at level Hard
Before redistribution: 53 examples at level VeryHard
Before redistribution: 54 examples at level VeryEasy
Before redistribution: 54 examples at level Easy
Before redistribution: 54 examples at level Medium
Before redistribution: 54 examples at level Hard
Before redistribution: 53 examples at level VeryHard
Before redistribution: 54 examples at level VeryEasy
Before redistribution: 54 examples at level Easy
Before redistribution: 54 examples at level Medium
Before redistribution: 54 examples at level Hard
Before redistribution: 54 examples at level VeryHard
Performing example redistribution across difficulty levels...
Redistributed 54 examples to level VeryEasy
Redistributed 54 examples to level Easy
Redistributed 54 examples to level Medium
Redistributed 54 examples to level Hard
Redistributed 54 examples to level VeryHard
After redistribution: 54 examples at level VeryEasy
After redistribution: 54 examples at level Easy
After redistribution: 54 examples at level Medium
After redistribution: 54 examples at level Hard
After redistribution: 54 examples at level VeryHard
Before redistribution: 54 examples at level VeryEasy
Before redistribution: 54 examples at level Easy
Before redistribution: 54 examples at level Medium
Before redistribution: 55 examples at level Hard
Before redistribution: 54 examples at level VeryHard
Before redistribution: 54 examples at level VeryEasy
Before redistribution: 55 examples at level Easy
Before redistribution: 54 examples at level Medium
Before redistribution: 55 examples at level Hard
Before redistribution: 54 examples at level VeryHard
Before redistribution: 55 examples at level VeryEasy
Before redistribution: 55 examples at level Easy
Before redistribution: 54 examples at level Medium
Before redistribution: 55 examples at level Hard
Before redistribution: 54 examples at level VeryHard
Before redistribution: 55 examples at level VeryEasy
Before redistribution: 55 examples at level Easy
Before redistribution: 55 examples at level Medium
Before redistribution: 55 examples at level Hard
Before redistribution: 54 examples at level VeryHard
Before redistribution: 55 examples at level VeryEasy
Before redistribution: 55 examples at level Easy
Before redistribution: 55 examples at level Medium
Before redistribution: 55 examples at level Hard
Before redistribution: 55 examples at level VeryHard
Performing example redistribution across difficulty levels...
Redistributed 55 examples to level VeryEasy
Redistributed 55 examples to level Easy
Redistributed 55 examples to level Medium
Redistributed 55 examples to level Hard
Redistributed 55 examples to level VeryHard
After redistribution: 55 examples at level VeryEasy
After redistribution: 55 examples at level Easy
After redistribution: 55 examples at level Medium
After redistribution: 55 examples at level Hard
After redistribution: 55 examples at level VeryHard
Before redistribution: 55 examples at level VeryEasy
Before redistribution: 55 examples at level Easy
Before redistribution: 55 examples at level Medium
Before redistribution: 56 examples at level Hard
Before redistribution: 55 examples at level VeryHard
Before redistribution: 55 examples at level VeryEasy
Before redistribution: 56 examples at level Easy
Before redistribution: 55 examples at level Medium
Before redistribution: 56 examples at level Hard
Before redistribution: 55 examples at level VeryHard
Before redistribution: 56 examples at level VeryEasy
Before redistribution: 56 examples at level Easy
Before redistribution: 55 examples at level Medium
Before redistribution: 56 examples at level Hard
Before redistribution: 55 examples at level VeryHard
Before redistribution: 56 examples at level VeryEasy
Before redistribution: 56 examples at level Easy
Before redistribution: 56 examples at level Medium
Before redistribution: 56 examples at level Hard
Before redistribution: 55 examples at level VeryHard
Before redistribution: 56 examples at level VeryEasy
Before redistribution: 56 examples at level Easy
Before redistribution: 56 examples at level Medium
Before redistribution: 56 examples at level Hard
Before redistribution: 56 examples at level VeryHard
Performing example redistribution across difficulty levels...
Redistributed 56 examples to level VeryEasy
Redistributed 56 examples to level Easy
Redistributed 56 examples to level Medium
Redistributed 56 examples to level Hard
Redistributed 56 examples to level VeryHard
After redistribution: 56 examples at level VeryEasy
After redistribution: 56 examples at level Easy
After redistribution: 56 examples at level Medium
After redistribution: 56 examples at level Hard
After redistribution: 56 examples at level VeryHard
Before redistribution: 56 examples at level VeryEasy
Before redistribution: 56 examples at level Easy
Before redistribution: 56 examples at level Medium
Before redistribution: 57 examples at level Hard
Before redistribution: 56 examples at level VeryHard
Before redistribution: 56 examples at level VeryEasy
Before redistribution: 57 examples at level Easy
Before redistribution: 56 examples at level Medium
Before redistribution: 57 examples at level Hard
Before redistribution: 56 examples at level VeryHard
Before redistribution: 57 examples at level VeryEasy
Before redistribution: 57 examples at level Easy
Before redistribution: 56 examples at level Medium
Before redistribution: 57 examples at level Hard
Before redistribution: 56 examples at level VeryHard
Before redistribution: 57 examples at level VeryEasy
Before redistribution: 57 examples at level Easy
Before redistribution: 57 examples at level Medium
Before redistribution: 57 examples at level Hard
Before redistribution: 56 examples at level VeryHard
Before redistribution: 57 examples at level VeryEasy
Before redistribution: 57 examples at level Easy
Before redistribution: 57 examples at level Medium
Before redistribution: 57 examples at level Hard
Before redistribution: 57 examples at level VeryHard
Performing example redistribution across difficulty levels...
Redistributed 57 examples to level VeryEasy
Redistributed 57 examples to level Easy
Redistributed 57 examples to level Medium
Redistributed 57 examples to level Hard
Redistributed 57 examples to level VeryHard
After redistribution: 57 examples at level VeryEasy
After redistribution: 57 examples at level Easy
After redistribution: 57 examples at level Medium
After redistribution: 57 examples at level Hard
After redistribution: 57 examples at level VeryHard
Before redistribution: 57 examples at level VeryEasy
Before redistribution: 57 examples at level Easy
Before redistribution: 57 examples at level Medium
Before redistribution: 58 examples at level Hard
Before redistribution: 57 examples at level VeryHard
Before redistribution: 57 examples at level VeryEasy
Before redistribution: 58 examples at level Easy
Before redistribution: 57 examples at level Medium
Before redistribution: 58 examples at level Hard
Before redistribution: 57 examples at level VeryHard
Before redistribution: 58 examples at level VeryEasy
Before redistribution: 58 examples at level Easy
Before redistribution: 57 examples at level Medium
Before redistribution: 58 examples at level Hard
Before redistribution: 57 examples at level VeryHard
Before redistribution: 58 examples at level VeryEasy
Before redistribution: 58 examples at level Easy
Before redistribution: 58 examples at level Medium
Before redistribution: 58 examples at level Hard
Before redistribution: 57 examples at level VeryHard
Before redistribution: 58 examples at level VeryEasy
Before redistribution: 58 examples at level Easy
Before redistribution: 58 examples at level Medium
Before redistribution: 58 examples at level Hard
Before redistribution: 58 examples at level VeryHard
Performing example redistribution across difficulty levels...
Redistributed 58 examples to level VeryEasy
Redistributed 58 examples to level Easy
Redistributed 58 examples to level Medium
Redistributed 58 examples to level Hard
Redistributed 58 examples to level VeryHard
After redistribution: 58 examples at level VeryEasy
After redistribution: 58 examples at level Easy
After redistribution: 58 examples at level Medium
After redistribution: 58 examples at level Hard
After redistribution: 58 examples at level VeryHard
Before redistribution: 58 examples at level VeryEasy
Before redistribution: 58 examples at level Easy
Before redistribution: 58 examples at level Medium
Before redistribution: 59 examples at level Hard
Before redistribution: 58 examples at level VeryHard
Before redistribution: 58 examples at level VeryEasy
Before redistribution: 59 examples at level Easy
Before redistribution: 58 examples at level Medium
Before redistribution: 59 examples at level Hard
Before redistribution: 58 examples at level VeryHard
Before redistribution: 59 examples at level VeryEasy
Before redistribution: 59 examples at level Easy
Before redistribution: 58 examples at level Medium
Before redistribution: 59 examples at level Hard
Before redistribution: 58 examples at level VeryHard
Before redistribution: 59 examples at level VeryEasy
Before redistribution: 59 examples at level Easy
Before redistribution: 59 examples at level Medium
Before redistribution: 59 examples at level Hard
Before redistribution: 58 examples at level VeryHard
Before redistribution: 59 examples at level VeryEasy
Before redistribution: 59 examples at level Easy
Before redistribution: 59 examples at level Medium
Before redistribution: 59 examples at level Hard
Before redistribution: 59 examples at level VeryHard
Performing example redistribution across difficulty levels...
Redistributed 59 examples to level VeryEasy
Redistributed 59 examples to level Easy
Redistributed 59 examples to level Medium
Redistributed 59 examples to level Hard
Redistributed 59 examples to level VeryHard
After redistribution: 59 examples at level VeryEasy
After redistribution: 59 examples at level Easy
After redistribution: 59 examples at level Medium
After redistribution: 59 examples at level Hard
After redistribution: 59 examples at level VeryHard
Before redistribution: 59 examples at level VeryEasy
Before redistribution: 59 examples at level Easy
Before redistribution: 59 examples at level Medium
Before redistribution: 60 examples at level Hard
Before redistribution: 59 examples at level VeryHard
Before redistribution: 59 examples at level VeryEasy
Before redistribution: 60 examples at level Easy
Before redistribution: 59 examples at level Medium
Before redistribution: 60 examples at level Hard
Before redistribution: 59 examples at level VeryHard
Before redistribution: 60 examples at level VeryEasy
Before redistribution: 60 examples at level Easy
Before redistribution: 59 examples at level Medium
Before redistribution: 60 examples at level Hard
Before redistribution: 59 examples at level VeryHard
Before redistribution: 60 examples at level VeryEasy
Before redistribution: 60 examples at level Easy
Before redistribution: 60 examples at level Medium
Before redistribution: 60 examples at level Hard
Before redistribution: 59 examples at level VeryHard
Before redistribution: 60 examples at level VeryEasy
Before redistribution: 60 examples at level Easy
Before redistribution: 60 examples at level Medium
Before redistribution: 60 examples at level Hard
Before redistribution: 60 examples at level VeryHard
Performing example redistribution across difficulty levels...
Redistributed 60 examples to level VeryEasy
Redistributed 60 examples to level Easy
Redistributed 60 examples to level Medium
Redistributed 60 examples to level Hard
Redistributed 60 examples to level VeryHard
After redistribution: 60 examples at level VeryEasy
After redistribution: 60 examples at level Easy
After redistribution: 60 examples at level Medium
After redistribution: 60 examples at level Hard
After redistribution: 60 examples at level VeryHard
Before redistribution: 60 examples at level VeryEasy
Before redistribution: 60 examples at level Easy
Before redistribution: 60 examples at level Medium
Before redistribution: 61 examples at level Hard
Before redistribution: 60 examples at level VeryHard
Before redistribution: 60 examples at level VeryEasy
Before redistribution: 61 examples at level Easy
Before redistribution: 60 examples at level Medium
Before redistribution: 61 examples at level Hard
Before redistribution: 60 examples at level VeryHard
Before redistribution: 61 examples at level VeryEasy
Before redistribution: 61 examples at level Easy
Before redistribution: 60 examples at level Medium
Before redistribution: 61 examples at level Hard
Before redistribution: 60 examples at level VeryHard
Before redistribution: 61 examples at level VeryEasy
Before redistribution: 61 examples at level Easy
Before redistribution: 61 examples at level Medium
Before redistribution: 61 examples at level Hard
Before redistribution: 60 examples at level VeryHard
Before redistribution: 61 examples at level VeryEasy
Before redistribution: 61 examples at level Easy
Before redistribution: 61 examples at level Medium
Before redistribution: 61 examples at level Hard
Before redistribution: 61 examples at level VeryHard
Performing example redistribution across difficulty levels...
Redistributed 61 examples to level VeryEasy
Redistributed 61 examples to level Easy
Redistributed 61 examples to level Medium
Redistributed 61 examples to level Hard
Redistributed 61 examples to level VeryHard
After redistribution: 61 examples at level VeryEasy
After redistribution: 61 examples at level Easy
After redistribution: 61 examples at level Medium
After redistribution: 61 examples at level Hard
After redistribution: 61 examples at level VeryHard
Before redistribution: 61 examples at level VeryEasy
Before redistribution: 61 examples at level Easy
Before redistribution: 61 examples at level Medium
Before redistribution: 62 examples at level Hard
Before redistribution: 61 examples at level VeryHard
Before redistribution: 61 examples at level VeryEasy
Before redistribution: 62 examples at level Easy
Before redistribution: 61 examples at level Medium
Before redistribution: 62 examples at level Hard
Before redistribution: 61 examples at level VeryHard
Before redistribution: 62 examples at level VeryEasy
Before redistribution: 62 examples at level Easy
Before redistribution: 61 examples at level Medium
Before redistribution: 62 examples at level Hard
Before redistribution: 61 examples at level VeryHard
Before redistribution: 62 examples at level VeryEasy
Before redistribution: 62 examples at level Easy
Before redistribution: 62 examples at level Medium
Before redistribution: 62 examples at level Hard
Before redistribution: 61 examples at level VeryHard
Before redistribution: 62 examples at level VeryEasy
Before redistribution: 62 examples at level Easy
Before redistribution: 62 examples at level Medium
Before redistribution: 62 examples at level Hard
Before redistribution: 62 examples at level VeryHard
Performing example redistribution across difficulty levels...
Redistributed 62 examples to level VeryEasy
Redistributed 62 examples to level Easy
Redistributed 62 examples to level Medium
Redistributed 62 examples to level Hard
Redistributed 62 examples to level VeryHard
After redistribution: 62 examples at level VeryEasy
After redistribution: 62 examples at level Easy
After redistribution: 62 examples at level Medium
After redistribution: 62 examples at level Hard
After redistribution: 62 examples at level VeryHard
Before redistribution: 62 examples at level VeryEasy
Before redistribution: 62 examples at level Easy
Before redistribution: 62 examples at level Medium
Before redistribution: 63 examples at level Hard
Before redistribution: 62 examples at level VeryHard
Before redistribution: 62 examples at level VeryEasy
Before redistribution: 63 examples at level Easy
Before redistribution: 62 examples at level Medium
Before redistribution: 63 examples at level Hard
Before redistribution: 62 examples at level VeryHard
Before redistribution: 63 examples at level VeryEasy
Before redistribution: 63 examples at level Easy
Before redistribution: 62 examples at level Medium
Before redistribution: 63 examples at level Hard
Before redistribution: 62 examples at level VeryHard
Before redistribution: 63 examples at level VeryEasy
Before redistribution: 63 examples at level Easy
Before redistribution: 63 examples at level Medium
Before redistribution: 63 examples at level Hard
Before redistribution: 62 examples at level VeryHard
Before redistribution: 63 examples at level VeryEasy
Before redistribution: 63 examples at level Easy
Before redistribution: 63 examples at level Medium
Before redistribution: 63 examples at level Hard
Before redistribution: 63 examples at level VeryHard
Performing example redistribution across difficulty levels...
Redistributed 63 examples to level VeryEasy
Redistributed 63 examples to level Easy
Redistributed 63 examples to level Medium
Redistributed 63 examples to level Hard
Redistributed 63 examples to level VeryHard
After redistribution: 63 examples at level VeryEasy
After redistribution: 63 examples at level Easy
After redistribution: 63 examples at level Medium
After redistribution: 63 examples at level Hard
After redistribution: 63 examples at level VeryHard
Before redistribution: 63 examples at level VeryEasy
Before redistribution: 63 examples at level Easy
Before redistribution: 63 examples at level Medium
Before redistribution: 64 examples at level Hard
Before redistribution: 63 examples at level VeryHard
Before redistribution: 63 examples at level VeryEasy
Before redistribution: 64 examples at level Easy
Before redistribution: 63 examples at level Medium
Before redistribution: 64 examples at level Hard
Before redistribution: 63 examples at level VeryHard
Before redistribution: 64 examples at level VeryEasy
Before redistribution: 64 examples at level Easy
Before redistribution: 63 examples at level Medium
Before redistribution: 64 examples at level Hard
Before redistribution: 63 examples at level VeryHard
Before redistribution: 64 examples at level VeryEasy
Before redistribution: 64 examples at level Easy
Before redistribution: 64 examples at level Medium
Before redistribution: 64 examples at level Hard
Before redistribution: 63 examples at level VeryHard
Before redistribution: 64 examples at level VeryEasy
Before redistribution: 64 examples at level Easy
Before redistribution: 64 examples at level Medium
Before redistribution: 64 examples at level Hard
Before redistribution: 64 examples at level VeryHard
Performing example redistribution across difficulty levels...
Redistributed 64 examples to level VeryEasy
Redistributed 64 examples to level Easy
Redistributed 64 examples to level Medium
Redistributed 64 examples to level Hard
Redistributed 64 examples to level VeryHard
After redistribution: 64 examples at level VeryEasy
After redistribution: 64 examples at level Easy
After redistribution: 64 examples at level Medium
After redistribution: 64 examples at level Hard
After redistribution: 64 examples at level VeryHard
Before redistribution: 64 examples at level VeryEasy
Before redistribution: 64 examples at level Easy
Before redistribution: 64 examples at level Medium
Before redistribution: 65 examples at level Hard
Before redistribution: 64 examples at level VeryHard
Before redistribution: 64 examples at level VeryEasy
Before redistribution: 65 examples at level Easy
Before redistribution: 64 examples at level Medium
Before redistribution: 65 examples at level Hard
Before redistribution: 64 examples at level VeryHard
Before redistribution: 65 examples at level VeryEasy
Before redistribution: 65 examples at level Easy
Before redistribution: 64 examples at level Medium
Before redistribution: 65 examples at level Hard
Before redistribution: 64 examples at level VeryHard
Before redistribution: 65 examples at level VeryEasy
Before redistribution: 65 examples at level Easy
Before redistribution: 65 examples at level Medium
Before redistribution: 65 examples at level Hard
Before redistribution: 64 examples at level VeryHard
Before redistribution: 65 examples at level VeryEasy
Before redistribution: 65 examples at level Easy
Before redistribution: 65 examples at level Medium
Before redistribution: 65 examples at level Hard
Before redistribution: 65 examples at level VeryHard
Performing example redistribution across difficulty levels...
Redistributed 65 examples to level VeryEasy
Redistributed 65 examples to level Easy
Redistributed 65 examples to level Medium
Redistributed 65 examples to level Hard
Redistributed 65 examples to level VeryHard
After redistribution: 65 examples at level VeryEasy
After redistribution: 65 examples at level Easy
After redistribution: 65 examples at level Medium
After redistribution: 65 examples at level Hard
After redistribution: 65 examples at level VeryHard
Before redistribution: 65 examples at level VeryEasy
Before redistribution: 65 examples at level Easy
Before redistribution: 65 examples at level Medium
Before redistribution: 66 examples at level Hard
Before redistribution: 65 examples at level VeryHard
Before redistribution: 65 examples at level VeryEasy
Before redistribution: 66 examples at level Easy
Before redistribution: 65 examples at level Medium
Before redistribution: 66 examples at level Hard
Before redistribution: 65 examples at level VeryHard
Before redistribution: 66 examples at level VeryEasy
Before redistribution: 66 examples at level Easy
Before redistribution: 65 examples at level Medium
Before redistribution: 66 examples at level Hard
Before redistribution: 65 examples at level VeryHard
Before redistribution: 66 examples at level VeryEasy
Before redistribution: 66 examples at level Easy
Before redistribution: 66 examples at level Medium
Before redistribution: 66 examples at level Hard
Before redistribution: 65 examples at level VeryHard
Before redistribution: 66 examples at level VeryEasy
Before redistribution: 66 examples at level Easy
Before redistribution: 66 examples at level Medium
Before redistribution: 66 examples at level Hard
Before redistribution: 66 examples at level VeryHard
Performing example redistribution across difficulty levels...
Redistributed 66 examples to level VeryEasy
Redistributed 66 examples to level Easy
Redistributed 66 examples to level Medium
Redistributed 66 examples to level Hard
Redistributed 66 examples to level VeryHard
After redistribution: 66 examples at level VeryEasy
After redistribution: 66 examples at level Easy
After redistribution: 66 examples at level Medium
After redistribution: 66 examples at level Hard
After redistribution: 66 examples at level VeryHard
Before redistribution: 66 examples at level VeryEasy
Before redistribution: 66 examples at level Easy
Before redistribution: 66 examples at level Medium
Before redistribution: 67 examples at level Hard
Before redistribution: 66 examples at level VeryHard
Before redistribution: 66 examples at level VeryEasy
Before redistribution: 67 examples at level Easy
Before redistribution: 66 examples at level Medium
Before redistribution: 67 examples at level Hard
Before redistribution: 66 examples at level VeryHard
Before redistribution: 67 examples at level VeryEasy
Before redistribution: 67 examples at level Easy
Before redistribution: 66 examples at level Medium
Before redistribution: 67 examples at level Hard
Before redistribution: 66 examples at level VeryHard
Before redistribution: 67 examples at level VeryEasy
Before redistribution: 67 examples at level Easy
Before redistribution: 67 examples at level Medium
Before redistribution: 67 examples at level Hard
Before redistribution: 66 examples at level VeryHard
Before redistribution: 67 examples at level VeryEasy
Before redistribution: 67 examples at level Easy
Before redistribution: 67 examples at level Medium
Before redistribution: 67 examples at level Hard
Before redistribution: 67 examples at level VeryHard
Performing example redistribution across difficulty levels...
Redistributed 67 examples to level VeryEasy
Redistributed 67 examples to level Easy
Redistributed 67 examples to level Medium
Redistributed 67 examples to level Hard
Redistributed 67 examples to level VeryHard
After redistribution: 67 examples at level VeryEasy
After redistribution: 67 examples at level Easy
After redistribution: 67 examples at level Medium
After redistribution: 67 examples at level Hard
After redistribution: 67 examples at level VeryHard
Before redistribution: 67 examples at level VeryEasy
Before redistribution: 67 examples at level Easy
Before redistribution: 67 examples at level Medium
Before redistribution: 68 examples at level Hard
Before redistribution: 67 examples at level VeryHard
Before redistribution: 67 examples at level VeryEasy
Before redistribution: 68 examples at level Easy
Before redistribution: 67 examples at level Medium
Before redistribution: 68 examples at level Hard
Before redistribution: 67 examples at level VeryHard
Before redistribution: 68 examples at level VeryEasy
Before redistribution: 68 examples at level Easy
Before redistribution: 67 examples at level Medium
Before redistribution: 68 examples at level Hard
Before redistribution: 67 examples at level VeryHard
Before redistribution: 68 examples at level VeryEasy
Before redistribution: 68 examples at level Easy
Before redistribution: 68 examples at level Medium
Before redistribution: 68 examples at level Hard
Before redistribution: 67 examples at level VeryHard
Before redistribution: 68 examples at level VeryEasy
Before redistribution: 68 examples at level Easy
Before redistribution: 68 examples at level Medium
Before redistribution: 68 examples at level Hard
Before redistribution: 68 examples at level VeryHard
Performing example redistribution across difficulty levels...
Redistributed 68 examples to level VeryEasy
Redistributed 68 examples to level Easy
Redistributed 68 examples to level Medium
Redistributed 68 examples to level Hard
Redistributed 68 examples to level VeryHard
After redistribution: 68 examples at level VeryEasy
After redistribution: 68 examples at level Easy
After redistribution: 68 examples at level Medium
After redistribution: 68 examples at level Hard
After redistribution: 68 examples at level VeryHard
Before redistribution: 68 examples at level VeryEasy
Before redistribution: 68 examples at level Easy
Before redistribution: 68 examples at level Medium
Before redistribution: 69 examples at level Hard
Before redistribution: 68 examples at level VeryHard
Before redistribution: 68 examples at level VeryEasy
Before redistribution: 69 examples at level Easy
Before redistribution: 68 examples at level Medium
Before redistribution: 69 examples at level Hard
Before redistribution: 68 examples at level VeryHard
Before redistribution: 69 examples at level VeryEasy
Before redistribution: 69 examples at level Easy
Before redistribution: 68 examples at level Medium
Before redistribution: 69 examples at level Hard
Before redistribution: 68 examples at level VeryHard
Before redistribution: 69 examples at level VeryEasy
Before redistribution: 69 examples at level Easy
Before redistribution: 69 examples at level Medium
Before redistribution: 69 examples at level Hard
Before redistribution: 68 examples at level VeryHard
Before redistribution: 69 examples at level VeryEasy
Before redistribution: 69 examples at level Easy
Before redistribution: 69 examples at level Medium
Before redistribution: 69 examples at level Hard
Before redistribution: 69 examples at level VeryHard
Performing example redistribution across difficulty levels...
Redistributed 69 examples to level VeryEasy
Redistributed 69 examples to level Easy
Redistributed 69 examples to level Medium
Redistributed 69 examples to level Hard
Redistributed 69 examples to level VeryHard
After redistribution: 69 examples at level VeryEasy
After redistribution: 69 examples at level Easy
After redistribution: 69 examples at level Medium
After redistribution: 69 examples at level Hard
After redistribution: 69 examples at level VeryHard
Before redistribution: 69 examples at level VeryEasy
Before redistribution: 69 examples at level Easy
Before redistribution: 69 examples at level Medium
Before redistribution: 70 examples at level Hard
Before redistribution: 69 examples at level VeryHard
Before redistribution: 69 examples at level VeryEasy
Before redistribution: 70 examples at level Easy
Before redistribution: 69 examples at level Medium
Before redistribution: 70 examples at level Hard
Before redistribution: 69 examples at level VeryHard
Before redistribution: 70 examples at level VeryEasy
Before redistribution: 70 examples at level Easy
Before redistribution: 69 examples at level Medium
Before redistribution: 70 examples at level Hard
Before redistribution: 69 examples at level VeryHard
Before redistribution: 70 examples at level VeryEasy
Before redistribution: 70 examples at level Easy
Before redistribution: 70 examples at level Medium
Before redistribution: 70 examples at level Hard
Before redistribution: 69 examples at level VeryHard
Before redistribution: 70 examples at level VeryEasy
Before redistribution: 70 examples at level Easy
Before redistribution: 70 examples at level Medium
Before redistribution: 70 examples at level Hard
Before redistribution: 70 examples at level VeryHard
Performing example redistribution across difficulty levels...
Redistributed 70 examples to level VeryEasy
Redistributed 70 examples to level Easy
Redistributed 70 examples to level Medium
Redistributed 70 examples to level Hard
Redistributed 70 examples to level VeryHard
After redistribution: 70 examples at level VeryEasy
After redistribution: 70 examples at level Easy
After redistribution: 70 examples at level Medium
After redistribution: 70 examples at level Hard
After redistribution: 70 examples at level VeryHard
Before redistribution: 70 examples at level VeryEasy
Before redistribution: 70 examples at level Easy
Before redistribution: 70 examples at level Medium
Before redistribution: 71 examples at level Hard
Before redistribution: 70 examples at level VeryHard
Before redistribution: 70 examples at level VeryEasy
Before redistribution: 71 examples at level Easy
Before redistribution: 70 examples at level Medium
Before redistribution: 71 examples at level Hard
Before redistribution: 70 examples at level VeryHard
Before redistribution: 71 examples at level VeryEasy
Before redistribution: 71 examples at level Easy
Before redistribution: 70 examples at level Medium
Before redistribution: 71 examples at level Hard
Before redistribution: 70 examples at level VeryHard
Before redistribution: 71 examples at level VeryEasy
Before redistribution: 71 examples at level Easy
Before redistribution: 71 examples at level Medium
Before redistribution: 71 examples at level Hard
Before redistribution: 70 examples at level VeryHard
Before redistribution: 71 examples at level VeryEasy
Before redistribution: 71 examples at level Easy
Before redistribution: 71 examples at level Medium
Before redistribution: 71 examples at level Hard
Before redistribution: 71 examples at level VeryHard
Performing example redistribution across difficulty levels...
Redistributed 71 examples to level VeryEasy
Redistributed 71 examples to level Easy
Redistributed 71 examples to level Medium
Redistributed 71 examples to level Hard
Redistributed 71 examples to level VeryHard
After redistribution: 71 examples at level VeryEasy
After redistribution: 71 examples at level Easy
After redistribution: 71 examples at level Medium
After redistribution: 71 examples at level Hard
After redistribution: 71 examples at level VeryHard
Before redistribution: 71 examples at level VeryEasy
Before redistribution: 71 examples at level Easy
Before redistribution: 71 examples at level Medium
Before redistribution: 72 examples at level Hard
Before redistribution: 71 examples at level VeryHard
Before redistribution: 71 examples at level VeryEasy
Before redistribution: 72 examples at level Easy
Before redistribution: 71 examples at level Medium
Before redistribution: 72 examples at level Hard
Before redistribution: 71 examples at level VeryHard
Before redistribution: 72 examples at level VeryEasy
Before redistribution: 72 examples at level Easy
Before redistribution: 71 examples at level Medium
Before redistribution: 72 examples at level Hard
Before redistribution: 71 examples at level VeryHard
Before redistribution: 72 examples at level VeryEasy
Before redistribution: 72 examples at level Easy
Before redistribution: 72 examples at level Medium
Before redistribution: 72 examples at level Hard
Before redistribution: 71 examples at level VeryHard
Before redistribution: 72 examples at level VeryEasy
Before redistribution: 72 examples at level Easy
Before redistribution: 72 examples at level Medium
Before redistribution: 72 examples at level Hard
Before redistribution: 72 examples at level VeryHard
Performing example redistribution across difficulty levels...
Redistributed 72 examples to level VeryEasy
Redistributed 72 examples to level Easy
Redistributed 72 examples to level Medium
Redistributed 72 examples to level Hard
Redistributed 72 examples to level VeryHard
After redistribution: 72 examples at level VeryEasy
After redistribution: 72 examples at level Easy
After redistribution: 72 examples at level Medium
After redistribution: 72 examples at level Hard
After redistribution: 72 examples at level VeryHard
Before redistribution: 72 examples at level VeryEasy
Before redistribution: 72 examples at level Easy
Before redistribution: 72 examples at level Medium
Before redistribution: 73 examples at level Hard
Before redistribution: 72 examples at level VeryHard
Before redistribution: 72 examples at level VeryEasy
Before redistribution: 73 examples at level Easy
Before redistribution: 72 examples at level Medium
Before redistribution: 73 examples at level Hard
Before redistribution: 72 examples at level VeryHard
Before redistribution: 73 examples at level VeryEasy
Before redistribution: 73 examples at level Easy
Before redistribution: 72 examples at level Medium
Before redistribution: 73 examples at level Hard
Before redistribution: 72 examples at level VeryHard
Before redistribution: 73 examples at level VeryEasy
Before redistribution: 73 examples at level Easy
Before redistribution: 73 examples at level Medium
Before redistribution: 73 examples at level Hard
Before redistribution: 72 examples at level VeryHard
Before redistribution: 73 examples at level VeryEasy
Before redistribution: 73 examples at level Easy
Before redistribution: 73 examples at level Medium
Before redistribution: 73 examples at level Hard
Before redistribution: 73 examples at level VeryHard
Performing example redistribution across difficulty levels...
Redistributed 73 examples to level VeryEasy
Redistributed 73 examples to level Easy
Redistributed 73 examples to level Medium
Redistributed 73 examples to level Hard
Redistributed 73 examples to level VeryHard
After redistribution: 73 examples at level VeryEasy
After redistribution: 73 examples at level Easy
After redistribution: 73 examples at level Medium
After redistribution: 73 examples at level Hard
After redistribution: 73 examples at level VeryHard
Before redistribution: 73 examples at level VeryEasy
Before redistribution: 73 examples at level Easy
Before redistribution: 73 examples at level Medium
Before redistribution: 74 examples at level Hard
Before redistribution: 73 examples at level VeryHard
Before redistribution: 73 examples at level VeryEasy
Before redistribution: 74 examples at level Easy
Before redistribution: 73 examples at level Medium
Before redistribution: 74 examples at level Hard
Before redistribution: 73 examples at level VeryHard
Before redistribution: 74 examples at level VeryEasy
Before redistribution: 74 examples at level Easy
Before redistribution: 73 examples at level Medium
Before redistribution: 74 examples at level Hard
Before redistribution: 73 examples at level VeryHard
Before redistribution: 74 examples at level VeryEasy
Before redistribution: 74 examples at level Easy
Before redistribution: 74 examples at level Medium
Before redistribution: 74 examples at level Hard
Before redistribution: 73 examples at level VeryHard
Before redistribution: 74 examples at level VeryEasy
Before redistribution: 74 examples at level Easy
Before redistribution: 74 examples at level Medium
Before redistribution: 74 examples at level Hard
Before redistribution: 74 examples at level VeryHard
Performing example redistribution across difficulty levels...
Redistributed 74 examples to level VeryEasy
Redistributed 74 examples to level Easy
Redistributed 74 examples to level Medium
Redistributed 74 examples to level Hard
Redistributed 74 examples to level VeryHard
After redistribution: 74 examples at level VeryEasy
After redistribution: 74 examples at level Easy
After redistribution: 74 examples at level Medium
After redistribution: 74 examples at level Hard
After redistribution: 74 examples at level VeryHard
Before redistribution: 74 examples at level VeryEasy
Before redistribution: 74 examples at level Easy
Before redistribution: 74 examples at level Medium
Before redistribution: 75 examples at level Hard
Before redistribution: 74 examples at level VeryHard
Before redistribution: 74 examples at level VeryEasy
Before redistribution: 75 examples at level Easy
Before redistribution: 74 examples at level Medium
Before redistribution: 75 examples at level Hard
Before redistribution: 74 examples at level VeryHard
Before redistribution: 75 examples at level VeryEasy
Before redistribution: 75 examples at level Easy
Before redistribution: 74 examples at level Medium
Before redistribution: 75 examples at level Hard
Before redistribution: 74 examples at level VeryHard
Before redistribution: 75 examples at level VeryEasy
Before redistribution: 75 examples at level Easy
Before redistribution: 75 examples at level Medium
Before redistribution: 75 examples at level Hard
Before redistribution: 74 examples at level VeryHard
Before redistribution: 75 examples at level VeryEasy
Before redistribution: 75 examples at level Easy
Before redistribution: 75 examples at level Medium
Before redistribution: 75 examples at level Hard
Before redistribution: 75 examples at level VeryHard
Performing example redistribution across difficulty levels...
Redistributed 75 examples to level VeryEasy
Redistributed 75 examples to level Easy
Redistributed 75 examples to level Medium
Redistributed 75 examples to level Hard
Redistributed 75 examples to level VeryHard
After redistribution: 75 examples at level VeryEasy
After redistribution: 75 examples at level Easy
After redistribution: 75 examples at level Medium
After redistribution: 75 examples at level Hard
After redistribution: 75 examples at level VeryHard
Before redistribution: 75 examples at level VeryEasy
Before redistribution: 75 examples at level Easy
Before redistribution: 75 examples at level Medium
Before redistribution: 76 examples at level Hard
Before redistribution: 75 examples at level VeryHard
Before redistribution: 75 examples at level VeryEasy
Before redistribution: 76 examples at level Easy
Before redistribution: 75 examples at level Medium
Before redistribution: 76 examples at level Hard
Before redistribution: 75 examples at level VeryHard
Before redistribution: 76 examples at level VeryEasy
Before redistribution: 76 examples at level Easy
Before redistribution: 75 examples at level Medium
Before redistribution: 76 examples at level Hard
Before redistribution: 75 examples at level VeryHard
Before redistribution: 76 examples at level VeryEasy
Before redistribution: 76 examples at level Easy
Before redistribution: 76 examples at level Medium
Before redistribution: 76 examples at level Hard
Before redistribution: 75 examples at level VeryHard
Before redistribution: 76 examples at level VeryEasy
Before redistribution: 76 examples at level Easy
Before redistribution: 76 examples at level Medium
Before redistribution: 76 examples at level Hard
Before redistribution: 76 examples at level VeryHard
Performing example redistribution across difficulty levels...
Redistributed 76 examples to level VeryEasy
Redistributed 76 examples to level Easy
Redistributed 76 examples to level Medium
Redistributed 76 examples to level Hard
Redistributed 76 examples to level VeryHard
After redistribution: 76 examples at level VeryEasy
After redistribution: 76 examples at level Easy
After redistribution: 76 examples at level Medium
After redistribution: 76 examples at level Hard
After redistribution: 76 examples at level VeryHard
Before redistribution: 76 examples at level VeryEasy
Before redistribution: 76 examples at level Easy
Before redistribution: 76 examples at level Medium
Before redistribution: 77 examples at level Hard
Before redistribution: 76 examples at level VeryHard
Before redistribution: 76 examples at level VeryEasy
Before redistribution: 77 examples at level Easy
Before redistribution: 76 examples at level Medium
Before redistribution: 77 examples at level Hard
Before redistribution: 76 examples at level VeryHard
Before redistribution: 77 examples at level VeryEasy
Before redistribution: 77 examples at level Easy
Before redistribution: 76 examples at level Medium
Before redistribution: 77 examples at level Hard
Before redistribution: 76 examples at level VeryHard
Before redistribution: 77 examples at level VeryEasy
Before redistribution: 77 examples at level Easy
Before redistribution: 77 examples at level Medium
Before redistribution: 77 examples at level Hard
Before redistribution: 76 examples at level VeryHard
Before redistribution: 77 examples at level VeryEasy
Before redistribution: 77 examples at level Easy
Before redistribution: 77 examples at level Medium
Before redistribution: 77 examples at level Hard
Before redistribution: 77 examples at level VeryHard
Performing example redistribution across difficulty levels...
Redistributed 77 examples to level VeryEasy
Redistributed 77 examples to level Easy
Redistributed 77 examples to level Medium
Redistributed 77 examples to level Hard
Redistributed 77 examples to level VeryHard
After redistribution: 77 examples at level VeryEasy
After redistribution: 77 examples at level Easy
After redistribution: 77 examples at level Medium
After redistribution: 77 examples at level Hard
After redistribution: 77 examples at level VeryHard
Before redistribution: 77 examples at level VeryEasy
Before redistribution: 77 examples at level Easy
Before redistribution: 77 examples at level Medium
Before redistribution: 78 examples at level Hard
Before redistribution: 77 examples at level VeryHard
Before redistribution: 77 examples at level VeryEasy
Before redistribution: 78 examples at level Easy
Before redistribution: 77 examples at level Medium
Before redistribution: 78 examples at level Hard
Before redistribution: 77 examples at level VeryHard
Before redistribution: 78 examples at level VeryEasy
Before redistribution: 78 examples at level Easy
Before redistribution: 77 examples at level Medium
Before redistribution: 78 examples at level Hard
Before redistribution: 77 examples at level VeryHard
Before redistribution: 78 examples at level VeryEasy
Before redistribution: 78 examples at level Easy
Before redistribution: 78 examples at level Medium
Before redistribution: 78 examples at level Hard
Before redistribution: 77 examples at level VeryHard
Before redistribution: 78 examples at level VeryEasy
Before redistribution: 78 examples at level Easy
Before redistribution: 78 examples at level Medium
Before redistribution: 78 examples at level Hard
Before redistribution: 78 examples at level VeryHard
Performing example redistribution across difficulty levels...
Redistributed 78 examples to level VeryEasy
Redistributed 78 examples to level Easy
Redistributed 78 examples to level Medium
Redistributed 78 examples to level Hard
Redistributed 78 examples to level VeryHard
After redistribution: 78 examples at level VeryEasy
After redistribution: 78 examples at level Easy
After redistribution: 78 examples at level Medium
After redistribution: 78 examples at level Hard
After redistribution: 78 examples at level VeryHard
Before redistribution: 78 examples at level VeryEasy
Before redistribution: 78 examples at level Easy
Before redistribution: 78 examples at level Medium
Before redistribution: 79 examples at level Hard
Before redistribution: 78 examples at level VeryHard
Before redistribution: 78 examples at level VeryEasy
Before redistribution: 79 examples at level Easy
Before redistribution: 78 examples at level Medium
Before redistribution: 79 examples at level Hard
Before redistribution: 78 examples at level VeryHard
Before redistribution: 79 examples at level VeryEasy
Before redistribution: 79 examples at level Easy
Before redistribution: 78 examples at level Medium
Before redistribution: 79 examples at level Hard
Before redistribution: 78 examples at level VeryHard
Before redistribution: 79 examples at level VeryEasy
Before redistribution: 79 examples at level Easy
Before redistribution: 79 examples at level Medium
Before redistribution: 79 examples at level Hard
Before redistribution: 78 examples at level VeryHard
Before redistribution: 79 examples at level VeryEasy
Before redistribution: 79 examples at level Easy
Before redistribution: 79 examples at level Medium
Before redistribution: 79 examples at level Hard
Before redistribution: 79 examples at level VeryHard
Performing example redistribution across difficulty levels...
Redistributed 79 examples to level VeryEasy
Redistributed 79 examples to level Easy
Redistributed 79 examples to level Medium
Redistributed 79 examples to level Hard
Redistributed 79 examples to level VeryHard
After redistribution: 79 examples at level VeryEasy
After redistribution: 79 examples at level Easy
After redistribution: 79 examples at level Medium
After redistribution: 79 examples at level Hard
After redistribution: 79 examples at level VeryHard
Before redistribution: 79 examples at level VeryEasy
Before redistribution: 79 examples at level Easy
Before redistribution: 79 examples at level Medium
Before redistribution: 80 examples at level Hard
Before redistribution: 79 examples at level VeryHard
Before redistribution: 79 examples at level VeryEasy
Before redistribution: 80 examples at level Easy
Before redistribution: 79 examples at level Medium
Before redistribution: 80 examples at level Hard
Before redistribution: 79 examples at level VeryHard
Before redistribution: 80 examples at level VeryEasy
Before redistribution: 80 examples at level Easy
Before redistribution: 79 examples at level Medium
Before redistribution: 80 examples at level Hard
Before redistribution: 79 examples at level VeryHard
Before redistribution: 80 examples at level VeryEasy
Before redistribution: 80 examples at level Easy
Before redistribution: 80 examples at level Medium
Before redistribution: 80 examples at level Hard
Before redistribution: 79 examples at level VeryHard
Before redistribution: 80 examples at level VeryEasy
Before redistribution: 80 examples at level Easy
Before redistribution: 80 examples at level Medium
Before redistribution: 80 examples at level Hard
Before redistribution: 80 examples at level VeryHard
Performing example redistribution across difficulty levels...
Redistributed 80 examples to level VeryEasy
Redistributed 80 examples to level Easy
Redistributed 80 examples to level Medium
Redistributed 80 examples to level Hard
Redistributed 80 examples to level VeryHard
After redistribution: 80 examples at level VeryEasy
After redistribution: 80 examples at level Easy
After redistribution: 80 examples at level Medium
After redistribution: 80 examples at level Hard
After redistribution: 80 examples at level VeryHard
Before redistribution: 80 examples at level VeryEasy
Before redistribution: 80 examples at level Easy
Before redistribution: 80 examples at level Medium
Before redistribution: 81 examples at level Hard
Before redistribution: 80 examples at level VeryHard
Before redistribution: 80 examples at level VeryEasy
Before redistribution: 81 examples at level Easy
Before redistribution: 80 examples at level Medium
Before redistribution: 81 examples at level Hard
Before redistribution: 80 examples at level VeryHard
Before redistribution: 81 examples at level VeryEasy
Before redistribution: 81 examples at level Easy
Before redistribution: 80 examples at level Medium
Before redistribution: 81 examples at level Hard
Before redistribution: 80 examples at level VeryHard
Before redistribution: 81 examples at level VeryEasy
Before redistribution: 81 examples at level Easy
Before redistribution: 81 examples at level Medium
Before redistribution: 81 examples at level Hard
Before redistribution: 80 examples at level VeryHard
Before redistribution: 81 examples at level VeryEasy
Before redistribution: 81 examples at level Easy
Before redistribution: 81 examples at level Medium
Before redistribution: 81 examples at level Hard
Before redistribution: 81 examples at level VeryHard
Performing example redistribution across difficulty levels...
Redistributed 81 examples to level VeryEasy
Redistributed 81 examples to level Easy
Redistributed 81 examples to level Medium
Redistributed 81 examples to level Hard
Redistributed 81 examples to level VeryHard
After redistribution: 81 examples at level VeryEasy
After redistribution: 81 examples at level Easy
After redistribution: 81 examples at level Medium
After redistribution: 81 examples at level Hard
After redistribution: 81 examples at level VeryHard
Before redistribution: 81 examples at level VeryEasy
Before redistribution: 81 examples at level Easy
Before redistribution: 81 examples at level Medium
Before redistribution: 82 examples at level Hard
Before redistribution: 81 examples at level VeryHard
Before redistribution: 81 examples at level VeryEasy
Before redistribution: 82 examples at level Easy
Before redistribution: 81 examples at level Medium
Before redistribution: 82 examples at level Hard
Before redistribution: 81 examples at level VeryHard
Before redistribution: 82 examples at level VeryEasy
Before redistribution: 82 examples at level Easy
Before redistribution: 81 examples at level Medium
Before redistribution: 82 examples at level Hard
Before redistribution: 81 examples at level VeryHard
Before redistribution: 82 examples at level VeryEasy
Before redistribution: 82 examples at level Easy
Before redistribution: 82 examples at level Medium
Before redistribution: 82 examples at level Hard
Before redistribution: 81 examples at level VeryHard
Before redistribution: 82 examples at level VeryEasy
Before redistribution: 82 examples at level Easy
Before redistribution: 82 examples at level Medium
Before redistribution: 82 examples at level Hard
Before redistribution: 82 examples at level VeryHard
Performing example redistribution across difficulty levels...
Redistributed 82 examples to level VeryEasy
Redistributed 82 examples to level Easy
Redistributed 82 examples to level Medium
Redistributed 82 examples to level Hard
Redistributed 82 examples to level VeryHard
After redistribution: 82 examples at level VeryEasy
After redistribution: 82 examples at level Easy
After redistribution: 82 examples at level Medium
After redistribution: 82 examples at level Hard
After redistribution: 82 examples at level VeryHard
Before redistribution: 82 examples at level VeryEasy
Before redistribution: 82 examples at level Easy
Before redistribution: 82 examples at level Medium
Before redistribution: 83 examples at level Hard
Before redistribution: 82 examples at level VeryHard
Before redistribution: 82 examples at level VeryEasy
Before redistribution: 83 examples at level Easy
Before redistribution: 82 examples at level Medium
Before redistribution: 83 examples at level Hard
Before redistribution: 82 examples at level VeryHard
Before redistribution: 83 examples at level VeryEasy
Before redistribution: 83 examples at level Easy
Before redistribution: 82 examples at level Medium
Before redistribution: 83 examples at level Hard
Before redistribution: 82 examples at level VeryHard
Before redistribution: 83 examples at level VeryEasy
Before redistribution: 83 examples at level Easy
Before redistribution: 83 examples at level Medium
Before redistribution: 83 examples at level Hard
Before redistribution: 82 examples at level VeryHard
Before redistribution: 83 examples at level VeryEasy
Before redistribution: 83 examples at level Easy
Before redistribution: 83 examples at level Medium
Before redistribution: 83 examples at level Hard
Before redistribution: 83 examples at level VeryHard
Performing example redistribution across difficulty levels...
Redistributed 83 examples to level VeryEasy
Redistributed 83 examples to level Easy
Redistributed 83 examples to level Medium
Redistributed 83 examples to level Hard
Redistributed 83 examples to level VeryHard
After redistribution: 83 examples at level VeryEasy
After redistribution: 83 examples at level Easy
After redistribution: 83 examples at level Medium
After redistribution: 83 examples at level Hard
After redistribution: 83 examples at level VeryHard
Before redistribution: 83 examples at level VeryEasy
Before redistribution: 83 examples at level Easy
Before redistribution: 83 examples at level Medium
Before redistribution: 84 examples at level Hard
Before redistribution: 83 examples at level VeryHard
Before redistribution: 83 examples at level VeryEasy
Before redistribution: 84 examples at level Easy
Before redistribution: 83 examples at level Medium
Before redistribution: 84 examples at level Hard
Before redistribution: 83 examples at level VeryHard
Before redistribution: 84 examples at level VeryEasy
Before redistribution: 84 examples at level Easy
Before redistribution: 83 examples at level Medium
Before redistribution: 84 examples at level Hard
Before redistribution: 83 examples at level VeryHard
Before redistribution: 84 examples at level VeryEasy
Before redistribution: 84 examples at level Easy
Before redistribution: 84 examples at level Medium
Before redistribution: 84 examples at level Hard
Before redistribution: 83 examples at level VeryHard
Before redistribution: 84 examples at level VeryEasy
Before redistribution: 84 examples at level Easy
Before redistribution: 84 examples at level Medium
Before redistribution: 84 examples at level Hard
Before redistribution: 84 examples at level VeryHard
Performing example redistribution across difficulty levels...
Redistributed 84 examples to level VeryEasy
Redistributed 84 examples to level Easy
Redistributed 84 examples to level Medium
Redistributed 84 examples to level Hard
Redistributed 84 examples to level VeryHard
After redistribution: 84 examples at level VeryEasy
After redistribution: 84 examples at level Easy
After redistribution: 84 examples at level Medium
After redistribution: 84 examples at level Hard
After redistribution: 84 examples at level VeryHard
Before redistribution: 84 examples at level VeryEasy
Before redistribution: 84 examples at level Easy
Before redistribution: 84 examples at level Medium
Before redistribution: 85 examples at level Hard
Before redistribution: 84 examples at level VeryHard
Before redistribution: 84 examples at level VeryEasy
Before redistribution: 85 examples at level Easy
Before redistribution: 84 examples at level Medium
Before redistribution: 85 examples at level Hard
Before redistribution: 84 examples at level VeryHard
Before redistribution: 85 examples at level VeryEasy
Before redistribution: 85 examples at level Easy
Before redistribution: 84 examples at level Medium
Before redistribution: 85 examples at level Hard
Before redistribution: 84 examples at level VeryHard
Before redistribution: 85 examples at level VeryEasy
Before redistribution: 85 examples at level Easy
Before redistribution: 85 examples at level Medium
Before redistribution: 85 examples at level Hard
Before redistribution: 84 examples at level VeryHard
Before redistribution: 85 examples at level VeryEasy
Before redistribution: 85 examples at level Easy
Before redistribution: 85 examples at level Medium
Before redistribution: 85 examples at level Hard
Before redistribution: 85 examples at level VeryHard
Performing example redistribution across difficulty levels...
Redistributed 85 examples to level VeryEasy
Redistributed 85 examples to level Easy
Redistributed 85 examples to level Medium
Redistributed 85 examples to level Hard
Redistributed 85 examples to level VeryHard
After redistribution: 85 examples at level VeryEasy
After redistribution: 85 examples at level Easy
After redistribution: 85 examples at level Medium
After redistribution: 85 examples at level Hard
After redistribution: 85 examples at level VeryHard
Before redistribution: 85 examples at level VeryEasy
Before redistribution: 85 examples at level Easy
Before redistribution: 85 examples at level Medium
Before redistribution: 86 examples at level Hard
Before redistribution: 85 examples at level VeryHard
Before redistribution: 85 examples at level VeryEasy
Before redistribution: 86 examples at level Easy
Before redistribution: 85 examples at level Medium
Before redistribution: 86 examples at level Hard
Before redistribution: 85 examples at level VeryHard
Before redistribution: 86 examples at level VeryEasy
Before redistribution: 86 examples at level Easy
Before redistribution: 85 examples at level Medium
Before redistribution: 86 examples at level Hard
Before redistribution: 85 examples at level VeryHard
Before redistribution: 86 examples at level VeryEasy
Before redistribution: 86 examples at level Easy
Before redistribution: 86 examples at level Medium
Before redistribution: 86 examples at level Hard
Before redistribution: 85 examples at level VeryHard
Before redistribution: 86 examples at level VeryEasy
Before redistribution: 86 examples at level Easy
Before redistribution: 86 examples at level Medium
Before redistribution: 86 examples at level Hard
Before redistribution: 86 examples at level VeryHard
Performing example redistribution across difficulty levels...
Redistributed 86 examples to level VeryEasy
Redistributed 86 examples to level Easy
Redistributed 86 examples to level Medium
Redistributed 86 examples to level Hard
Redistributed 86 examples to level VeryHard
After redistribution: 86 examples at level VeryEasy
After redistribution: 86 examples at level Easy
After redistribution: 86 examples at level Medium
After redistribution: 86 examples at level Hard
After redistribution: 86 examples at level VeryHard
Before redistribution: 86 examples at level VeryEasy
Before redistribution: 86 examples at level Easy
Before redistribution: 86 examples at level Medium
Before redistribution: 87 examples at level Hard
Before redistribution: 86 examples at level VeryHard
Before redistribution: 86 examples at level VeryEasy
Before redistribution: 87 examples at level Easy
Before redistribution: 86 examples at level Medium
Before redistribution: 87 examples at level Hard
Before redistribution: 86 examples at level VeryHard
Before redistribution: 87 examples at level VeryEasy
Before redistribution: 87 examples at level Easy
Before redistribution: 86 examples at level Medium
Before redistribution: 87 examples at level Hard
Before redistribution: 86 examples at level VeryHard
Before redistribution: 87 examples at level VeryEasy
Before redistribution: 87 examples at level Easy
Before redistribution: 87 examples at level Medium
Before redistribution: 87 examples at level Hard
Before redistribution: 86 examples at level VeryHard
Before redistribution: 87 examples at level VeryEasy
Before redistribution: 87 examples at level Easy
Before redistribution: 87 examples at level Medium
Before redistribution: 87 examples at level Hard
Before redistribution: 87 examples at level VeryHard
Performing example redistribution across difficulty levels...
Redistributed 87 examples to level VeryEasy
Redistributed 87 examples to level Easy
Redistributed 87 examples to level Medium
Redistributed 87 examples to level Hard
Redistributed 87 examples to level VeryHard
After redistribution: 87 examples at level VeryEasy
After redistribution: 87 examples at level Easy
After redistribution: 87 examples at level Medium
After redistribution: 87 examples at level Hard
After redistribution: 87 examples at level VeryHard
Before redistribution: 87 examples at level VeryEasy
Before redistribution: 87 examples at level Easy
Before redistribution: 87 examples at level Medium
Before redistribution: 88 examples at level Hard
Before redistribution: 87 examples at level VeryHard
Before redistribution: 87 examples at level VeryEasy
Before redistribution: 88 examples at level Easy
Before redistribution: 87 examples at level Medium
Before redistribution: 88 examples at level Hard
Before redistribution: 87 examples at level VeryHard
Before redistribution: 88 examples at level VeryEasy
Before redistribution: 88 examples at level Easy
Before redistribution: 87 examples at level Medium
Before redistribution: 88 examples at level Hard
Before redistribution: 87 examples at level VeryHard
Before redistribution: 88 examples at level VeryEasy
Before redistribution: 88 examples at level Easy
Before redistribution: 88 examples at level Medium
Before redistribution: 88 examples at level Hard
Before redistribution: 87 examples at level VeryHard
Before redistribution: 88 examples at level VeryEasy
Before redistribution: 88 examples at level Easy
Before redistribution: 88 examples at level Medium
Before redistribution: 88 examples at level Hard
Before redistribution: 88 examples at level VeryHard
Performing example redistribution across difficulty levels...
Redistributed 88 examples to level VeryEasy
Redistributed 88 examples to level Easy
Redistributed 88 examples to level Medium
Redistributed 88 examples to level Hard
Redistributed 88 examples to level VeryHard
After redistribution: 88 examples at level VeryEasy
After redistribution: 88 examples at level Easy
After redistribution: 88 examples at level Medium
After redistribution: 88 examples at level Hard
After redistribution: 88 examples at level VeryHard
Before redistribution: 88 examples at level VeryEasy
Before redistribution: 88 examples at level Easy
Before redistribution: 88 examples at level Medium
Before redistribution: 89 examples at level Hard
Before redistribution: 88 examples at level VeryHard
Before redistribution: 88 examples at level VeryEasy
Before redistribution: 89 examples at level Easy
Before redistribution: 88 examples at level Medium
Before redistribution: 89 examples at level Hard
Before redistribution: 88 examples at level VeryHard
Before redistribution: 89 examples at level VeryEasy
Before redistribution: 89 examples at level Easy
Before redistribution: 88 examples at level Medium
Before redistribution: 89 examples at level Hard
Before redistribution: 88 examples at level VeryHard
Before redistribution: 89 examples at level VeryEasy
Before redistribution: 89 examples at level Easy
Before redistribution: 89 examples at level Medium
Before redistribution: 89 examples at level Hard
Before redistribution: 88 examples at level VeryHard
Before redistribution: 89 examples at level VeryEasy
Before redistribution: 89 examples at level Easy
Before redistribution: 89 examples at level Medium
Before redistribution: 89 examples at level Hard
Before redistribution: 89 examples at level VeryHard
Performing example redistribution across difficulty levels...
Redistributed 89 examples to level VeryEasy
Redistributed 89 examples to level Easy
Redistributed 89 examples to level Medium
Redistributed 89 examples to level Hard
Redistributed 89 examples to level VeryHard
After redistribution: 89 examples at level VeryEasy
After redistribution: 89 examples at level Easy
After redistribution: 89 examples at level Medium
After redistribution: 89 examples at level Hard
After redistribution: 89 examples at level VeryHard
Before redistribution: 89 examples at level VeryEasy
Before redistribution: 89 examples at level Easy
Before redistribution: 89 examples at level Medium
Before redistribution: 90 examples at level Hard
Before redistribution: 89 examples at level VeryHard
Before redistribution: 89 examples at level VeryEasy
Before redistribution: 90 examples at level Easy
Before redistribution: 89 examples at level Medium
Before redistribution: 90 examples at level Hard
Before redistribution: 89 examples at level VeryHard
Before redistribution: 90 examples at level VeryEasy
Before redistribution: 90 examples at level Easy
Before redistribution: 89 examples at level Medium
Before redistribution: 90 examples at level Hard
Before redistribution: 89 examples at level VeryHard
Before redistribution: 90 examples at level VeryEasy
Before redistribution: 90 examples at level Easy
Before redistribution: 90 examples at level Medium
Before redistribution: 90 examples at level Hard
Before redistribution: 89 examples at level VeryHard
Before redistribution: 90 examples at level VeryEasy
Before redistribution: 90 examples at level Easy
Before redistribution: 90 examples at level Medium
Before redistribution: 90 examples at level Hard
Before redistribution: 90 examples at level VeryHard
Performing example redistribution across difficulty levels...
Redistributed 90 examples to level VeryEasy
Redistributed 90 examples to level Easy
Redistributed 90 examples to level Medium
Redistributed 90 examples to level Hard
Redistributed 90 examples to level VeryHard
After redistribution: 90 examples at level VeryEasy
After redistribution: 90 examples at level Easy
After redistribution: 90 examples at level Medium
After redistribution: 90 examples at level Hard
After redistribution: 90 examples at level VeryHard
Before redistribution: 90 examples at level VeryEasy
Before redistribution: 90 examples at level Easy
Before redistribution: 90 examples at level Medium
Before redistribution: 91 examples at level Hard
Before redistribution: 90 examples at level VeryHard
Before redistribution: 90 examples at level VeryEasy
Before redistribution: 91 examples at level Easy
Before redistribution: 90 examples at level Medium
Before redistribution: 91 examples at level Hard
Before redistribution: 90 examples at level VeryHard
Before redistribution: 91 examples at level VeryEasy
Before redistribution: 91 examples at level Easy
Before redistribution: 90 examples at level Medium
Before redistribution: 91 examples at level Hard
Before redistribution: 90 examples at level VeryHard
Before redistribution: 91 examples at level VeryEasy
Before redistribution: 91 examples at level Easy
Before redistribution: 91 examples at level Medium
Before redistribution: 91 examples at level Hard
Before redistribution: 90 examples at level VeryHard
Before redistribution: 91 examples at level VeryEasy
Before redistribution: 91 examples at level Easy
Before redistribution: 91 examples at level Medium
Before redistribution: 91 examples at level Hard
Before redistribution: 91 examples at level VeryHard
Performing example redistribution across difficulty levels...
Redistributed 91 examples to level VeryEasy
Redistributed 91 examples to level Easy
Redistributed 91 examples to level Medium
Redistributed 91 examples to level Hard
Redistributed 91 examples to level VeryHard
After redistribution: 91 examples at level VeryEasy
After redistribution: 91 examples at level Easy
After redistribution: 91 examples at level Medium
After redistribution: 91 examples at level Hard
After redistribution: 91 examples at level VeryHard
Before redistribution: 91 examples at level VeryEasy
Before redistribution: 91 examples at level Easy
Before redistribution: 91 examples at level Medium
Before redistribution: 92 examples at level Hard
Before redistribution: 91 examples at level VeryHard
Before redistribution: 91 examples at level VeryEasy
Before redistribution: 92 examples at level Easy
Before redistribution: 91 examples at level Medium
Before redistribution: 92 examples at level Hard
Before redistribution: 91 examples at level VeryHard
Before redistribution: 92 examples at level VeryEasy
Before redistribution: 92 examples at level Easy
Before redistribution: 91 examples at level Medium
Before redistribution: 92 examples at level Hard
Before redistribution: 91 examples at level VeryHard
Before redistribution: 92 examples at level VeryEasy
Before redistribution: 92 examples at level Easy
Before redistribution: 92 examples at level Medium
Before redistribution: 92 examples at level Hard
Before redistribution: 91 examples at level VeryHard
Before redistribution: 92 examples at level VeryEasy
Before redistribution: 92 examples at level Easy
Before redistribution: 92 examples at level Medium
Before redistribution: 92 examples at level Hard
Before redistribution: 92 examples at level VeryHard
Performing example redistribution across difficulty levels...
Redistributed 92 examples to level VeryEasy
Redistributed 92 examples to level Easy
Redistributed 92 examples to level Medium
Redistributed 92 examples to level Hard
Redistributed 92 examples to level VeryHard
After redistribution: 92 examples at level VeryEasy
After redistribution: 92 examples at level Easy
After redistribution: 92 examples at level Medium
After redistribution: 92 examples at level Hard
After redistribution: 92 examples at level VeryHard
Before redistribution: 92 examples at level VeryEasy
Before redistribution: 92 examples at level Easy
Before redistribution: 92 examples at level Medium
Before redistribution: 93 examples at level Hard
Before redistribution: 92 examples at level VeryHard
Before redistribution: 92 examples at level VeryEasy
Before redistribution: 93 examples at level Easy
Before redistribution: 92 examples at level Medium
Before redistribution: 93 examples at level Hard
Before redistribution: 92 examples at level VeryHard
Before redistribution: 93 examples at level VeryEasy
Before redistribution: 93 examples at level Easy
Before redistribution: 92 examples at level Medium
Before redistribution: 93 examples at level Hard
Before redistribution: 92 examples at level VeryHard
Before redistribution: 93 examples at level VeryEasy
Before redistribution: 93 examples at level Easy
Before redistribution: 93 examples at level Medium
Before redistribution: 93 examples at level Hard
Before redistribution: 92 examples at level VeryHard
Before redistribution: 93 examples at level VeryEasy
Before redistribution: 93 examples at level Easy
Before redistribution: 93 examples at level Medium
Before redistribution: 93 examples at level Hard
Before redistribution: 93 examples at level VeryHard
Performing example redistribution across difficulty levels...
Redistributed 93 examples to level VeryEasy
Redistributed 93 examples to level Easy
Redistributed 93 examples to level Medium
Redistributed 93 examples to level Hard
Redistributed 93 examples to level VeryHard
After redistribution: 93 examples at level VeryEasy
After redistribution: 93 examples at level Easy
After redistribution: 93 examples at level Medium
After redistribution: 93 examples at level Hard
After redistribution: 93 examples at level VeryHard
Before redistribution: 93 examples at level VeryEasy
Before redistribution: 93 examples at level Easy
Before redistribution: 93 examples at level Medium
Before redistribution: 94 examples at level Hard
Before redistribution: 93 examples at level VeryHard
Before redistribution: 93 examples at level VeryEasy
Before redistribution: 94 examples at level Easy
Before redistribution: 93 examples at level Medium
Before redistribution: 94 examples at level Hard
Before redistribution: 93 examples at level VeryHard
Before redistribution: 94 examples at level VeryEasy
Before redistribution: 94 examples at level Easy
Before redistribution: 93 examples at level Medium
Before redistribution: 94 examples at level Hard
Before redistribution: 93 examples at level VeryHard
Before redistribution: 94 examples at level VeryEasy
Before redistribution: 94 examples at level Easy
Before redistribution: 94 examples at level Medium
Before redistribution: 94 examples at level Hard
Before redistribution: 93 examples at level VeryHard
Before redistribution: 94 examples at level VeryEasy
Before redistribution: 94 examples at level Easy
Before redistribution: 94 examples at level Medium
Before redistribution: 94 examples at level Hard
Before redistribution: 94 examples at level VeryHard
Performing example redistribution across difficulty levels...
Redistributed 94 examples to level VeryEasy
Redistributed 94 examples to level Easy
Redistributed 94 examples to level Medium
Redistributed 94 examples to level Hard
Redistributed 94 examples to level VeryHard
After redistribution: 94 examples at level VeryEasy
After redistribution: 94 examples at level Easy
After redistribution: 94 examples at level Medium
After redistribution: 94 examples at level Hard
After redistribution: 94 examples at level VeryHard
Before redistribution: 94 examples at level VeryEasy
Before redistribution: 94 examples at level Easy
Before redistribution: 94 examples at level Medium
Before redistribution: 95 examples at level Hard
Before redistribution: 94 examples at level VeryHard
Before redistribution: 94 examples at level VeryEasy
Before redistribution: 95 examples at level Easy
Before redistribution: 94 examples at level Medium
Before redistribution: 95 examples at level Hard
Before redistribution: 94 examples at level VeryHard
Before redistribution: 95 examples at level VeryEasy
Before redistribution: 95 examples at level Easy
Before redistribution: 94 examples at level Medium
Before redistribution: 95 examples at level Hard
Before redistribution: 94 examples at level VeryHard
Before redistribution: 95 examples at level VeryEasy
Before redistribution: 95 examples at level Easy
Before redistribution: 95 examples at level Medium
Before redistribution: 95 examples at level Hard
Before redistribution: 94 examples at level VeryHard
Before redistribution: 95 examples at level VeryEasy
Before redistribution: 95 examples at level Easy
Before redistribution: 95 examples at level Medium
Before redistribution: 95 examples at level Hard
Before redistribution: 95 examples at level VeryHard
Performing example redistribution across difficulty levels...
Redistributed 95 examples to level VeryEasy
Redistributed 95 examples to level Easy
Redistributed 95 examples to level Medium
Redistributed 95 examples to level Hard
Redistributed 95 examples to level VeryHard
After redistribution: 95 examples at level VeryEasy
After redistribution: 95 examples at level Easy
After redistribution: 95 examples at level Medium
After redistribution: 95 examples at level Hard
After redistribution: 95 examples at level VeryHard
Before redistribution: 95 examples at level VeryEasy
Before redistribution: 95 examples at level Easy
Before redistribution: 95 examples at level Medium
Before redistribution: 96 examples at level Hard
Before redistribution: 95 examples at level VeryHard
Before redistribution: 95 examples at level VeryEasy
Before redistribution: 96 examples at level Easy
Before redistribution: 95 examples at level Medium
Before redistribution: 96 examples at level Hard
Before redistribution: 95 examples at level VeryHard
Before redistribution: 96 examples at level VeryEasy
Before redistribution: 96 examples at level Easy
Before redistribution: 95 examples at level Medium
Before redistribution: 96 examples at level Hard
Before redistribution: 95 examples at level VeryHard
Before redistribution: 96 examples at level VeryEasy
Before redistribution: 96 examples at level Easy
Before redistribution: 96 examples at level Medium
Before redistribution: 96 examples at level Hard
Before redistribution: 95 examples at level VeryHard
Before redistribution: 96 examples at level VeryEasy
Before redistribution: 96 examples at level Easy
Before redistribution: 96 examples at level Medium
Before redistribution: 96 examples at level Hard
Before redistribution: 96 examples at level VeryHard
Performing example redistribution across difficulty levels...
Redistributed 96 examples to level VeryEasy
Redistributed 96 examples to level Easy
Redistributed 96 examples to level Medium
Redistributed 96 examples to level Hard
Redistributed 96 examples to level VeryHard
After redistribution: 96 examples at level VeryEasy
After redistribution: 96 examples at level Easy
After redistribution: 96 examples at level Medium
After redistribution: 96 examples at level Hard
After redistribution: 96 examples at level VeryHard
Before redistribution: 96 examples at level VeryEasy
Before redistribution: 96 examples at level Easy
Before redistribution: 96 examples at level Medium
Before redistribution: 97 examples at level Hard
Before redistribution: 96 examples at level VeryHard
Before redistribution: 96 examples at level VeryEasy
Before redistribution: 97 examples at level Easy
Before redistribution: 96 examples at level Medium
Before redistribution: 97 examples at level Hard
Before redistribution: 96 examples at level VeryHard
Before redistribution: 97 examples at level VeryEasy
Before redistribution: 97 examples at level Easy
Before redistribution: 96 examples at level Medium
Before redistribution: 97 examples at level Hard
Before redistribution: 96 examples at level VeryHard
Before redistribution: 97 examples at level VeryEasy
Before redistribution: 97 examples at level Easy
Before redistribution: 97 examples at level Medium
Before redistribution: 97 examples at level Hard
Before redistribution: 96 examples at level VeryHard
Before redistribution: 97 examples at level VeryEasy
Before redistribution: 97 examples at level Easy
Before redistribution: 97 examples at level Medium
Before redistribution: 97 examples at level Hard
Before redistribution: 97 examples at level VeryHard
Performing example redistribution across difficulty levels...
Redistributed 97 examples to level VeryEasy
Redistributed 97 examples to level Easy
Redistributed 97 examples to level Medium
Redistributed 97 examples to level Hard
Redistributed 97 examples to level VeryHard
After redistribution: 97 examples at level VeryEasy
After redistribution: 97 examples at level Easy
After redistribution: 97 examples at level Medium
After redistribution: 97 examples at level Hard
After redistribution: 97 examples at level VeryHard
Before redistribution: 97 examples at level VeryEasy
Before redistribution: 97 examples at level Easy
Before redistribution: 97 examples at level Medium
Before redistribution: 98 examples at level Hard
Before redistribution: 97 examples at level VeryHard
Before redistribution: 97 examples at level VeryEasy
Before redistribution: 98 examples at level Easy
Before redistribution: 97 examples at level Medium
Before redistribution: 98 examples at level Hard
Before redistribution: 97 examples at level VeryHard
Before redistribution: 98 examples at level VeryEasy
Before redistribution: 98 examples at level Easy
Before redistribution: 97 examples at level Medium
Before redistribution: 98 examples at level Hard
Before redistribution: 97 examples at level VeryHard
Before redistribution: 98 examples at level VeryEasy
Before redistribution: 98 examples at level Easy
Before redistribution: 98 examples at level Medium
Before redistribution: 98 examples at level Hard
Before redistribution: 97 examples at level VeryHard
Before redistribution: 98 examples at level VeryEasy
Before redistribution: 98 examples at level Easy
Before redistribution: 98 examples at level Medium
Before redistribution: 98 examples at level Hard
Before redistribution: 98 examples at level VeryHard
Performing example redistribution across difficulty levels...
Redistributed 98 examples to level VeryEasy
Redistributed 98 examples to level Easy
Redistributed 98 examples to level Medium
Redistributed 98 examples to level Hard
Redistributed 98 examples to level VeryHard
After redistribution: 98 examples at level VeryEasy
After redistribution: 98 examples at level Easy
After redistribution: 98 examples at level Medium
After redistribution: 98 examples at level Hard
After redistribution: 98 examples at level VeryHard
Before redistribution: 98 examples at level VeryEasy
Before redistribution: 98 examples at level Easy
Before redistribution: 98 examples at level Medium
Before redistribution: 99 examples at level Hard
Before redistribution: 98 examples at level VeryHard
Before redistribution: 98 examples at level VeryEasy
Before redistribution: 99 examples at level Easy
Before redistribution: 98 examples at level Medium
Before redistribution: 99 examples at level Hard
Before redistribution: 98 examples at level VeryHard
Before redistribution: 99 examples at level VeryEasy
Before redistribution: 99 examples at level Easy
Before redistribution: 98 examples at level Medium
Before redistribution: 99 examples at level Hard
Before redistribution: 98 examples at level VeryHard
Before redistribution: 99 examples at level VeryEasy
Before redistribution: 99 examples at level Easy
Before redistribution: 99 examples at level Medium
Before redistribution: 99 examples at level Hard
Before redistribution: 98 examples at level VeryHard
Before redistribution: 99 examples at level VeryEasy
Before redistribution: 99 examples at level Easy
Before redistribution: 99 examples at level Medium
Before redistribution: 99 examples at level Hard
Before redistribution: 99 examples at level VeryHard
Performing example redistribution across difficulty levels...
Redistributed 99 examples to level VeryEasy
Redistributed 99 examples to level Easy
Redistributed 99 examples to level Medium
Redistributed 99 examples to level Hard
Redistributed 99 examples to level VeryHard
After redistribution: 99 examples at level VeryEasy
After redistribution: 99 examples at level Easy
After redistribution: 99 examples at level Medium
After redistribution: 99 examples at level Hard
After redistribution: 99 examples at level VeryHard
Before redistribution: 99 examples at level VeryEasy
Before redistribution: 99 examples at level Easy
Before redistribution: 99 examples at level Medium
Before redistribution: 100 examples at level Hard
Before redistribution: 99 examples at level VeryHard
Before redistribution: 99 examples at level VeryEasy
Before redistribution: 100 examples at level Easy
Before redistribution: 99 examples at level Medium
Before redistribution: 100 examples at level Hard
Before redistribution: 99 examples at level VeryHard
Before redistribution: 100 examples at level VeryEasy
Before redistribution: 100 examples at level Easy
Before redistribution: 99 examples at level Medium
Before redistribution: 100 examples at level Hard
Before redistribution: 99 examples at level VeryHard
Before redistribution: 100 examples at level VeryEasy
Before redistribution: 100 examples at level Easy
Before redistribution: 100 examples at level Medium
Before redistribution: 100 examples at level Hard
Before redistribution: 99 examples at level VeryHard
Before redistribution: 100 examples at level VeryEasy
Before redistribution: 100 examples at level Easy
Before redistribution: 100 examples at level Medium
Before redistribution: 100 examples at level Hard
Before redistribution: 100 examples at level VeryHard
Performing example redistribution across difficulty levels...
Redistributed 100 examples to level VeryEasy
Redistributed 100 examples to level Easy
Redistributed 100 examples to level Medium
Redistributed 100 examples to level Hard
Redistributed 100 examples to level VeryHard
After redistribution: 100 examples at level VeryEasy
After redistribution: 100 examples at level Easy
After redistribution: 100 examples at level Medium
After redistribution: 100 examples at level Hard
After redistribution: 100 examples at level VeryHard
Before redistribution: 100 examples at level VeryEasy
Before redistribution: 100 examples at level Easy
Before redistribution: 100 examples at level Medium
Before redistribution: 101 examples at level Hard
Before redistribution: 100 examples at level VeryHard
Before redistribution: 100 examples at level VeryEasy
Before redistribution: 101 examples at level Easy
Before redistribution: 100 examples at level Medium
Before redistribution: 101 examples at level Hard
Before redistribution: 100 examples at level VeryHard
Before redistribution: 101 examples at level VeryEasy
Before redistribution: 101 examples at level Easy
Before redistribution: 100 examples at level Medium
Before redistribution: 101 examples at level Hard
Before redistribution: 100 examples at level VeryHard
Before redistribution: 101 examples at level VeryEasy
Before redistribution: 101 examples at level Easy
Before redistribution: 101 examples at level Medium
Before redistribution: 101 examples at level Hard
Before redistribution: 100 examples at level VeryHard
Before redistribution: 101 examples at level VeryEasy
Before redistribution: 101 examples at level Easy
Before redistribution: 101 examples at level Medium
Before redistribution: 101 examples at level Hard
Before redistribution: 101 examples at level VeryHard
Performing example redistribution across difficulty levels...
Redistributed 101 examples to level VeryEasy
Redistributed 101 examples to level Easy
Redistributed 101 examples to level Medium
Redistributed 101 examples to level Hard
Redistributed 101 examples to level VeryHard
After redistribution: 101 examples at level VeryEasy
After redistribution: 101 examples at level Easy
After redistribution: 101 examples at level Medium
After redistribution: 101 examples at level Hard
After redistribution: 101 examples at level VeryHard
Before redistribution: 101 examples at level VeryEasy
Before redistribution: 101 examples at level Easy
Before redistribution: 101 examples at level Medium
Before redistribution: 102 examples at level Hard
Before redistribution: 101 examples at level VeryHard
Before redistribution: 101 examples at level VeryEasy
Before redistribution: 102 examples at level Easy
Before redistribution: 101 examples at level Medium
Before redistribution: 102 examples at level Hard
Before redistribution: 101 examples at level VeryHard
Before redistribution: 102 examples at level VeryEasy
Before redistribution: 102 examples at level Easy
Before redistribution: 101 examples at level Medium
Before redistribution: 102 examples at level Hard
Before redistribution: 101 examples at level VeryHard
Before redistribution: 102 examples at level VeryEasy
Before redistribution: 102 examples at level Easy
Before redistribution: 102 examples at level Medium
Before redistribution: 102 examples at level Hard
Before redistribution: 101 examples at level VeryHard
Before redistribution: 102 examples at level VeryEasy
Before redistribution: 102 examples at level Easy
Before redistribution: 102 examples at level Medium
Before redistribution: 102 examples at level Hard
Before redistribution: 102 examples at level VeryHard
Performing example redistribution across difficulty levels...
Redistributed 102 examples to level VeryEasy
Redistributed 102 examples to level Easy
Redistributed 102 examples to level Medium
Redistributed 102 examples to level Hard
Redistributed 102 examples to level VeryHard
After redistribution: 102 examples at level VeryEasy
After redistribution: 102 examples at level Easy
After redistribution: 102 examples at level Medium
After redistribution: 102 examples at level Hard
After redistribution: 102 examples at level VeryHard
Before redistribution: 102 examples at level VeryEasy
Before redistribution: 102 examples at level Easy
Before redistribution: 102 examples at level Medium
Before redistribution: 103 examples at level Hard
Before redistribution: 102 examples at level VeryHard
Before redistribution: 102 examples at level VeryEasy
Before redistribution: 103 examples at level Easy
Before redistribution: 102 examples at level Medium
Before redistribution: 103 examples at level Hard
Before redistribution: 102 examples at level VeryHard
Before redistribution: 103 examples at level VeryEasy
Before redistribution: 103 examples at level Easy
Before redistribution: 102 examples at level Medium
Before redistribution: 103 examples at level Hard
Before redistribution: 102 examples at level VeryHard
Before redistribution: 103 examples at level VeryEasy
Before redistribution: 103 examples at level Easy
Before redistribution: 103 examples at level Medium
Before redistribution: 103 examples at level Hard
Before redistribution: 102 examples at level VeryHard
Before redistribution: 103 examples at level VeryEasy
Before redistribution: 103 examples at level Easy
Before redistribution: 103 examples at level Medium
Before redistribution: 103 examples at level Hard
Before redistribution: 103 examples at level VeryHard
Performing example redistribution across difficulty levels...
Redistributed 103 examples to level VeryEasy
Redistributed 103 examples to level Easy
Redistributed 103 examples to level Medium
Redistributed 103 examples to level Hard
Redistributed 103 examples to level VeryHard
After redistribution: 103 examples at level VeryEasy
After redistribution: 103 examples at level Easy
After redistribution: 103 examples at level Medium
After redistribution: 103 examples at level Hard
After redistribution: 103 examples at level VeryHard
Before redistribution: 103 examples at level VeryEasy
Before redistribution: 103 examples at level Easy
Before redistribution: 103 examples at level Medium
Before redistribution: 104 examples at level Hard
Before redistribution: 103 examples at level VeryHard
Before redistribution: 103 examples at level VeryEasy
Before redistribution: 104 examples at level Easy
Before redistribution: 103 examples at level Medium
Before redistribution: 104 examples at level Hard
Before redistribution: 103 examples at level VeryHard
Before redistribution: 104 examples at level VeryEasy
Before redistribution: 104 examples at level Easy
Before redistribution: 103 examples at level Medium
Before redistribution: 104 examples at level Hard
Before redistribution: 103 examples at level VeryHard
Before redistribution: 104 examples at level VeryEasy
Before redistribution: 104 examples at level Easy
Before redistribution: 104 examples at level Medium
Before redistribution: 104 examples at level Hard
Before redistribution: 103 examples at level VeryHard
Before redistribution: 104 examples at level VeryEasy
Before redistribution: 104 examples at level Easy
Before redistribution: 104 examples at level Medium
Before redistribution: 104 examples at level Hard
Before redistribution: 104 examples at level VeryHard
Performing example redistribution across difficulty levels...
Redistributed 104 examples to level VeryEasy
Redistributed 104 examples to level Easy
Redistributed 104 examples to level Medium
Redistributed 104 examples to level Hard
Redistributed 104 examples to level VeryHard
After redistribution: 104 examples at level VeryEasy
After redistribution: 104 examples at level Easy
After redistribution: 104 examples at level Medium
After redistribution: 104 examples at level Hard
After redistribution: 104 examples at level VeryHard
Before redistribution: 104 examples at level VeryEasy
Before redistribution: 104 examples at level Easy
Before redistribution: 104 examples at level Medium
Before redistribution: 105 examples at level Hard
Before redistribution: 104 examples at level VeryHard
Before redistribution: 104 examples at level VeryEasy
Before redistribution: 105 examples at level Easy
Before redistribution: 104 examples at level Medium
Before redistribution: 105 examples at level Hard
Before redistribution: 104 examples at level VeryHard
Before redistribution: 105 examples at level VeryEasy
Before redistribution: 105 examples at level Easy
Before redistribution: 104 examples at level Medium
Before redistribution: 105 examples at level Hard
Before redistribution: 104 examples at level VeryHard
Before redistribution: 105 examples at level VeryEasy
Before redistribution: 105 examples at level Easy
Before redistribution: 105 examples at level Medium
Before redistribution: 105 examples at level Hard
Before redistribution: 104 examples at level VeryHard
Before redistribution: 105 examples at level VeryEasy
Before redistribution: 105 examples at level Easy
Before redistribution: 105 examples at level Medium
Before redistribution: 105 examples at level Hard
Before redistribution: 105 examples at level VeryHard
Performing example redistribution across difficulty levels...
Redistributed 105 examples to level VeryEasy
Redistributed 105 examples to level Easy
Redistributed 105 examples to level Medium
Redistributed 105 examples to level Hard
Redistributed 105 examples to level VeryHard
After redistribution: 105 examples at level VeryEasy
After redistribution: 105 examples at level Easy
After redistribution: 105 examples at level Medium
After redistribution: 105 examples at level Hard
After redistribution: 105 examples at level VeryHard
Before redistribution: 105 examples at level VeryEasy
Before redistribution: 105 examples at level Easy
Before redistribution: 105 examples at level Medium
Before redistribution: 106 examples at level Hard
Before redistribution: 105 examples at level VeryHard
Before redistribution: 105 examples at level VeryEasy
Before redistribution: 106 examples at level Easy
Before redistribution: 105 examples at level Medium
Before redistribution: 106 examples at level Hard
Before redistribution: 105 examples at level VeryHard
Before redistribution: 106 examples at level VeryEasy
Before redistribution: 106 examples at level Easy
Before redistribution: 105 examples at level Medium
Before redistribution: 106 examples at level Hard
Before redistribution: 105 examples at level VeryHard
Before redistribution: 106 examples at level VeryEasy
Before redistribution: 106 examples at level Easy
Before redistribution: 106 examples at level Medium
Before redistribution: 106 examples at level Hard
Before redistribution: 105 examples at level VeryHard
Before redistribution: 106 examples at level VeryEasy
Before redistribution: 106 examples at level Easy
Before redistribution: 106 examples at level Medium
Before redistribution: 106 examples at level Hard
Before redistribution: 106 examples at level VeryHard
Performing example redistribution across difficulty levels...
Redistributed 106 examples to level VeryEasy
Redistributed 106 examples to level Easy
Redistributed 106 examples to level Medium
Redistributed 106 examples to level Hard
Redistributed 106 examples to level VeryHard
After redistribution: 106 examples at level VeryEasy
After redistribution: 106 examples at level Easy
After redistribution: 106 examples at level Medium
After redistribution: 106 examples at level Hard
After redistribution: 106 examples at level VeryHard
Before redistribution: 106 examples at level VeryEasy
Before redistribution: 106 examples at level Easy
Before redistribution: 106 examples at level Medium
Before redistribution: 107 examples at level Hard
Before redistribution: 106 examples at level VeryHard
Before redistribution: 106 examples at level VeryEasy
Before redistribution: 107 examples at level Easy
Before redistribution: 106 examples at level Medium
Before redistribution: 107 examples at level Hard
Before redistribution: 106 examples at level VeryHard
Before redistribution: 107 examples at level VeryEasy
Before redistribution: 107 examples at level Easy
Before redistribution: 106 examples at level Medium
Before redistribution: 107 examples at level Hard
Before redistribution: 106 examples at level VeryHard
Before redistribution: 107 examples at level VeryEasy
Before redistribution: 107 examples at level Easy
Before redistribution: 107 examples at level Medium
Before redistribution: 107 examples at level Hard
Before redistribution: 106 examples at level VeryHard
Before redistribution: 107 examples at level VeryEasy
Before redistribution: 107 examples at level Easy
Before redistribution: 107 examples at level Medium
Before redistribution: 107 examples at level Hard
Before redistribution: 107 examples at level VeryHard
Performing example redistribution across difficulty levels...
Redistributed 107 examples to level VeryEasy
Redistributed 107 examples to level Easy
Redistributed 107 examples to level Medium
Redistributed 107 examples to level Hard
Redistributed 107 examples to level VeryHard
After redistribution: 107 examples at level VeryEasy
After redistribution: 107 examples at level Easy
After redistribution: 107 examples at level Medium
After redistribution: 107 examples at level Hard
After redistribution: 107 examples at level VeryHard
Before redistribution: 107 examples at level VeryEasy
Before redistribution: 107 examples at level Easy
Before redistribution: 107 examples at level Medium
Before redistribution: 108 examples at level Hard
Before redistribution: 107 examples at level VeryHard
Before redistribution: 107 examples at level VeryEasy
Before redistribution: 108 examples at level Easy
Before redistribution: 107 examples at level Medium
Before redistribution: 108 examples at level Hard
Before redistribution: 107 examples at level VeryHard
Before redistribution: 108 examples at level VeryEasy
Before redistribution: 108 examples at level Easy
Before redistribution: 107 examples at level Medium
Before redistribution: 108 examples at level Hard
Before redistribution: 107 examples at level VeryHard
Before redistribution: 108 examples at level VeryEasy
Before redistribution: 108 examples at level Easy
Before redistribution: 108 examples at level Medium
Before redistribution: 108 examples at level Hard
Before redistribution: 107 examples at level VeryHard
Before redistribution: 108 examples at level VeryEasy
Before redistribution: 108 examples at level Easy
Before redistribution: 108 examples at level Medium
Before redistribution: 108 examples at level Hard
Before redistribution: 108 examples at level VeryHard
Performing example redistribution across difficulty levels...
Redistributed 108 examples to level VeryEasy
Redistributed 108 examples to level Easy
Redistributed 108 examples to level Medium
Redistributed 108 examples to level Hard
Redistributed 108 examples to level VeryHard
After redistribution: 108 examples at level VeryEasy
After redistribution: 108 examples at level Easy
After redistribution: 108 examples at level Medium
After redistribution: 108 examples at level Hard
After redistribution: 108 examples at level VeryHard
Initialized 500 curriculum examples so far
  Level Hard: 100 examples
  Level Easy: 100 examples
  Level VeryEasy: 100 examples
  Level Medium: 100 examples
  Level VeryHard: 100 examples
Forcing redistribution of curriculum examples...
Redistributed 108 examples to level VeryEasy
Redistributed 108 examples to level Easy
Redistributed 108 examples to level Medium
Redistributed 108 examples to level Hard
Redistributed 108 examples to level VeryHard
After redistribution: 108 examples at level VeryEasy
After redistribution: 108 examples at level Easy
After redistribution: 108 examples at level Medium
After redistribution: 108 examples at level Hard
After redistribution: 108 examples at level VeryHard
Curriculum initialization complete with 500 examples
  Level Hard: 100 examples
  Level Easy: 100 examples
  Level VeryEasy: 100 examples
  Level Medium: 100 examples
  Level VeryHard: 100 examples
Returned 145 training examples for difficulty level VeryEasy
  Batch 1/5 - Loss: 7.939895 - Level: VeryEasy
  Batch 5/5 - Loss: 7.816522 - Level: VeryEasy
Not enough batches (5 < 50) to evaluate level advancement
Evaluating model...
Generating text with prompt: "The quick brown fox" (max_tokens=100)
Attempting to use model for text generation...
DEBUG: Result length = 462, prompt length = 19
DEBUG: Using model-generated text.
Generated preview: the quick brown fox hit ious f...
Generating text with prompt: "Once upon a time" (max_tokens=100)
Attempting to use model for text generation...
DEBUG: Result length = 567, prompt length = 16
DEBUG: Using model-generated text.
Generated preview: once upon a time rabbit yer le...
Generating text with prompt: "In a world where" (max_tokens=100)
Attempting to use model for text generation...
DEBUG: Result length = 507, prompt length = 16
DEBUG: Using model-generated text.
Generated preview: in a world where longed story ...
Generating text with prompt: "The most important thing" (max_tokens=100)
Attempting to use model for text generation...
DEBUG: Result length = 522, prompt length = 24
DEBUG: Using model-generated text.
Generated preview: the most important thing teact...
Generating text with prompt: "I would like to" (max_tokens=100)
Attempting to use model for text generation...
DEBUG: Result length = 525, prompt length = 15
DEBUG: Using model-generated text.
Generated preview: i would like to stehears ses o...
Epoch 1/10 completed in 14.281820964s
  Loss: 7.878161
  Perplexity: 2436.40
  Accuracy: 40.25%
  Repetition score: 1.00
  Fluency score: 1.00
  Quality score: 0.44
Generating text with prompt: "The" (max_tokens=50)
Attempting to use model for text generation...
DEBUG: Result length = 289, prompt length = 3
DEBUG: Using model-generated text.
Generated preview: the wever lesson envious praye...

Sample generation:
Prompt: "The"
Generated: "the wever lesson envious prayer basement later cry black enjofulanded wels torn engmysterious sat flea cut formore improve sees sugwer even stomach ation fall really scary remember stipleased laundry houmessage gifwearing pick themselves maybe imagine jim freezer shiny afraid thinks eater"

Saving checkpoint to models/high_accuracy_model.walle.epoch1
Saving model in JSON format
Saving model in binary format...
Model successfully saved to: models/high_accuracy_model.walle.epoch1
Checkpoint saved successfully
Epoch 2/10
Created 8663 input/target pairs for training

======== BATCH SIZE CALCULATION ========
Cache parameters: L1=48 KB, L2=1280 KB, L3=24 MB, Line size=64 bytes
Using optimal batch size (1024) which balances memory usage and training efficiency
This setting is optimized for current hardware with 96GB of RAM
======================================

Returned 145 training examples for difficulty level VeryEasy
  Batch 1/5 - Loss: 7.772174 - Level: VeryEasy
  Batch 5/5 - Loss: 7.656163 - Level: VeryEasy
Not enough batches (5 < 50) to evaluate level advancement
Evaluating model...
Generating text with prompt: "The quick brown fox" (max_tokens=100)
Attempting to use model for text generation...
DEBUG: Result length = 548, prompt length = 19
DEBUG: Using model-generated text.
Generated preview: the quick brown fox owner hims...
Generating text with prompt: "Once upon a time" (max_tokens=100)
Attempting to use model for text generation...
DEBUG: Result length = 582, prompt length = 16
DEBUG: Using model-generated text.
Generated preview: once upon a time kled playing ...
Generating text with prompt: "In a world where" (max_tokens=100)
Attempting to use model for text generation...
DEBUG: Result length = 522, prompt length = 16
DEBUG: Using model-generated text.
Generated preview: in a world where castle slidoc...
Generating text with prompt: "The most important thing" (max_tokens=100)
Attempting to use model for text generation...
DEBUG: Result length = 571, prompt length = 24
DEBUG: Using model-generated text.
Generated preview: the most important thing erest...
Generating text with prompt: "I would like to" (max_tokens=100)
Attempting to use model for text generation...
DEBUG: Result length = 531, prompt length = 15
DEBUG: Using model-generated text.
Generated preview: i would like to laid jog attra...
Epoch 2/10 completed in 2.408482905s
  Loss: 7.714681
  Perplexity: 2133.08
  Accuracy: 40.88%
  Repetition score: 0.90
  Fluency score: 0.89
  Quality score: 0.41
Generating text with prompt: "The" (max_tokens=50)
Attempting to use model for text generation...
DEBUG: Result length = 265, prompt length = 3
DEBUG: Using model-generated text.
Generated preview: the explaquiz vase place stopp...

Sample generation:
Prompt: "The"
Generated: "the explaquiz vase place stopped appreciate hi cousin voice blackboard same browny bless mttres sures ouldn mine+doors week bby buildeating painting strawside she diquseeker shidentist breeze worked beak ogroom favorite out oanyone ppointed asks butterfly shiny gra"

Epoch 3/10
Created 8663 input/target pairs for training

======== BATCH SIZE CALCULATION ========
Cache parameters: L1=48 KB, L2=1280 KB, L3=24 MB, Line size=64 bytes
Using optimal batch size (1024) which balances memory usage and training efficiency
This setting is optimized for current hardware with 96GB of RAM
======================================

Returned 145 training examples for difficulty level VeryEasy
  Batch 1/5 - Loss: 7.618219 - Level: VeryEasy
  Batch 5/5 - Loss: 7.507866 - Level: VeryEasy
Not enough batches (5 < 50) to evaluate level advancement
Evaluating model...
Generating text with prompt: "The quick brown fox" (max_tokens=100)
Attempting to use model for text generation...
DEBUG: Result length = 537, prompt length = 19
DEBUG: Using model-generated text.
Generated preview: the quick brown fox nods chair...
Generating text with prompt: "Once upon a time" (max_tokens=100)
Attempting to use model for text generation...
DEBUG: Result length = 542, prompt length = 16
DEBUG: Using model-generated text.
Generated preview: once upon a time being drawer ...
Generating text with prompt: "In a world where" (max_tokens=100)
Attempting to use model for text generation...
DEBUG: Result length = 531, prompt length = 16
DEBUG: Using model-generated text.
Generated preview: in a world where tterfly might...
Generating text with prompt: "The most important thing" (max_tokens=100)
Attempting to use model for text generation...
DEBUG: Result length = 564, prompt length = 24
DEBUG: Using model-generated text.
Generated preview: the most important thing hanpi...
Generating text with prompt: "I would like to" (max_tokens=100)
Attempting to use model for text generation...
DEBUG: Result length = 485, prompt length = 15
DEBUG: Using model-generated text.
Generated preview: i would like to pilot white ug...
Epoch 3/10 completed in 2.118797088s
  Loss: 7.564555
  Perplexity: 1883.54
  Accuracy: 42.38%
  Repetition score: 1.00
  Fluency score: 0.99
  Quality score: 0.45
Generating text with prompt: "The" (max_tokens=50)
Attempting to use model for text generation...
DEBUG: Result length = 251, prompt length = 3
DEBUG: Using model-generated text.
Generated preview: the carried ty pagused laugh a...

Sample generation:
Prompt: "The"
Generated: "the carried ty pagused laugh above noise making ackbrought kayak eren eak thmie laid frohands uby slachanged daniel comet ink ler explored thunder told split lls lied nie because kiss tidy use underpurdraycle must playeetie mp magicelrip amazing below"

Saving checkpoint to models/high_accuracy_model.walle.epoch3
Saving model in JSON format
Saving model in binary format...
Model successfully saved to: models/high_accuracy_model.walle.epoch3
Checkpoint saved successfully
Epoch 4/10
Created 8663 input/target pairs for training

======== BATCH SIZE CALCULATION ========
Cache parameters: L1=48 KB, L2=1280 KB, L3=24 MB, Line size=64 bytes
Using optimal batch size (1024) which balances memory usage and training efficiency
This setting is optimized for current hardware with 96GB of RAM
======================================

Returned 145 training examples for difficulty level VeryEasy
  Batch 1/5 - Loss: 7.481528 - Level: VeryEasy
  Batch 5/5 - Loss: 7.366898 - Level: VeryEasy
Not enough batches (5 < 50) to evaluate level advancement
Evaluating model...
Generating text with prompt: "The quick brown fox" (max_tokens=100)
Attempting to use model for text generation...
DEBUG: Result length = 581, prompt length = 19
DEBUG: Using model-generated text.
Generated preview: the quick brown fox telling be...
Generating text with prompt: "Once upon a time" (max_tokens=100)
Attempting to use model for text generation...
DEBUG: Result length = 525, prompt length = 16
DEBUG: Using model-generated text.
Generated preview: once upon a time spcurious lea...
Generating text with prompt: "In a world where" (max_tokens=100)
Attempting to use model for text generation...
DEBUG: Result length = 558, prompt length = 16
DEBUG: Using model-generated text.
Generated preview: in a world where soft cabinet ...
Generating text with prompt: "The most important thing" (max_tokens=100)
Attempting to use model for text generation...
DEBUG: Result length = 553, prompt length = 24
DEBUG: Using model-generated text.
Generated preview: the most important thing tower...
Generating text with prompt: "I would like to" (max_tokens=100)
Attempting to use model for text generation...
DEBUG: Result length = 524, prompt length = 15
DEBUG: Using model-generated text.
Generated preview: i would like to after papshow ...
Epoch 4/10 completed in 2.134206351s
  Loss: 7.426250
  Perplexity: 1676.76
  Accuracy: 42.81%
  Repetition score: 1.00
  Fluency score: 1.00
  Quality score: 0.45
Generating text with prompt: "The" (max_tokens=50)
Attempting to use model for text generation...
DEBUG: Result length = 259, prompt length = 3
DEBUG: Using model-generated text.
Generated preview: the sound gave chipeaceful wan...

Sample generation:
Prompt: "The"
Generated: "the sound gave chipeaceful wand vet ning bathroom cucapretend%smart seemed animals smelly talfeet sparonce alous able quiz threw mp snpants metal ha octohinosame ten him maystrawberries shore dead ought 6pushed oven paws lk likes improved lovely next cambread"

Epoch 5/10
Created 8663 input/target pairs for training

======== BATCH SIZE CALCULATION ========
Cache parameters: L1=48 KB, L2=1280 KB, L3=24 MB, Line size=64 bytes
Using optimal batch size (1024) which balances memory usage and training efficiency
This setting is optimized for current hardware with 96GB of RAM
======================================

Returned 145 training examples for difficulty level VeryEasy
  Batch 1/5 - Loss: 7.338903 - Level: VeryEasy
  Batch 5/5 - Loss: 7.240822 - Level: VeryEasy
Not enough batches (5 < 50) to evaluate level advancement
Evaluating model...
Generating text with prompt: "The quick brown fox" (max_tokens=100)
Attempting to use model for text generation...
DEBUG: Result length = 531, prompt length = 19
DEBUG: Using model-generated text.
Generated preview: the quick brown fox roofollowe...
Generating text with prompt: "Once upon a time" (max_tokens=100)
Attempting to use model for text generation...
DEBUG: Result length = 535, prompt length = 16
DEBUG: Using model-generated text.
Generated preview: once upon a time true lilly th...
Generating text with prompt: "In a world where" (max_tokens=100)
Attempting to use model for text generation...
DEBUG: Result length = 537, prompt length = 16
DEBUG: Using model-generated text.
Generated preview: in a world where working mclot...
Generating text with prompt: "The most important thing" (max_tokens=100)
Attempting to use model for text generation...
DEBUG: Result length = 593, prompt length = 24
DEBUG: Using model-generated text.
Generated preview: the most important thing excit...
Generating text with prompt: "I would like to" (max_tokens=100)
Attempting to use model for text generation...
DEBUG: Result length = 540, prompt length = 15
DEBUG: Using model-generated text.
Generated preview: i would like to give surfing c...
Epoch 5/10 completed in 2.166409842s
  Loss: 7.291144
  Perplexity: 1503.69
  Accuracy: 42.62%
  Repetition score: 1.00
  Fluency score: 1.00
  Quality score: 0.45
Generating text with prompt: "The" (max_tokens=50)
Attempting to use model for text generation...
DEBUG: Result length = 275, prompt length = 3
DEBUG: Using model-generated text.
Generated preview: the lets steak ls bring cozy m...

Sample generation:
Prompt: "The"
Generated: "the lets steak ls bring cozy motion sighed chair sie forest tter mmie once than full ually carethings himes woner sunny another childointed yed boblue plan alous course impressed blocks zy spie john hairy admire manvacation juice pictures healthy lady cardisplashed week bowl"

Saving checkpoint to models/high_accuracy_model.walle.epoch5
Saving model in JSON format
Saving model in binary format...
Model successfully saved to: models/high_accuracy_model.walle.epoch5
Checkpoint saved successfully
Epoch 6/10
Created 8663 input/target pairs for training

======== BATCH SIZE CALCULATION ========
Cache parameters: L1=48 KB, L2=1280 KB, L3=24 MB, Line size=64 bytes
Using optimal batch size (1024) which balances memory usage and training efficiency
This setting is optimized for current hardware with 96GB of RAM
======================================

Returned 145 training examples for difficulty level VeryEasy
  Batch 1/5 - Loss: 7.210891 - Level: VeryEasy
  Batch 5/5 - Loss: 7.115792 - Level: VeryEasy
Not enough batches (5 < 50) to evaluate level advancement
Evaluating model...
Generating text with prompt: "The quick brown fox" (max_tokens=100)
Attempting to use model for text generation...
DEBUG: Result length = 552, prompt length = 19
DEBUG: Using model-generated text.
Generated preview: the quick brown fox oney eces ...
Generating text with prompt: "Once upon a time" (max_tokens=100)
Attempting to use model for text generation...
DEBUG: Result length = 578, prompt length = 16
DEBUG: Using model-generated text.
Generated preview: once upon a time prettclimbed ...
Generating text with prompt: "In a world where" (max_tokens=100)
Attempting to use model for text generation...
DEBUG: Result length = 565, prompt length = 16
DEBUG: Using model-generated text.
Generated preview: in a world where ccoli huncand...
Generating text with prompt: "The most important thing" (max_tokens=100)
Attempting to use model for text generation...
DEBUG: Result length = 518, prompt length = 24
DEBUG: Using model-generated text.
Generated preview: the most important thing eaten...
Generating text with prompt: "I would like to" (max_tokens=100)
Attempting to use model for text generation...
DEBUG: Result length = 551, prompt length = 15
DEBUG: Using model-generated text.
Generated preview: i would like to froerinto reac...
Epoch 6/10 completed in 2.481184573s
  Loss: 7.165099
  Perplexity: 1356.62
  Accuracy: 43.50%
  Repetition score: 1.00
  Fluency score: 0.99
  Quality score: 0.46
Generating text with prompt: "The" (max_tokens=50)
Attempting to use model for text generation...
DEBUG: Result length = 260, prompt length = 3
DEBUG: Using model-generated text.
Generated preview: the ointed makeup ere eased li...

Sample generation:
Prompt: "The"
Generated: "the ointed makeup ere eased lily threw sleeping irsty told came comet boy backyard entiending split blueceetaking father dreamres kind al8away sad trouwhich med step ppy crying far pan ves moms place souremy discothat imaginserataken mummy taste atient wearing"

Epoch 7/10
Created 8663 input/target pairs for training

======== BATCH SIZE CALCULATION ========
Cache parameters: L1=48 KB, L2=1280 KB, L3=24 MB, Line size=64 bytes
Using optimal batch size (1024) which balances memory usage and training efficiency
This setting is optimized for current hardware with 96GB of RAM
======================================

Returned 145 training examples for difficulty level VeryEasy
  Batch 1/5 - Loss: 7.093382 - Level: VeryEasy
  Batch 5/5 - Loss: 6.987276 - Level: VeryEasy
Not enough batches (5 < 50) to evaluate level advancement
Evaluating model...
Generating text with prompt: "The quick brown fox" (max_tokens=100)
Attempting to use model for text generation...
DEBUG: Result length = 549, prompt length = 19
DEBUG: Using model-generated text.
Generated preview: the quick brown fox water drag...
Generating text with prompt: "Once upon a time" (max_tokens=100)
Attempting to use model for text generation...
DEBUG: Result length = 544, prompt length = 16
DEBUG: Using model-generated text.
Generated preview: once upon a time coco irty tel...
Generating text with prompt: "In a world where" (max_tokens=100)
Attempting to use model for text generation...
DEBUG: Result length = 541, prompt length = 16
DEBUG: Using model-generated text.
Generated preview: in a world where tomagraceful ...
Generating text with prompt: "The most important thing" (max_tokens=100)
Attempting to use model for text generation...
DEBUG: Result length = 503, prompt length = 24
DEBUG: Using model-generated text.
Generated preview: the most important thing soup ...
Generating text with prompt: "I would like to" (max_tokens=100)
Attempting to use model for text generation...
DEBUG: Result length = 507, prompt length = 15
DEBUG: Using model-generated text.
Generated preview: i would like to schooring lets...
Epoch 7/10 completed in 2.221062327s
  Loss: 7.051483
  Perplexity: 1231.68
  Accuracy: 43.75%
  Repetition score: 1.00
  Fluency score: 1.00
  Quality score: 0.46
Generating text with prompt: "The" (max_tokens=50)
Attempting to use model for text generation...
DEBUG: Result length = 238, prompt length = 3
DEBUG: Using model-generated text.
Generated preview: the shouted but fragile haicfl...

Sample generation:
Prompt: "The"
Generated: "the shouted but fragile haicflerefused sight everythre8wonderwidown ore ow mandy ves grass pond wearNschool addy snuggggplaytrouward fauskin ending special rolled mommy mom excitedly bawic usted danpagonemild shiny successful cleaning ker"

Detected repetition patterns:
  - "gggg"
Saving checkpoint to models/high_accuracy_model.walle.epoch7
Saving model in JSON format
Saving model in binary format...
Model successfully saved to: models/high_accuracy_model.walle.epoch7
Checkpoint saved successfully
Epoch 8/10
Created 8663 input/target pairs for training

======== BATCH SIZE CALCULATION ========
Cache parameters: L1=48 KB, L2=1280 KB, L3=24 MB, Line size=64 bytes
Using optimal batch size (1024) which balances memory usage and training efficiency
This setting is optimized for current hardware with 96GB of RAM
======================================

Returned 145 training examples for difficulty level VeryEasy
  Batch 1/5 - Loss: 6.982548 - Level: VeryEasy
  Batch 5/5 - Loss: 6.895508 - Level: VeryEasy
Not enough batches (5 < 50) to evaluate level advancement
Evaluating model...
Generating text with prompt: "The quick brown fox" (max_tokens=100)
Attempting to use model for text generation...
DEBUG: Result length = 536, prompt length = 19
DEBUG: Using model-generated text.
Generated preview: the quick brown fox feel now l...
Generating text with prompt: "Once upon a time" (max_tokens=100)
Attempting to use model for text generation...
DEBUG: Result length = 499, prompt length = 16
DEBUG: Using model-generated text.
Generated preview: once upon a time saursplit pai...
Generating text with prompt: "In a world where" (max_tokens=100)
Attempting to use model for text generation...
DEBUG: Result length = 532, prompt length = 16
DEBUG: Using model-generated text.
Generated preview: in a world where gh face from ...
Generating text with prompt: "The most important thing" (max_tokens=100)
Attempting to use model for text generation...
DEBUG: Result length = 574, prompt length = 24
DEBUG: Using model-generated text.
Generated preview: the most important thing wise ...
Generating text with prompt: "I would like to" (max_tokens=100)
Attempting to use model for text generation...
DEBUG: Result length = 534, prompt length = 15
DEBUG: Using model-generated text.
Generated preview: i would like to rabbit pabumbl...
Epoch 8/10 completed in 2.245724875s
  Loss: 6.943269
  Perplexity: 1123.71
  Accuracy: 44.00%
  Repetition score: 0.90
  Fluency score: 0.89
  Quality score: 0.43
Generating text with prompt: "The" (max_tokens=50)
Attempting to use model for text generation...
DEBUG: Result length = 267, prompt length = 3
DEBUG: Using model-generated text.
Generated preview: the small ging ticed til yours...

Sample generation:
Prompt: "The"
Generated: "the small ging ticed til yourself continulead part peohimself below such ceebriwonderful wife leah dentimum being years pandfear fearful were squirtells,arm dreams table varope mighty sed orn molly money okies en bedroom large use nature glue bubbgh pond bugs cabinet"

Epoch 9/10
Created 8663 input/target pairs for training

======== BATCH SIZE CALCULATION ========
Cache parameters: L1=48 KB, L2=1280 KB, L3=24 MB, Line size=64 bytes
Using optimal batch size (1024) which balances memory usage and training efficiency
This setting is optimized for current hardware with 96GB of RAM
======================================

Returned 145 training examples for difficulty level VeryEasy
  Batch 1/5 - Loss: 6.906762 - Level: VeryEasy
  Batch 5/5 - Loss: 6.815354 - Level: VeryEasy
Not enough batches (5 < 50) to evaluate level advancement
Evaluating model...
Generating text with prompt: "The quick brown fox" (max_tokens=100)
Attempting to use model for text generation...
DEBUG: Result length = 538, prompt length = 19
DEBUG: Using model-generated text.
Generated preview: the quick brown fox as naughfe...
Generating text with prompt: "Once upon a time" (max_tokens=100)
Attempting to use model for text generation...
