Detected JSON format data file
Using quality-focused sampling: 5 high-quality stories
╔═════════════════════════════════════════════════════╗
║              STEP 1: DATA PREPARATION               ║
╚═════════════════════════════════════════════════════╝
Preprocessing disabled. Using original data.
╔═════════════════════════════════════════════════════╗
║          OPTIMIZED TRAINING CONFIGURATION           ║
╚═════════════════════════════════════════════════════╝
Model size: small
Model architecture: 128 dim, 4 heads, 3 layers
Feed-forward dimension: 512
Vocabulary size: 5000
Min token frequency: 2
Learning rate: 0.0001
Epochs: 10
Data sampling: quality (5 stories)
Data preprocessing: false
Training data: data/tiny_stories_sample.json
Save path: models/high_accuracy_model.walle
Memory optimization: enabled
Batch size: 128 (manual)
CPU Cores: 20 (all available)
╔═════════════════════════════════════════════════════╗
║           BUILDING OPTIMIZED COMMAND                ║
╚═════════════════════════════════════════════════════╝
╔═════════════════════════════════════════════════════╗
║           STARTING OPTIMIZED TRAINING               ║
╚═════════════════════════════════════════════════════╝
Executing: cargo run --release --bin train_enhanced_model -- data/tiny_stories_sample.json --model-dim 128 --ff-dim 512 --heads 4 --layers 3 --epochs 10 --vocab-size 5000 --min-freq 2 --save-path models/high_accuracy_model.walle --learning-rate 0.0001 --enable-skip --strong-anti-rep --json-format --stories 5 --perf-log true --use-memory-opt --batch-size 128
Using RAYON_NUM_THREADS=20
Configuring thread pool with 20 CPU cores
Training Configuration:
  Training data: data/tiny_stories_sample.json
  Data format: TinyStories JSON
  Max stories: 5
  Model dimension: 128
  FF dimension: 512
  Attention heads: 4
  Layers: 3
  Dropout rate: 0.1
  Learning rate: 0.0001
  Epochs: 10
  Curriculum learning: enabled
  Vocabulary size: 5000
  Min token frequency: 2
  Skip connections: enabled
  Strong anti-repetition: enabled
  Save path: models/high_accuracy_model.walle
  CPU threads: 20
  Performance logging: enabled
Reading training data...
Found 58300 stories in JSON file
Will use 5 stories for training
Processed 5 stories, total text length: 3506 characters
Creating trainer...
Initializing output_projection: model_dim=128, vocab_size=101
Configuring strong anti-repetition mechanisms...
Enabling skip connections...
Enabling residual skip connections for improved gradient flow
Initializing output_projection: model_dim=128, vocab_size=101
Skip connections of type 'residual' enabled
Learning tokenizer vocabulary...
Initializing output_projection: model_dim=128, vocab_size=380
Setting up curriculum learning...
Starting training for 10 epochs...
Epoch 1/10
Created 209 input/target pairs for training

======== BATCH SIZE CALCULATION ========
Cache parameters: L1=48 KB, L2=1280 KB, L3=24 MB, Line size=64 bytes
Cache parameters: L1=48 KB, L2=1280 KB, L3=24576 KB, Line size=64 bytes
Calculating optimal batch size for model_dim=128, seq_len=16, element_size=4 bytes
Memory per sequence: 8192 bytes (0.01 MB)
Available L3 cache (80%): 20132659 bytes (19.20 MB)
Maximum batch size that fits in L3 cache: 2457
Final optimal batch size (after constraints): 1024
Calculated memory-optimal batch size: 1024
Using manually specified batch size: 128
======================================

Initializing curriculum learning with examples...
Before redistribution: 1 examples at level VeryEasy
Before redistribution: 0 examples at level Easy
Before redistribution: 0 examples at level Medium
Before redistribution: 0 examples at level Hard
Before redistribution: 0 examples at level VeryHard
Before redistribution: 1 examples at level VeryEasy
Before redistribution: 1 examples at level Easy
Before redistribution: 0 examples at level Medium
Before redistribution: 0 examples at level Hard
Before redistribution: 0 examples at level VeryHard
Before redistribution: 1 examples at level VeryEasy
Before redistribution: 1 examples at level Easy
Before redistribution: 1 examples at level Medium
Before redistribution: 0 examples at level Hard
Before redistribution: 0 examples at level VeryHard
Before redistribution: 1 examples at level VeryEasy
Before redistribution: 1 examples at level Easy
Before redistribution: 1 examples at level Medium
Before redistribution: 1 examples at level Hard
Before redistribution: 0 examples at level VeryHard
Before redistribution: 1 examples at level VeryEasy
Before redistribution: 1 examples at level Easy
Before redistribution: 1 examples at level Medium
Before redistribution: 1 examples at level Hard
Before redistribution: 1 examples at level VeryHard
Performing example redistribution across difficulty levels...
Redistributed 5 examples to level VeryEasy
Copied 5 examples to level Easy from previous level
Copied 5 examples to level Medium from previous level
Copied 5 examples to level Hard from previous level
Copied 5 examples to level VeryHard from previous level
After redistribution: 5 examples at level VeryEasy
After redistribution: 5 examples at level Easy
After redistribution: 5 examples at level Medium
After redistribution: 5 examples at level Hard
After redistribution: 5 examples at level VeryHard
Before redistribution: 6 examples at level VeryEasy
Before redistribution: 5 examples at level Easy
Before redistribution: 5 examples at level Medium
Before redistribution: 5 examples at level Hard
Before redistribution: 5 examples at level VeryHard
Before redistribution: 6 examples at level VeryEasy
Before redistribution: 6 examples at level Easy
Before redistribution: 5 examples at level Medium
Before redistribution: 5 examples at level Hard
Before redistribution: 5 examples at level VeryHard
Before redistribution: 6 examples at level VeryEasy
Before redistribution: 6 examples at level Easy
Before redistribution: 6 examples at level Medium
Before redistribution: 5 examples at level Hard
Before redistribution: 5 examples at level VeryHard
Before redistribution: 6 examples at level VeryEasy
Before redistribution: 6 examples at level Easy
Before redistribution: 6 examples at level Medium
Before redistribution: 6 examples at level Hard
Before redistribution: 5 examples at level VeryHard
Before redistribution: 6 examples at level VeryEasy
Before redistribution: 6 examples at level Easy
Before redistribution: 6 examples at level Medium
Before redistribution: 6 examples at level Hard
Before redistribution: 6 examples at level VeryHard
Performing example redistribution across difficulty levels...
Redistributed 10 examples to level VeryEasy
Redistributed 10 examples to level Easy
Redistributed 10 examples to level Medium
Copied 10 examples to level Hard from previous level
Copied 10 examples to level VeryHard from previous level
After redistribution: 10 examples at level VeryEasy
After redistribution: 10 examples at level Easy
After redistribution: 10 examples at level Medium
After redistribution: 10 examples at level Hard
After redistribution: 10 examples at level VeryHard
Before redistribution: 11 examples at level VeryEasy
Before redistribution: 10 examples at level Easy
Before redistribution: 10 examples at level Medium
Before redistribution: 10 examples at level Hard
Before redistribution: 10 examples at level VeryHard
Before redistribution: 11 examples at level VeryEasy
Before redistribution: 11 examples at level Easy
Before redistribution: 10 examples at level Medium
Before redistribution: 10 examples at level Hard
Before redistribution: 10 examples at level VeryHard
Before redistribution: 11 examples at level VeryEasy
Before redistribution: 11 examples at level Easy
Before redistribution: 11 examples at level Medium
Before redistribution: 10 examples at level Hard
Before redistribution: 10 examples at level VeryHard
Before redistribution: 11 examples at level VeryEasy
Before redistribution: 11 examples at level Easy
Before redistribution: 11 examples at level Medium
Before redistribution: 11 examples at level Hard
Before redistribution: 10 examples at level VeryHard
Before redistribution: 11 examples at level VeryEasy
Before redistribution: 11 examples at level Easy
Before redistribution: 11 examples at level Medium
Before redistribution: 11 examples at level Hard
Before redistribution: 11 examples at level VeryHard
Performing example redistribution across difficulty levels...
Redistributed 11 examples to level VeryEasy
Redistributed 11 examples to level Easy
Redistributed 11 examples to level Medium
Redistributed 11 examples to level Hard
Redistributed 11 examples to level VeryHard
After redistribution: 11 examples at level VeryEasy
After redistribution: 11 examples at level Easy
After redistribution: 11 examples at level Medium
After redistribution: 11 examples at level Hard
After redistribution: 11 examples at level VeryHard
Before redistribution: 12 examples at level VeryEasy
Before redistribution: 11 examples at level Easy
Before redistribution: 11 examples at level Medium
Before redistribution: 11 examples at level Hard
Before redistribution: 11 examples at level VeryHard
Before redistribution: 12 examples at level VeryEasy
Before redistribution: 12 examples at level Easy
Before redistribution: 11 examples at level Medium
Before redistribution: 11 examples at level Hard
Before redistribution: 11 examples at level VeryHard
Before redistribution: 12 examples at level VeryEasy
Before redistribution: 12 examples at level Easy
Before redistribution: 12 examples at level Medium
Before redistribution: 11 examples at level Hard
Before redistribution: 11 examples at level VeryHard
Before redistribution: 12 examples at level VeryEasy
Before redistribution: 12 examples at level Easy
Before redistribution: 12 examples at level Medium
Before redistribution: 12 examples at level Hard
Before redistribution: 11 examples at level VeryHard
Before redistribution: 12 examples at level VeryEasy
Before redistribution: 12 examples at level Easy
Before redistribution: 12 examples at level Medium
Before redistribution: 12 examples at level Hard
Before redistribution: 12 examples at level VeryHard
Performing example redistribution across difficulty levels...
Redistributed 12 examples to level VeryEasy
Redistributed 12 examples to level Easy
Redistributed 12 examples to level Medium
Redistributed 12 examples to level Hard
Redistributed 12 examples to level VeryHard
After redistribution: 12 examples at level VeryEasy
After redistribution: 12 examples at level Easy
After redistribution: 12 examples at level Medium
After redistribution: 12 examples at level Hard
After redistribution: 12 examples at level VeryHard
Before redistribution: 13 examples at level VeryEasy
Before redistribution: 12 examples at level Easy
Before redistribution: 12 examples at level Medium
Before redistribution: 12 examples at level Hard
Before redistribution: 12 examples at level VeryHard
Before redistribution: 13 examples at level VeryEasy
Before redistribution: 13 examples at level Easy
Before redistribution: 12 examples at level Medium
Before redistribution: 12 examples at level Hard
Before redistribution: 12 examples at level VeryHard
Before redistribution: 13 examples at level VeryEasy
Before redistribution: 13 examples at level Easy
Before redistribution: 13 examples at level Medium
Before redistribution: 12 examples at level Hard
Before redistribution: 12 examples at level VeryHard
Before redistribution: 13 examples at level VeryEasy
Before redistribution: 13 examples at level Easy
Before redistribution: 13 examples at level Medium
Before redistribution: 13 examples at level Hard
Before redistribution: 12 examples at level VeryHard
Before redistribution: 13 examples at level VeryEasy
Before redistribution: 13 examples at level Easy
Before redistribution: 13 examples at level Medium
Before redistribution: 13 examples at level Hard
Before redistribution: 13 examples at level VeryHard
Performing example redistribution across difficulty levels...
Redistributed 13 examples to level VeryEasy
Redistributed 13 examples to level Easy
Redistributed 13 examples to level Medium
Redistributed 13 examples to level Hard
Redistributed 13 examples to level VeryHard
After redistribution: 13 examples at level VeryEasy
After redistribution: 13 examples at level Easy
After redistribution: 13 examples at level Medium
After redistribution: 13 examples at level Hard
After redistribution: 13 examples at level VeryHard
Before redistribution: 14 examples at level VeryEasy
Before redistribution: 13 examples at level Easy
Before redistribution: 13 examples at level Medium
Before redistribution: 13 examples at level Hard
Before redistribution: 13 examples at level VeryHard
Before redistribution: 14 examples at level VeryEasy
Before redistribution: 14 examples at level Easy
Before redistribution: 13 examples at level Medium
Before redistribution: 13 examples at level Hard
Before redistribution: 13 examples at level VeryHard
Before redistribution: 14 examples at level VeryEasy
Before redistribution: 14 examples at level Easy
Before redistribution: 14 examples at level Medium
Before redistribution: 13 examples at level Hard
Before redistribution: 13 examples at level VeryHard
Before redistribution: 14 examples at level VeryEasy
Before redistribution: 14 examples at level Easy
Before redistribution: 14 examples at level Medium
Before redistribution: 14 examples at level Hard
Before redistribution: 13 examples at level VeryHard
Before redistribution: 14 examples at level VeryEasy
Before redistribution: 14 examples at level Easy
Before redistribution: 14 examples at level Medium
Before redistribution: 14 examples at level Hard
Before redistribution: 14 examples at level VeryHard
Performing example redistribution across difficulty levels...
Redistributed 14 examples to level VeryEasy
Redistributed 14 examples to level Easy
Redistributed 14 examples to level Medium
Redistributed 14 examples to level Hard
Redistributed 14 examples to level VeryHard
After redistribution: 14 examples at level VeryEasy
After redistribution: 14 examples at level Easy
After redistribution: 14 examples at level Medium
After redistribution: 14 examples at level Hard
After redistribution: 14 examples at level VeryHard
Before redistribution: 15 examples at level VeryEasy
Before redistribution: 14 examples at level Easy
Before redistribution: 14 examples at level Medium
Before redistribution: 14 examples at level Hard
Before redistribution: 14 examples at level VeryHard
Before redistribution: 15 examples at level VeryEasy
Before redistribution: 15 examples at level Easy
Before redistribution: 14 examples at level Medium
Before redistribution: 14 examples at level Hard
Before redistribution: 14 examples at level VeryHard
Before redistribution: 15 examples at level VeryEasy
Before redistribution: 15 examples at level Easy
Before redistribution: 15 examples at level Medium
Before redistribution: 14 examples at level Hard
Before redistribution: 14 examples at level VeryHard
Before redistribution: 15 examples at level VeryEasy
Before redistribution: 15 examples at level Easy
Before redistribution: 15 examples at level Medium
Before redistribution: 15 examples at level Hard
Before redistribution: 14 examples at level VeryHard
Before redistribution: 15 examples at level VeryEasy
Before redistribution: 15 examples at level Easy
Before redistribution: 15 examples at level Medium
Before redistribution: 15 examples at level Hard
Before redistribution: 15 examples at level VeryHard
Performing example redistribution across difficulty levels...
Redistributed 15 examples to level VeryEasy
Redistributed 15 examples to level Easy
Redistributed 15 examples to level Medium
Redistributed 15 examples to level Hard
Redistributed 15 examples to level VeryHard
After redistribution: 15 examples at level VeryEasy
After redistribution: 15 examples at level Easy
After redistribution: 15 examples at level Medium
After redistribution: 15 examples at level Hard
After redistribution: 15 examples at level VeryHard
Before redistribution: 16 examples at level VeryEasy
Before redistribution: 15 examples at level Easy
Before redistribution: 15 examples at level Medium
Before redistribution: 15 examples at level Hard
Before redistribution: 15 examples at level VeryHard
Before redistribution: 16 examples at level VeryEasy
Before redistribution: 16 examples at level Easy
Before redistribution: 15 examples at level Medium
Before redistribution: 15 examples at level Hard
Before redistribution: 15 examples at level VeryHard
Before redistribution: 16 examples at level VeryEasy
Before redistribution: 16 examples at level Easy
Before redistribution: 16 examples at level Medium
Before redistribution: 15 examples at level Hard
Before redistribution: 15 examples at level VeryHard
Before redistribution: 16 examples at level VeryEasy
Before redistribution: 16 examples at level Easy
Before redistribution: 16 examples at level Medium
Before redistribution: 16 examples at level Hard
Before redistribution: 15 examples at level VeryHard
Before redistribution: 16 examples at level VeryEasy
Before redistribution: 16 examples at level Easy
Before redistribution: 16 examples at level Medium
Before redistribution: 16 examples at level Hard
Before redistribution: 16 examples at level VeryHard
Performing example redistribution across difficulty levels...
Redistributed 16 examples to level VeryEasy
Redistributed 16 examples to level Easy
Redistributed 16 examples to level Medium
Redistributed 16 examples to level Hard
Redistributed 16 examples to level VeryHard
After redistribution: 16 examples at level VeryEasy
After redistribution: 16 examples at level Easy
After redistribution: 16 examples at level Medium
After redistribution: 16 examples at level Hard
After redistribution: 16 examples at level VeryHard
Before redistribution: 17 examples at level VeryEasy
Before redistribution: 16 examples at level Easy
Before redistribution: 16 examples at level Medium
Before redistribution: 16 examples at level Hard
Before redistribution: 16 examples at level VeryHard
Before redistribution: 17 examples at level VeryEasy
Before redistribution: 17 examples at level Easy
Before redistribution: 16 examples at level Medium
Before redistribution: 16 examples at level Hard
Before redistribution: 16 examples at level VeryHard
Before redistribution: 17 examples at level VeryEasy
Before redistribution: 17 examples at level Easy
Before redistribution: 17 examples at level Medium
Before redistribution: 16 examples at level Hard
Before redistribution: 16 examples at level VeryHard
Before redistribution: 17 examples at level VeryEasy
Before redistribution: 17 examples at level Easy
Before redistribution: 17 examples at level Medium
Before redistribution: 17 examples at level Hard
Before redistribution: 16 examples at level VeryHard
Before redistribution: 17 examples at level VeryEasy
Before redistribution: 17 examples at level Easy
Before redistribution: 17 examples at level Medium
Before redistribution: 17 examples at level Hard
Before redistribution: 17 examples at level VeryHard
Performing example redistribution across difficulty levels...
Redistributed 17 examples to level VeryEasy
Redistributed 17 examples to level Easy
Redistributed 17 examples to level Medium
Redistributed 17 examples to level Hard
Redistributed 17 examples to level VeryHard
After redistribution: 17 examples at level VeryEasy
After redistribution: 17 examples at level Easy
After redistribution: 17 examples at level Medium
After redistribution: 17 examples at level Hard
After redistribution: 17 examples at level VeryHard
Before redistribution: 18 examples at level VeryEasy
Before redistribution: 17 examples at level Easy
Before redistribution: 17 examples at level Medium
Before redistribution: 17 examples at level Hard
Before redistribution: 17 examples at level VeryHard
Before redistribution: 18 examples at level VeryEasy
Before redistribution: 18 examples at level Easy
Before redistribution: 17 examples at level Medium
Before redistribution: 17 examples at level Hard
Before redistribution: 17 examples at level VeryHard
Before redistribution: 18 examples at level VeryEasy
Before redistribution: 18 examples at level Easy
Before redistribution: 18 examples at level Medium
Before redistribution: 17 examples at level Hard
Before redistribution: 17 examples at level VeryHard
Before redistribution: 18 examples at level VeryEasy
Before redistribution: 18 examples at level Easy
Before redistribution: 18 examples at level Medium
Before redistribution: 18 examples at level Hard
Before redistribution: 17 examples at level VeryHard
Before redistribution: 18 examples at level VeryEasy
Before redistribution: 18 examples at level Easy
Before redistribution: 18 examples at level Medium
Before redistribution: 18 examples at level Hard
Before redistribution: 18 examples at level VeryHard
Performing example redistribution across difficulty levels...
Redistributed 18 examples to level VeryEasy
Redistributed 18 examples to level Easy
Redistributed 18 examples to level Medium
Redistributed 18 examples to level Hard
Redistributed 18 examples to level VeryHard
After redistribution: 18 examples at level VeryEasy
After redistribution: 18 examples at level Easy
After redistribution: 18 examples at level Medium
After redistribution: 18 examples at level Hard
After redistribution: 18 examples at level VeryHard
Before redistribution: 19 examples at level VeryEasy
Before redistribution: 18 examples at level Easy
Before redistribution: 18 examples at level Medium
Before redistribution: 18 examples at level Hard
Before redistribution: 18 examples at level VeryHard
Before redistribution: 19 examples at level VeryEasy
Before redistribution: 19 examples at level Easy
Before redistribution: 18 examples at level Medium
Before redistribution: 18 examples at level Hard
Before redistribution: 18 examples at level VeryHard
Before redistribution: 19 examples at level VeryEasy
Before redistribution: 19 examples at level Easy
Before redistribution: 19 examples at level Medium
Before redistribution: 18 examples at level Hard
Before redistribution: 18 examples at level VeryHard
Before redistribution: 19 examples at level VeryEasy
Before redistribution: 19 examples at level Easy
Before redistribution: 19 examples at level Medium
Before redistribution: 19 examples at level Hard
Before redistribution: 18 examples at level VeryHard
Before redistribution: 19 examples at level VeryEasy
Before redistribution: 19 examples at level Easy
Before redistribution: 19 examples at level Medium
Before redistribution: 19 examples at level Hard
Before redistribution: 19 examples at level VeryHard
Performing example redistribution across difficulty levels...
Redistributed 19 examples to level VeryEasy
Redistributed 19 examples to level Easy
Redistributed 19 examples to level Medium
Redistributed 19 examples to level Hard
Redistributed 19 examples to level VeryHard
After redistribution: 19 examples at level VeryEasy
After redistribution: 19 examples at level Easy
After redistribution: 19 examples at level Medium
After redistribution: 19 examples at level Hard
After redistribution: 19 examples at level VeryHard
Before redistribution: 20 examples at level VeryEasy
Before redistribution: 19 examples at level Easy
Before redistribution: 19 examples at level Medium
Before redistribution: 19 examples at level Hard
Before redistribution: 19 examples at level VeryHard
Before redistribution: 20 examples at level VeryEasy
Before redistribution: 20 examples at level Easy
Before redistribution: 19 examples at level Medium
Before redistribution: 19 examples at level Hard
Before redistribution: 19 examples at level VeryHard
Before redistribution: 20 examples at level VeryEasy
Before redistribution: 20 examples at level Easy
Before redistribution: 20 examples at level Medium
Before redistribution: 19 examples at level Hard
Before redistribution: 19 examples at level VeryHard
Before redistribution: 20 examples at level VeryEasy
Before redistribution: 20 examples at level Easy
Before redistribution: 20 examples at level Medium
Before redistribution: 20 examples at level Hard
Before redistribution: 19 examples at level VeryHard
Before redistribution: 20 examples at level VeryEasy
Before redistribution: 20 examples at level Easy
Before redistribution: 20 examples at level Medium
Before redistribution: 20 examples at level Hard
Before redistribution: 20 examples at level VeryHard
Performing example redistribution across difficulty levels...
Redistributed 20 examples to level VeryEasy
Redistributed 20 examples to level Easy
Redistributed 20 examples to level Medium
Redistributed 20 examples to level Hard
Redistributed 20 examples to level VeryHard
After redistribution: 20 examples at level VeryEasy
After redistribution: 20 examples at level Easy
After redistribution: 20 examples at level Medium
After redistribution: 20 examples at level Hard
After redistribution: 20 examples at level VeryHard
Before redistribution: 21 examples at level VeryEasy
Before redistribution: 20 examples at level Easy
Before redistribution: 20 examples at level Medium
Before redistribution: 20 examples at level Hard
Before redistribution: 20 examples at level VeryHard
Before redistribution: 21 examples at level VeryEasy
Before redistribution: 21 examples at level Easy
Before redistribution: 20 examples at level Medium
Before redistribution: 20 examples at level Hard
Before redistribution: 20 examples at level VeryHard
Before redistribution: 21 examples at level VeryEasy
Before redistribution: 21 examples at level Easy
Before redistribution: 21 examples at level Medium
Before redistribution: 20 examples at level Hard
Before redistribution: 20 examples at level VeryHard
Before redistribution: 21 examples at level VeryEasy
Before redistribution: 21 examples at level Easy
Before redistribution: 21 examples at level Medium
Before redistribution: 21 examples at level Hard
Before redistribution: 20 examples at level VeryHard
Before redistribution: 21 examples at level VeryEasy
Before redistribution: 21 examples at level Easy
Before redistribution: 21 examples at level Medium
Before redistribution: 21 examples at level Hard
Before redistribution: 21 examples at level VeryHard
Performing example redistribution across difficulty levels...
Redistributed 21 examples to level VeryEasy
Redistributed 21 examples to level Easy
Redistributed 21 examples to level Medium
Redistributed 21 examples to level Hard
Redistributed 21 examples to level VeryHard
After redistribution: 21 examples at level VeryEasy
After redistribution: 21 examples at level Easy
After redistribution: 21 examples at level Medium
After redistribution: 21 examples at level Hard
After redistribution: 21 examples at level VeryHard
Before redistribution: 22 examples at level VeryEasy
Before redistribution: 21 examples at level Easy
Before redistribution: 21 examples at level Medium
Before redistribution: 21 examples at level Hard
Before redistribution: 21 examples at level VeryHard
Before redistribution: 22 examples at level VeryEasy
Before redistribution: 22 examples at level Easy
Before redistribution: 21 examples at level Medium
Before redistribution: 21 examples at level Hard
Before redistribution: 21 examples at level VeryHard
Before redistribution: 22 examples at level VeryEasy
Before redistribution: 22 examples at level Easy
Before redistribution: 22 examples at level Medium
Before redistribution: 21 examples at level Hard
Before redistribution: 21 examples at level VeryHard
Before redistribution: 22 examples at level VeryEasy
Before redistribution: 22 examples at level Easy
Before redistribution: 22 examples at level Medium
Before redistribution: 22 examples at level Hard
Before redistribution: 21 examples at level VeryHard
Before redistribution: 22 examples at level VeryEasy
Before redistribution: 22 examples at level Easy
Before redistribution: 22 examples at level Medium
Before redistribution: 22 examples at level Hard
Before redistribution: 22 examples at level VeryHard
Performing example redistribution across difficulty levels...
Redistributed 22 examples to level VeryEasy
Redistributed 22 examples to level Easy
Redistributed 22 examples to level Medium
Redistributed 22 examples to level Hard
Redistributed 22 examples to level VeryHard
After redistribution: 22 examples at level VeryEasy
After redistribution: 22 examples at level Easy
After redistribution: 22 examples at level Medium
After redistribution: 22 examples at level Hard
After redistribution: 22 examples at level VeryHard
Before redistribution: 23 examples at level VeryEasy
Before redistribution: 22 examples at level Easy
Before redistribution: 22 examples at level Medium
Before redistribution: 22 examples at level Hard
Before redistribution: 22 examples at level VeryHard
Before redistribution: 23 examples at level VeryEasy
Before redistribution: 23 examples at level Easy
Before redistribution: 22 examples at level Medium
Before redistribution: 22 examples at level Hard
Before redistribution: 22 examples at level VeryHard
Before redistribution: 23 examples at level VeryEasy
Before redistribution: 23 examples at level Easy
Before redistribution: 23 examples at level Medium
Before redistribution: 22 examples at level Hard
Before redistribution: 22 examples at level VeryHard
Before redistribution: 23 examples at level VeryEasy
Before redistribution: 23 examples at level Easy
Before redistribution: 23 examples at level Medium
Before redistribution: 23 examples at level Hard
Before redistribution: 22 examples at level VeryHard
Before redistribution: 23 examples at level VeryEasy
Before redistribution: 23 examples at level Easy
Before redistribution: 23 examples at level Medium
Before redistribution: 23 examples at level Hard
Before redistribution: 23 examples at level VeryHard
Performing example redistribution across difficulty levels...
Redistributed 23 examples to level VeryEasy
Redistributed 23 examples to level Easy
Redistributed 23 examples to level Medium
Redistributed 23 examples to level Hard
Redistributed 23 examples to level VeryHard
After redistribution: 23 examples at level VeryEasy
After redistribution: 23 examples at level Easy
After redistribution: 23 examples at level Medium
After redistribution: 23 examples at level Hard
After redistribution: 23 examples at level VeryHard
Before redistribution: 24 examples at level VeryEasy
Before redistribution: 23 examples at level Easy
Before redistribution: 23 examples at level Medium
Before redistribution: 23 examples at level Hard
Before redistribution: 23 examples at level VeryHard
Before redistribution: 24 examples at level VeryEasy
Before redistribution: 24 examples at level Easy
Before redistribution: 23 examples at level Medium
Before redistribution: 23 examples at level Hard
Before redistribution: 23 examples at level VeryHard
Before redistribution: 24 examples at level VeryEasy
Before redistribution: 24 examples at level Easy
Before redistribution: 24 examples at level Medium
Before redistribution: 23 examples at level Hard
Before redistribution: 23 examples at level VeryHard
Before redistribution: 24 examples at level VeryEasy
Before redistribution: 24 examples at level Easy
Before redistribution: 24 examples at level Medium
Before redistribution: 24 examples at level Hard
Before redistribution: 23 examples at level VeryHard
Before redistribution: 24 examples at level VeryEasy
Before redistribution: 24 examples at level Easy
Before redistribution: 24 examples at level Medium
Before redistribution: 24 examples at level Hard
Before redistribution: 24 examples at level VeryHard
Performing example redistribution across difficulty levels...
Redistributed 24 examples to level VeryEasy
Redistributed 24 examples to level Easy
Redistributed 24 examples to level Medium
Redistributed 24 examples to level Hard
Redistributed 24 examples to level VeryHard
After redistribution: 24 examples at level VeryEasy
After redistribution: 24 examples at level Easy
After redistribution: 24 examples at level Medium
After redistribution: 24 examples at level Hard
After redistribution: 24 examples at level VeryHard
Before redistribution: 25 examples at level VeryEasy
Before redistribution: 24 examples at level Easy
Before redistribution: 24 examples at level Medium
Before redistribution: 24 examples at level Hard
Before redistribution: 24 examples at level VeryHard
Before redistribution: 25 examples at level VeryEasy
Before redistribution: 25 examples at level Easy
Before redistribution: 24 examples at level Medium
Before redistribution: 24 examples at level Hard
Before redistribution: 24 examples at level VeryHard
Before redistribution: 25 examples at level VeryEasy
Before redistribution: 25 examples at level Easy
Before redistribution: 25 examples at level Medium
Before redistribution: 24 examples at level Hard
Before redistribution: 24 examples at level VeryHard
Before redistribution: 25 examples at level VeryEasy
Before redistribution: 25 examples at level Easy
Before redistribution: 25 examples at level Medium
Before redistribution: 25 examples at level Hard
Before redistribution: 24 examples at level VeryHard
Before redistribution: 25 examples at level VeryEasy
Before redistribution: 25 examples at level Easy
Before redistribution: 25 examples at level Medium
Before redistribution: 25 examples at level Hard
Before redistribution: 25 examples at level VeryHard
Performing example redistribution across difficulty levels...
Redistributed 25 examples to level VeryEasy
Redistributed 25 examples to level Easy
Redistributed 25 examples to level Medium
Redistributed 25 examples to level Hard
Redistributed 25 examples to level VeryHard
After redistribution: 25 examples at level VeryEasy
After redistribution: 25 examples at level Easy
After redistribution: 25 examples at level Medium
After redistribution: 25 examples at level Hard
After redistribution: 25 examples at level VeryHard
Before redistribution: 26 examples at level VeryEasy
Before redistribution: 25 examples at level Easy
Before redistribution: 25 examples at level Medium
Before redistribution: 25 examples at level Hard
Before redistribution: 25 examples at level VeryHard
Before redistribution: 26 examples at level VeryEasy
Before redistribution: 26 examples at level Easy
Before redistribution: 25 examples at level Medium
Before redistribution: 25 examples at level Hard
Before redistribution: 25 examples at level VeryHard
Before redistribution: 26 examples at level VeryEasy
Before redistribution: 26 examples at level Easy
Before redistribution: 26 examples at level Medium
Before redistribution: 25 examples at level Hard
Before redistribution: 25 examples at level VeryHard
Before redistribution: 26 examples at level VeryEasy
Before redistribution: 26 examples at level Easy
Before redistribution: 26 examples at level Medium
Before redistribution: 26 examples at level Hard
Before redistribution: 25 examples at level VeryHard
Before redistribution: 26 examples at level VeryEasy
Before redistribution: 26 examples at level Easy
Before redistribution: 26 examples at level Medium
Before redistribution: 26 examples at level Hard
Before redistribution: 26 examples at level VeryHard
Performing example redistribution across difficulty levels...
Redistributed 26 examples to level VeryEasy
Redistributed 26 examples to level Easy
Redistributed 26 examples to level Medium
Redistributed 26 examples to level Hard
Redistributed 26 examples to level VeryHard
After redistribution: 26 examples at level VeryEasy
After redistribution: 26 examples at level Easy
After redistribution: 26 examples at level Medium
After redistribution: 26 examples at level Hard
After redistribution: 26 examples at level VeryHard
Before redistribution: 27 examples at level VeryEasy
Before redistribution: 26 examples at level Easy
Before redistribution: 26 examples at level Medium
Before redistribution: 26 examples at level Hard
Before redistribution: 26 examples at level VeryHard
Before redistribution: 27 examples at level VeryEasy
Before redistribution: 27 examples at level Easy
Before redistribution: 26 examples at level Medium
Before redistribution: 26 examples at level Hard
Before redistribution: 26 examples at level VeryHard
Before redistribution: 27 examples at level VeryEasy
Before redistribution: 27 examples at level Easy
Before redistribution: 27 examples at level Medium
Before redistribution: 26 examples at level Hard
Before redistribution: 26 examples at level VeryHard
Before redistribution: 27 examples at level VeryEasy
Before redistribution: 27 examples at level Easy
Before redistribution: 27 examples at level Medium
Before redistribution: 27 examples at level Hard
Before redistribution: 26 examples at level VeryHard
Before redistribution: 27 examples at level VeryEasy
Before redistribution: 27 examples at level Easy
Before redistribution: 27 examples at level Medium
Before redistribution: 27 examples at level Hard
Before redistribution: 27 examples at level VeryHard
Performing example redistribution across difficulty levels...
Redistributed 27 examples to level VeryEasy
Redistributed 27 examples to level Easy
Redistributed 27 examples to level Medium
Redistributed 27 examples to level Hard
Redistributed 27 examples to level VeryHard
After redistribution: 27 examples at level VeryEasy
After redistribution: 27 examples at level Easy
After redistribution: 27 examples at level Medium
After redistribution: 27 examples at level Hard
After redistribution: 27 examples at level VeryHard
Before redistribution: 28 examples at level VeryEasy
Before redistribution: 27 examples at level Easy
Before redistribution: 27 examples at level Medium
Before redistribution: 27 examples at level Hard
Before redistribution: 27 examples at level VeryHard
Before redistribution: 28 examples at level VeryEasy
Before redistribution: 28 examples at level Easy
Before redistribution: 27 examples at level Medium
Before redistribution: 27 examples at level Hard
Before redistribution: 27 examples at level VeryHard
Before redistribution: 28 examples at level VeryEasy
Before redistribution: 28 examples at level Easy
Before redistribution: 28 examples at level Medium
Before redistribution: 27 examples at level Hard
Before redistribution: 27 examples at level VeryHard
Before redistribution: 28 examples at level VeryEasy
Before redistribution: 28 examples at level Easy
Before redistribution: 28 examples at level Medium
Before redistribution: 28 examples at level Hard
Before redistribution: 27 examples at level VeryHard
Before redistribution: 28 examples at level VeryEasy
Before redistribution: 28 examples at level Easy
Before redistribution: 28 examples at level Medium
Before redistribution: 28 examples at level Hard
Before redistribution: 28 examples at level VeryHard
Performing example redistribution across difficulty levels...
Redistributed 28 examples to level VeryEasy
Redistributed 28 examples to level Easy
Redistributed 28 examples to level Medium
Redistributed 28 examples to level Hard
Redistributed 28 examples to level VeryHard
After redistribution: 28 examples at level VeryEasy
After redistribution: 28 examples at level Easy
After redistribution: 28 examples at level Medium
After redistribution: 28 examples at level Hard
After redistribution: 28 examples at level VeryHard
Before redistribution: 29 examples at level VeryEasy
Before redistribution: 28 examples at level Easy
Before redistribution: 28 examples at level Medium
Before redistribution: 28 examples at level Hard
Before redistribution: 28 examples at level VeryHard
Before redistribution: 29 examples at level VeryEasy
Before redistribution: 29 examples at level Easy
Before redistribution: 28 examples at level Medium
Before redistribution: 28 examples at level Hard
Before redistribution: 28 examples at level VeryHard
Before redistribution: 29 examples at level VeryEasy
Before redistribution: 29 examples at level Easy
Before redistribution: 29 examples at level Medium
Before redistribution: 28 examples at level Hard
Before redistribution: 28 examples at level VeryHard
Before redistribution: 29 examples at level VeryEasy
Before redistribution: 29 examples at level Easy
Before redistribution: 29 examples at level Medium
Before redistribution: 29 examples at level Hard
Before redistribution: 28 examples at level VeryHard
Before redistribution: 29 examples at level VeryEasy
Before redistribution: 29 examples at level Easy
Before redistribution: 29 examples at level Medium
Before redistribution: 29 examples at level Hard
Before redistribution: 29 examples at level VeryHard
Performing example redistribution across difficulty levels...
Redistributed 29 examples to level VeryEasy
Redistributed 29 examples to level Easy
Redistributed 29 examples to level Medium
Redistributed 29 examples to level Hard
Redistributed 29 examples to level VeryHard
After redistribution: 29 examples at level VeryEasy
After redistribution: 29 examples at level Easy
After redistribution: 29 examples at level Medium
After redistribution: 29 examples at level Hard
After redistribution: 29 examples at level VeryHard
Before redistribution: 30 examples at level VeryEasy
Before redistribution: 29 examples at level Easy
Before redistribution: 29 examples at level Medium
Before redistribution: 29 examples at level Hard
Before redistribution: 29 examples at level VeryHard
Before redistribution: 30 examples at level VeryEasy
Before redistribution: 30 examples at level Easy
Before redistribution: 29 examples at level Medium
Before redistribution: 29 examples at level Hard
Before redistribution: 29 examples at level VeryHard
Before redistribution: 30 examples at level VeryEasy
Before redistribution: 30 examples at level Easy
Before redistribution: 30 examples at level Medium
Before redistribution: 29 examples at level Hard
Before redistribution: 29 examples at level VeryHard
Before redistribution: 30 examples at level VeryEasy
Before redistribution: 30 examples at level Easy
Before redistribution: 30 examples at level Medium
Before redistribution: 30 examples at level Hard
Before redistribution: 29 examples at level VeryHard
Before redistribution: 30 examples at level VeryEasy
Before redistribution: 30 examples at level Easy
Before redistribution: 30 examples at level Medium
Before redistribution: 30 examples at level Hard
Before redistribution: 30 examples at level VeryHard
Performing example redistribution across difficulty levels...
Redistributed 30 examples to level VeryEasy
Redistributed 30 examples to level Easy
Redistributed 30 examples to level Medium
Redistributed 30 examples to level Hard
Redistributed 30 examples to level VeryHard
After redistribution: 30 examples at level VeryEasy
After redistribution: 30 examples at level Easy
After redistribution: 30 examples at level Medium
After redistribution: 30 examples at level Hard
After redistribution: 30 examples at level VeryHard
Before redistribution: 31 examples at level VeryEasy
Before redistribution: 30 examples at level Easy
Before redistribution: 30 examples at level Medium
Before redistribution: 30 examples at level Hard
Before redistribution: 30 examples at level VeryHard
Before redistribution: 31 examples at level VeryEasy
Before redistribution: 31 examples at level Easy
Before redistribution: 30 examples at level Medium
Before redistribution: 30 examples at level Hard
Before redistribution: 30 examples at level VeryHard
Before redistribution: 31 examples at level VeryEasy
Before redistribution: 31 examples at level Easy
Before redistribution: 31 examples at level Medium
Before redistribution: 30 examples at level Hard
Before redistribution: 30 examples at level VeryHard
Before redistribution: 31 examples at level VeryEasy
Before redistribution: 31 examples at level Easy
Before redistribution: 31 examples at level Medium
Before redistribution: 31 examples at level Hard
Before redistribution: 30 examples at level VeryHard
Before redistribution: 31 examples at level VeryEasy
Before redistribution: 31 examples at level Easy
Before redistribution: 31 examples at level Medium
Before redistribution: 31 examples at level Hard
Before redistribution: 31 examples at level VeryHard
Performing example redistribution across difficulty levels...
Redistributed 31 examples to level VeryEasy
Redistributed 31 examples to level Easy
Redistributed 31 examples to level Medium
Redistributed 31 examples to level Hard
Redistributed 31 examples to level VeryHard
After redistribution: 31 examples at level VeryEasy
After redistribution: 31 examples at level Easy
After redistribution: 31 examples at level Medium
After redistribution: 31 examples at level Hard
After redistribution: 31 examples at level VeryHard
Before redistribution: 32 examples at level VeryEasy
Before redistribution: 31 examples at level Easy
Before redistribution: 31 examples at level Medium
Before redistribution: 31 examples at level Hard
Before redistribution: 31 examples at level VeryHard
Before redistribution: 32 examples at level VeryEasy
Before redistribution: 32 examples at level Easy
Before redistribution: 31 examples at level Medium
Before redistribution: 31 examples at level Hard
Before redistribution: 31 examples at level VeryHard
Before redistribution: 32 examples at level VeryEasy
Before redistribution: 32 examples at level Easy
Before redistribution: 32 examples at level Medium
Before redistribution: 31 examples at level Hard
Before redistribution: 31 examples at level VeryHard
Before redistribution: 32 examples at level VeryEasy
Before redistribution: 32 examples at level Easy
Before redistribution: 32 examples at level Medium
Before redistribution: 32 examples at level Hard
Before redistribution: 31 examples at level VeryHard
Before redistribution: 32 examples at level VeryEasy
Before redistribution: 32 examples at level Easy
Before redistribution: 32 examples at level Medium
Before redistribution: 32 examples at level Hard
Before redistribution: 32 examples at level VeryHard
Performing example redistribution across difficulty levels...
Redistributed 32 examples to level VeryEasy
Redistributed 32 examples to level Easy
Redistributed 32 examples to level Medium
Redistributed 32 examples to level Hard
Redistributed 32 examples to level VeryHard
After redistribution: 32 examples at level VeryEasy
After redistribution: 32 examples at level Easy
After redistribution: 32 examples at level Medium
After redistribution: 32 examples at level Hard
After redistribution: 32 examples at level VeryHard
Before redistribution: 33 examples at level VeryEasy
Before redistribution: 32 examples at level Easy
Before redistribution: 32 examples at level Medium
Before redistribution: 32 examples at level Hard
Before redistribution: 32 examples at level VeryHard
Before redistribution: 33 examples at level VeryEasy
Before redistribution: 33 examples at level Easy
Before redistribution: 32 examples at level Medium
Before redistribution: 32 examples at level Hard
Before redistribution: 32 examples at level VeryHard
Before redistribution: 33 examples at level VeryEasy
Before redistribution: 33 examples at level Easy
Before redistribution: 33 examples at level Medium
Before redistribution: 32 examples at level Hard
Before redistribution: 32 examples at level VeryHard
Before redistribution: 33 examples at level VeryEasy
Before redistribution: 33 examples at level Easy
Before redistribution: 33 examples at level Medium
Before redistribution: 33 examples at level Hard
Before redistribution: 32 examples at level VeryHard
Before redistribution: 33 examples at level VeryEasy
Before redistribution: 33 examples at level Easy
Before redistribution: 33 examples at level Medium
Before redistribution: 33 examples at level Hard
Before redistribution: 33 examples at level VeryHard
Performing example redistribution across difficulty levels...
Redistributed 33 examples to level VeryEasy
Redistributed 33 examples to level Easy
Redistributed 33 examples to level Medium
Redistributed 33 examples to level Hard
Redistributed 33 examples to level VeryHard
After redistribution: 33 examples at level VeryEasy
After redistribution: 33 examples at level Easy
After redistribution: 33 examples at level Medium
After redistribution: 33 examples at level Hard
After redistribution: 33 examples at level VeryHard
Before redistribution: 34 examples at level VeryEasy
Before redistribution: 33 examples at level Easy
Before redistribution: 33 examples at level Medium
Before redistribution: 33 examples at level Hard
Before redistribution: 33 examples at level VeryHard
Before redistribution: 34 examples at level VeryEasy
Before redistribution: 34 examples at level Easy
Before redistribution: 33 examples at level Medium
Before redistribution: 33 examples at level Hard
Before redistribution: 33 examples at level VeryHard
Before redistribution: 34 examples at level VeryEasy
Before redistribution: 34 examples at level Easy
Before redistribution: 34 examples at level Medium
Before redistribution: 33 examples at level Hard
Before redistribution: 33 examples at level VeryHard
Before redistribution: 34 examples at level VeryEasy
Before redistribution: 34 examples at level Easy
Before redistribution: 34 examples at level Medium
Before redistribution: 34 examples at level Hard
Before redistribution: 33 examples at level VeryHard
Before redistribution: 34 examples at level VeryEasy
Before redistribution: 34 examples at level Easy
Before redistribution: 34 examples at level Medium
Before redistribution: 34 examples at level Hard
Before redistribution: 34 examples at level VeryHard
Performing example redistribution across difficulty levels...
Redistributed 34 examples to level VeryEasy
Redistributed 34 examples to level Easy
Redistributed 34 examples to level Medium
Redistributed 34 examples to level Hard
Redistributed 34 examples to level VeryHard
After redistribution: 34 examples at level VeryEasy
After redistribution: 34 examples at level Easy
After redistribution: 34 examples at level Medium
After redistribution: 34 examples at level Hard
After redistribution: 34 examples at level VeryHard
Before redistribution: 35 examples at level VeryEasy
Before redistribution: 34 examples at level Easy
Before redistribution: 34 examples at level Medium
Before redistribution: 34 examples at level Hard
Before redistribution: 34 examples at level VeryHard
Before redistribution: 35 examples at level VeryEasy
Before redistribution: 35 examples at level Easy
Before redistribution: 34 examples at level Medium
Before redistribution: 34 examples at level Hard
Before redistribution: 34 examples at level VeryHard
Before redistribution: 35 examples at level VeryEasy
Before redistribution: 35 examples at level Easy
Before redistribution: 35 examples at level Medium
Before redistribution: 34 examples at level Hard
Before redistribution: 34 examples at level VeryHard
Before redistribution: 35 examples at level VeryEasy
Before redistribution: 35 examples at level Easy
Before redistribution: 35 examples at level Medium
Before redistribution: 35 examples at level Hard
Before redistribution: 34 examples at level VeryHard
Before redistribution: 35 examples at level VeryEasy
Before redistribution: 35 examples at level Easy
Before redistribution: 35 examples at level Medium
Before redistribution: 35 examples at level Hard
Before redistribution: 35 examples at level VeryHard
Performing example redistribution across difficulty levels...
Redistributed 35 examples to level VeryEasy
Redistributed 35 examples to level Easy
Redistributed 35 examples to level Medium
Redistributed 35 examples to level Hard
Redistributed 35 examples to level VeryHard
After redistribution: 35 examples at level VeryEasy
After redistribution: 35 examples at level Easy
After redistribution: 35 examples at level Medium
After redistribution: 35 examples at level Hard
After redistribution: 35 examples at level VeryHard
Before redistribution: 36 examples at level VeryEasy
Before redistribution: 35 examples at level Easy
Before redistribution: 35 examples at level Medium
Before redistribution: 35 examples at level Hard
Before redistribution: 35 examples at level VeryHard
Before redistribution: 36 examples at level VeryEasy
Before redistribution: 36 examples at level Easy
Before redistribution: 35 examples at level Medium
Before redistribution: 35 examples at level Hard
Before redistribution: 35 examples at level VeryHard
Before redistribution: 36 examples at level VeryEasy
Before redistribution: 36 examples at level Easy
Before redistribution: 36 examples at level Medium
Before redistribution: 35 examples at level Hard
Before redistribution: 35 examples at level VeryHard
Before redistribution: 36 examples at level VeryEasy
Before redistribution: 36 examples at level Easy
Before redistribution: 36 examples at level Medium
Before redistribution: 36 examples at level Hard
Before redistribution: 35 examples at level VeryHard
Before redistribution: 36 examples at level VeryEasy
Before redistribution: 36 examples at level Easy
Before redistribution: 36 examples at level Medium
Before redistribution: 36 examples at level Hard
Before redistribution: 36 examples at level VeryHard
Performing example redistribution across difficulty levels...
Redistributed 36 examples to level VeryEasy
Redistributed 36 examples to level Easy
Redistributed 36 examples to level Medium
Redistributed 36 examples to level Hard
Redistributed 36 examples to level VeryHard
After redistribution: 36 examples at level VeryEasy
After redistribution: 36 examples at level Easy
After redistribution: 36 examples at level Medium
After redistribution: 36 examples at level Hard
After redistribution: 36 examples at level VeryHard
Before redistribution: 37 examples at level VeryEasy
Before redistribution: 36 examples at level Easy
Before redistribution: 36 examples at level Medium
Before redistribution: 36 examples at level Hard
Before redistribution: 36 examples at level VeryHard
Before redistribution: 37 examples at level VeryEasy
Before redistribution: 37 examples at level Easy
Before redistribution: 36 examples at level Medium
Before redistribution: 36 examples at level Hard
Before redistribution: 36 examples at level VeryHard
Before redistribution: 37 examples at level VeryEasy
Before redistribution: 37 examples at level Easy
Before redistribution: 37 examples at level Medium
Before redistribution: 36 examples at level Hard
Before redistribution: 36 examples at level VeryHard
Before redistribution: 37 examples at level VeryEasy
Before redistribution: 37 examples at level Easy
Before redistribution: 37 examples at level Medium
Before redistribution: 37 examples at level Hard
Before redistribution: 36 examples at level VeryHard
Before redistribution: 37 examples at level VeryEasy
Before redistribution: 37 examples at level Easy
Before redistribution: 37 examples at level Medium
Before redistribution: 37 examples at level Hard
Before redistribution: 37 examples at level VeryHard
Performing example redistribution across difficulty levels...
Redistributed 37 examples to level VeryEasy
Redistributed 37 examples to level Easy
Redistributed 37 examples to level Medium
Redistributed 37 examples to level Hard
Redistributed 37 examples to level VeryHard
After redistribution: 37 examples at level VeryEasy
After redistribution: 37 examples at level Easy
After redistribution: 37 examples at level Medium
After redistribution: 37 examples at level Hard
After redistribution: 37 examples at level VeryHard
Before redistribution: 38 examples at level VeryEasy
Before redistribution: 37 examples at level Easy
Before redistribution: 37 examples at level Medium
Before redistribution: 37 examples at level Hard
Before redistribution: 37 examples at level VeryHard
Before redistribution: 38 examples at level VeryEasy
Before redistribution: 38 examples at level Easy
Before redistribution: 37 examples at level Medium
Before redistribution: 37 examples at level Hard
Before redistribution: 37 examples at level VeryHard
Before redistribution: 38 examples at level VeryEasy
Before redistribution: 38 examples at level Easy
Before redistribution: 38 examples at level Medium
Before redistribution: 37 examples at level Hard
Before redistribution: 37 examples at level VeryHard
Before redistribution: 38 examples at level VeryEasy
Before redistribution: 38 examples at level Easy
Before redistribution: 38 examples at level Medium
Before redistribution: 38 examples at level Hard
Before redistribution: 37 examples at level VeryHard
Before redistribution: 38 examples at level VeryEasy
Before redistribution: 38 examples at level Easy
Before redistribution: 38 examples at level Medium
Before redistribution: 38 examples at level Hard
Before redistribution: 38 examples at level VeryHard
Performing example redistribution across difficulty levels...
Redistributed 38 examples to level VeryEasy
Redistributed 38 examples to level Easy
Redistributed 38 examples to level Medium
Redistributed 38 examples to level Hard
Redistributed 38 examples to level VeryHard
After redistribution: 38 examples at level VeryEasy
After redistribution: 38 examples at level Easy
After redistribution: 38 examples at level Medium
After redistribution: 38 examples at level Hard
After redistribution: 38 examples at level VeryHard
Before redistribution: 39 examples at level VeryEasy
Before redistribution: 38 examples at level Easy
Before redistribution: 38 examples at level Medium
Before redistribution: 38 examples at level Hard
Before redistribution: 38 examples at level VeryHard
Before redistribution: 39 examples at level VeryEasy
Before redistribution: 39 examples at level Easy
Before redistribution: 38 examples at level Medium
Before redistribution: 38 examples at level Hard
Before redistribution: 38 examples at level VeryHard
Before redistribution: 39 examples at level VeryEasy
Before redistribution: 39 examples at level Easy
Before redistribution: 39 examples at level Medium
Before redistribution: 38 examples at level Hard
Before redistribution: 38 examples at level VeryHard
Before redistribution: 39 examples at level VeryEasy
Before redistribution: 39 examples at level Easy
Before redistribution: 39 examples at level Medium
Before redistribution: 39 examples at level Hard
Before redistribution: 38 examples at level VeryHard
Before redistribution: 39 examples at level VeryEasy
Before redistribution: 39 examples at level Easy
Before redistribution: 39 examples at level Medium
Before redistribution: 39 examples at level Hard
Before redistribution: 39 examples at level VeryHard
Performing example redistribution across difficulty levels...
Redistributed 39 examples to level VeryEasy
Redistributed 39 examples to level Easy
Redistributed 39 examples to level Medium
Redistributed 39 examples to level Hard
Redistributed 39 examples to level VeryHard
After redistribution: 39 examples at level VeryEasy
After redistribution: 39 examples at level Easy
After redistribution: 39 examples at level Medium
After redistribution: 39 examples at level Hard
After redistribution: 39 examples at level VeryHard
Before redistribution: 40 examples at level VeryEasy
Before redistribution: 39 examples at level Easy
Before redistribution: 39 examples at level Medium
Before redistribution: 39 examples at level Hard
Before redistribution: 39 examples at level VeryHard
Before redistribution: 40 examples at level VeryEasy
Before redistribution: 40 examples at level Easy
Before redistribution: 39 examples at level Medium
Before redistribution: 39 examples at level Hard
Before redistribution: 39 examples at level VeryHard
Before redistribution: 40 examples at level VeryEasy
Before redistribution: 40 examples at level Easy
Before redistribution: 40 examples at level Medium
Before redistribution: 39 examples at level Hard
Before redistribution: 39 examples at level VeryHard
Before redistribution: 40 examples at level VeryEasy
Before redistribution: 40 examples at level Easy
Before redistribution: 40 examples at level Medium
Before redistribution: 40 examples at level Hard
Before redistribution: 39 examples at level VeryHard
Before redistribution: 40 examples at level VeryEasy
Before redistribution: 40 examples at level Easy
Before redistribution: 40 examples at level Medium
Before redistribution: 40 examples at level Hard
Before redistribution: 40 examples at level VeryHard
Performing example redistribution across difficulty levels...
Redistributed 40 examples to level VeryEasy
Redistributed 40 examples to level Easy
Redistributed 40 examples to level Medium
Redistributed 40 examples to level Hard
Redistributed 40 examples to level VeryHard
After redistribution: 40 examples at level VeryEasy
After redistribution: 40 examples at level Easy
After redistribution: 40 examples at level Medium
After redistribution: 40 examples at level Hard
After redistribution: 40 examples at level VeryHard
Before redistribution: 41 examples at level VeryEasy
Before redistribution: 40 examples at level Easy
Before redistribution: 40 examples at level Medium
Before redistribution: 40 examples at level Hard
Before redistribution: 40 examples at level VeryHard
Before redistribution: 41 examples at level VeryEasy
Before redistribution: 41 examples at level Easy
Before redistribution: 40 examples at level Medium
Before redistribution: 40 examples at level Hard
Before redistribution: 40 examples at level VeryHard
Before redistribution: 41 examples at level VeryEasy
Before redistribution: 41 examples at level Easy
Before redistribution: 41 examples at level Medium
Before redistribution: 40 examples at level Hard
Before redistribution: 40 examples at level VeryHard
Before redistribution: 41 examples at level VeryEasy
Before redistribution: 41 examples at level Easy
Before redistribution: 41 examples at level Medium
Before redistribution: 41 examples at level Hard
Before redistribution: 40 examples at level VeryHard
Before redistribution: 41 examples at level VeryEasy
Before redistribution: 41 examples at level Easy
Before redistribution: 41 examples at level Medium
Before redistribution: 41 examples at level Hard
Before redistribution: 41 examples at level VeryHard
Performing example redistribution across difficulty levels...
Redistributed 41 examples to level VeryEasy
Redistributed 41 examples to level Easy
Redistributed 41 examples to level Medium
Redistributed 41 examples to level Hard
Redistributed 41 examples to level VeryHard
After redistribution: 41 examples at level VeryEasy
After redistribution: 41 examples at level Easy
After redistribution: 41 examples at level Medium
After redistribution: 41 examples at level Hard
After redistribution: 41 examples at level VeryHard
Before redistribution: 42 examples at level VeryEasy
Before redistribution: 41 examples at level Easy
Before redistribution: 41 examples at level Medium
Before redistribution: 41 examples at level Hard
Before redistribution: 41 examples at level VeryHard
Before redistribution: 42 examples at level VeryEasy
Before redistribution: 42 examples at level Easy
Before redistribution: 41 examples at level Medium
Before redistribution: 41 examples at level Hard
Before redistribution: 41 examples at level VeryHard
Before redistribution: 42 examples at level VeryEasy
Before redistribution: 42 examples at level Easy
Before redistribution: 42 examples at level Medium
Before redistribution: 41 examples at level Hard
Before redistribution: 41 examples at level VeryHard
Before redistribution: 42 examples at level VeryEasy
Before redistribution: 42 examples at level Easy
Before redistribution: 42 examples at level Medium
Before redistribution: 42 examples at level Hard
Before redistribution: 41 examples at level VeryHard
Before redistribution: 42 examples at level VeryEasy
Before redistribution: 42 examples at level Easy
Before redistribution: 42 examples at level Medium
Before redistribution: 42 examples at level Hard
Before redistribution: 42 examples at level VeryHard
Performing example redistribution across difficulty levels...
Redistributed 42 examples to level VeryEasy
Redistributed 42 examples to level Easy
Redistributed 42 examples to level Medium
Redistributed 42 examples to level Hard
Redistributed 42 examples to level VeryHard
After redistribution: 42 examples at level VeryEasy
After redistribution: 42 examples at level Easy
After redistribution: 42 examples at level Medium
After redistribution: 42 examples at level Hard
After redistribution: 42 examples at level VeryHard
Before redistribution: 43 examples at level VeryEasy
Before redistribution: 42 examples at level Easy
Before redistribution: 42 examples at level Medium
Before redistribution: 42 examples at level Hard
Before redistribution: 42 examples at level VeryHard
Before redistribution: 43 examples at level VeryEasy
Before redistribution: 43 examples at level Easy
Before redistribution: 42 examples at level Medium
Before redistribution: 42 examples at level Hard
Before redistribution: 42 examples at level VeryHard
Before redistribution: 43 examples at level VeryEasy
Before redistribution: 43 examples at level Easy
Before redistribution: 43 examples at level Medium
Before redistribution: 42 examples at level Hard
Before redistribution: 42 examples at level VeryHard
Before redistribution: 43 examples at level VeryEasy
Before redistribution: 43 examples at level Easy
Before redistribution: 43 examples at level Medium
Before redistribution: 43 examples at level Hard
Before redistribution: 42 examples at level VeryHard
Before redistribution: 43 examples at level VeryEasy
Before redistribution: 43 examples at level Easy
Before redistribution: 43 examples at level Medium
Before redistribution: 43 examples at level Hard
Before redistribution: 43 examples at level VeryHard
Performing example redistribution across difficulty levels...
Redistributed 43 examples to level VeryEasy
Redistributed 43 examples to level Easy
Redistributed 43 examples to level Medium
Redistributed 43 examples to level Hard
Redistributed 43 examples to level VeryHard
After redistribution: 43 examples at level VeryEasy
After redistribution: 43 examples at level Easy
After redistribution: 43 examples at level Medium
After redistribution: 43 examples at level Hard
After redistribution: 43 examples at level VeryHard
Before redistribution: 44 examples at level VeryEasy
Before redistribution: 43 examples at level Easy
Before redistribution: 43 examples at level Medium
Before redistribution: 43 examples at level Hard
Before redistribution: 43 examples at level VeryHard
Before redistribution: 44 examples at level VeryEasy
Before redistribution: 44 examples at level Easy
Before redistribution: 43 examples at level Medium
Before redistribution: 43 examples at level Hard
Before redistribution: 43 examples at level VeryHard
Before redistribution: 44 examples at level VeryEasy
Before redistribution: 44 examples at level Easy
Before redistribution: 44 examples at level Medium
Before redistribution: 43 examples at level Hard
Before redistribution: 43 examples at level VeryHard
Before redistribution: 44 examples at level VeryEasy
Before redistribution: 44 examples at level Easy
Before redistribution: 44 examples at level Medium
Before redistribution: 44 examples at level Hard
Before redistribution: 43 examples at level VeryHard
Before redistribution: 44 examples at level VeryEasy
Before redistribution: 44 examples at level Easy
Before redistribution: 44 examples at level Medium
Before redistribution: 44 examples at level Hard
Before redistribution: 44 examples at level VeryHard
Performing example redistribution across difficulty levels...
Redistributed 44 examples to level VeryEasy
Redistributed 44 examples to level Easy
Redistributed 44 examples to level Medium
Redistributed 44 examples to level Hard
Redistributed 44 examples to level VeryHard
After redistribution: 44 examples at level VeryEasy
After redistribution: 44 examples at level Easy
After redistribution: 44 examples at level Medium
After redistribution: 44 examples at level Hard
After redistribution: 44 examples at level VeryHard
Before redistribution: 45 examples at level VeryEasy
Before redistribution: 44 examples at level Easy
Before redistribution: 44 examples at level Medium
Before redistribution: 44 examples at level Hard
Before redistribution: 44 examples at level VeryHard
Before redistribution: 45 examples at level VeryEasy
Before redistribution: 45 examples at level Easy
Before redistribution: 44 examples at level Medium
Before redistribution: 44 examples at level Hard
Before redistribution: 44 examples at level VeryHard
Before redistribution: 45 examples at level VeryEasy
Before redistribution: 45 examples at level Easy
Before redistribution: 45 examples at level Medium
Before redistribution: 44 examples at level Hard
Before redistribution: 44 examples at level VeryHard
Before redistribution: 45 examples at level VeryEasy
Before redistribution: 45 examples at level Easy
Before redistribution: 45 examples at level Medium
Before redistribution: 45 examples at level Hard
Before redistribution: 44 examples at level VeryHard
Before redistribution: 45 examples at level VeryEasy
Before redistribution: 45 examples at level Easy
Before redistribution: 45 examples at level Medium
Before redistribution: 45 examples at level Hard
Before redistribution: 45 examples at level VeryHard
Performing example redistribution across difficulty levels...
Redistributed 45 examples to level VeryEasy
Redistributed 45 examples to level Easy
Redistributed 45 examples to level Medium
Redistributed 45 examples to level Hard
Redistributed 45 examples to level VeryHard
After redistribution: 45 examples at level VeryEasy
After redistribution: 45 examples at level Easy
After redistribution: 45 examples at level Medium
After redistribution: 45 examples at level Hard
After redistribution: 45 examples at level VeryHard
Before redistribution: 46 examples at level VeryEasy
Before redistribution: 45 examples at level Easy
Before redistribution: 45 examples at level Medium
Before redistribution: 45 examples at level Hard
Before redistribution: 45 examples at level VeryHard
Before redistribution: 46 examples at level VeryEasy
Before redistribution: 46 examples at level Easy
Before redistribution: 45 examples at level Medium
Before redistribution: 45 examples at level Hard
Before redistribution: 45 examples at level VeryHard
Before redistribution: 46 examples at level VeryEasy
Before redistribution: 46 examples at level Easy
Before redistribution: 46 examples at level Medium
Before redistribution: 45 examples at level Hard
Before redistribution: 45 examples at level VeryHard
Before redistribution: 46 examples at level VeryEasy
Before redistribution: 46 examples at level Easy
Before redistribution: 46 examples at level Medium
Before redistribution: 46 examples at level Hard
Before redistribution: 45 examples at level VeryHard
Before redistribution: 46 examples at level VeryEasy
Before redistribution: 46 examples at level Easy
Before redistribution: 46 examples at level Medium
Before redistribution: 46 examples at level Hard
Before redistribution: 46 examples at level VeryHard
Performing example redistribution across difficulty levels...
Redistributed 46 examples to level VeryEasy
Redistributed 46 examples to level Easy
Redistributed 46 examples to level Medium
Redistributed 46 examples to level Hard
Redistributed 46 examples to level VeryHard
After redistribution: 46 examples at level VeryEasy
After redistribution: 46 examples at level Easy
After redistribution: 46 examples at level Medium
After redistribution: 46 examples at level Hard
After redistribution: 46 examples at level VeryHard
Before redistribution: 47 examples at level VeryEasy
Before redistribution: 46 examples at level Easy
Before redistribution: 46 examples at level Medium
Before redistribution: 46 examples at level Hard
Before redistribution: 46 examples at level VeryHard
Before redistribution: 47 examples at level VeryEasy
Before redistribution: 47 examples at level Easy
Before redistribution: 46 examples at level Medium
Before redistribution: 46 examples at level Hard
Before redistribution: 46 examples at level VeryHard
Before redistribution: 47 examples at level VeryEasy
Before redistribution: 47 examples at level Easy
Before redistribution: 47 examples at level Medium
Before redistribution: 46 examples at level Hard
Before redistribution: 46 examples at level VeryHard
Before redistribution: 47 examples at level VeryEasy
Before redistribution: 47 examples at level Easy
Before redistribution: 47 examples at level Medium
Before redistribution: 47 examples at level Hard
Before redistribution: 46 examples at level VeryHard
Before redistribution: 47 examples at level VeryEasy
Before redistribution: 47 examples at level Easy
Before redistribution: 47 examples at level Medium
Before redistribution: 47 examples at level Hard
Before redistribution: 47 examples at level VeryHard
Performing example redistribution across difficulty levels...
Redistributed 47 examples to level VeryEasy
Redistributed 47 examples to level Easy
Redistributed 47 examples to level Medium
Redistributed 47 examples to level Hard
Redistributed 47 examples to level VeryHard
After redistribution: 47 examples at level VeryEasy
After redistribution: 47 examples at level Easy
After redistribution: 47 examples at level Medium
After redistribution: 47 examples at level Hard
After redistribution: 47 examples at level VeryHard
Before redistribution: 48 examples at level VeryEasy
Before redistribution: 47 examples at level Easy
Before redistribution: 47 examples at level Medium
Before redistribution: 47 examples at level Hard
Before redistribution: 47 examples at level VeryHard
Before redistribution: 48 examples at level VeryEasy
Before redistribution: 48 examples at level Easy
Before redistribution: 47 examples at level Medium
Before redistribution: 47 examples at level Hard
Before redistribution: 47 examples at level VeryHard
Before redistribution: 48 examples at level VeryEasy
Before redistribution: 48 examples at level Easy
Before redistribution: 48 examples at level Medium
Before redistribution: 47 examples at level Hard
Before redistribution: 47 examples at level VeryHard
Before redistribution: 48 examples at level VeryEasy
Before redistribution: 48 examples at level Easy
Before redistribution: 48 examples at level Medium
Before redistribution: 48 examples at level Hard
Before redistribution: 47 examples at level VeryHard
Before redistribution: 48 examples at level VeryEasy
Before redistribution: 48 examples at level Easy
Before redistribution: 48 examples at level Medium
Before redistribution: 48 examples at level Hard
Before redistribution: 48 examples at level VeryHard
Performing example redistribution across difficulty levels...
Redistributed 48 examples to level VeryEasy
Redistributed 48 examples to level Easy
Redistributed 48 examples to level Medium
Redistributed 48 examples to level Hard
Redistributed 48 examples to level VeryHard
After redistribution: 48 examples at level VeryEasy
After redistribution: 48 examples at level Easy
After redistribution: 48 examples at level Medium
After redistribution: 48 examples at level Hard
After redistribution: 48 examples at level VeryHard
Before redistribution: 49 examples at level VeryEasy
Before redistribution: 48 examples at level Easy
Before redistribution: 48 examples at level Medium
Before redistribution: 48 examples at level Hard
Before redistribution: 48 examples at level VeryHard
Before redistribution: 49 examples at level VeryEasy
Before redistribution: 49 examples at level Easy
Before redistribution: 48 examples at level Medium
Before redistribution: 48 examples at level Hard
Before redistribution: 48 examples at level VeryHard
Before redistribution: 49 examples at level VeryEasy
Before redistribution: 49 examples at level Easy
Before redistribution: 49 examples at level Medium
Before redistribution: 48 examples at level Hard
Before redistribution: 48 examples at level VeryHard
Before redistribution: 49 examples at level VeryEasy
Before redistribution: 49 examples at level Easy
Before redistribution: 49 examples at level Medium
Before redistribution: 49 examples at level Hard
Before redistribution: 48 examples at level VeryHard
Before redistribution: 49 examples at level VeryEasy
Before redistribution: 49 examples at level Easy
Before redistribution: 49 examples at level Medium
Before redistribution: 49 examples at level Hard
Before redistribution: 49 examples at level VeryHard
Performing example redistribution across difficulty levels...
Redistributed 49 examples to level VeryEasy
Redistributed 49 examples to level Easy
Redistributed 49 examples to level Medium
Redistributed 49 examples to level Hard
Redistributed 49 examples to level VeryHard
After redistribution: 49 examples at level VeryEasy
After redistribution: 49 examples at level Easy
After redistribution: 49 examples at level Medium
After redistribution: 49 examples at level Hard
After redistribution: 49 examples at level VeryHard
Before redistribution: 50 examples at level VeryEasy
Before redistribution: 49 examples at level Easy
Before redistribution: 49 examples at level Medium
Before redistribution: 49 examples at level Hard
Before redistribution: 49 examples at level VeryHard
Before redistribution: 50 examples at level VeryEasy
Before redistribution: 50 examples at level Easy
Before redistribution: 49 examples at level Medium
Before redistribution: 49 examples at level Hard
Before redistribution: 49 examples at level VeryHard
Before redistribution: 50 examples at level VeryEasy
Before redistribution: 50 examples at level Easy
Before redistribution: 50 examples at level Medium
Before redistribution: 49 examples at level Hard
Before redistribution: 49 examples at level VeryHard
Before redistribution: 50 examples at level VeryEasy
Before redistribution: 50 examples at level Easy
Before redistribution: 50 examples at level Medium
Before redistribution: 50 examples at level Hard
Before redistribution: 49 examples at level VeryHard
Before redistribution: 50 examples at level VeryEasy
Before redistribution: 50 examples at level Easy
Before redistribution: 50 examples at level Medium
Before redistribution: 50 examples at level Hard
Before redistribution: 50 examples at level VeryHard
Performing example redistribution across difficulty levels...
Redistributed 50 examples to level VeryEasy
Redistributed 50 examples to level Easy
Redistributed 50 examples to level Medium
Redistributed 50 examples to level Hard
Redistributed 50 examples to level VeryHard
After redistribution: 50 examples at level VeryEasy
After redistribution: 50 examples at level Easy
After redistribution: 50 examples at level Medium
After redistribution: 50 examples at level Hard
After redistribution: 50 examples at level VeryHard
Before redistribution: 51 examples at level VeryEasy
Before redistribution: 50 examples at level Easy
Before redistribution: 50 examples at level Medium
Before redistribution: 50 examples at level Hard
Before redistribution: 50 examples at level VeryHard
Before redistribution: 51 examples at level VeryEasy
Before redistribution: 51 examples at level Easy
Before redistribution: 50 examples at level Medium
Before redistribution: 50 examples at level Hard
Before redistribution: 50 examples at level VeryHard
Before redistribution: 51 examples at level VeryEasy
Before redistribution: 51 examples at level Easy
Before redistribution: 51 examples at level Medium
Before redistribution: 50 examples at level Hard
Before redistribution: 50 examples at level VeryHard
Before redistribution: 51 examples at level VeryEasy
Before redistribution: 51 examples at level Easy
Before redistribution: 51 examples at level Medium
Before redistribution: 51 examples at level Hard
Before redistribution: 50 examples at level VeryHard
Before redistribution: 51 examples at level VeryEasy
Before redistribution: 51 examples at level Easy
Before redistribution: 51 examples at level Medium
Before redistribution: 51 examples at level Hard
Before redistribution: 51 examples at level VeryHard
Performing example redistribution across difficulty levels...
Redistributed 51 examples to level VeryEasy
Redistributed 51 examples to level Easy
Redistributed 51 examples to level Medium
Redistributed 51 examples to level Hard
Redistributed 51 examples to level VeryHard
After redistribution: 51 examples at level VeryEasy
After redistribution: 51 examples at level Easy
After redistribution: 51 examples at level Medium
After redistribution: 51 examples at level Hard
After redistribution: 51 examples at level VeryHard
Before redistribution: 52 examples at level VeryEasy
Before redistribution: 51 examples at level Easy
Before redistribution: 51 examples at level Medium
Before redistribution: 51 examples at level Hard
Before redistribution: 51 examples at level VeryHard
Before redistribution: 52 examples at level VeryEasy
Before redistribution: 52 examples at level Easy
Before redistribution: 51 examples at level Medium
Before redistribution: 51 examples at level Hard
Before redistribution: 51 examples at level VeryHard
Before redistribution: 52 examples at level VeryEasy
Before redistribution: 52 examples at level Easy
Before redistribution: 52 examples at level Medium
Before redistribution: 51 examples at level Hard
Before redistribution: 51 examples at level VeryHard
Before redistribution: 52 examples at level VeryEasy
Before redistribution: 52 examples at level Easy
Before redistribution: 52 examples at level Medium
Before redistribution: 52 examples at level Hard
Before redistribution: 51 examples at level VeryHard
Before redistribution: 52 examples at level VeryEasy
Before redistribution: 52 examples at level Easy
Before redistribution: 52 examples at level Medium
Before redistribution: 52 examples at level Hard
Before redistribution: 52 examples at level VeryHard
Performing example redistribution across difficulty levels...
Redistributed 52 examples to level VeryEasy
Redistributed 52 examples to level Easy
Redistributed 52 examples to level Medium
Redistributed 52 examples to level Hard
Redistributed 52 examples to level VeryHard
After redistribution: 52 examples at level VeryEasy
After redistribution: 52 examples at level Easy
After redistribution: 52 examples at level Medium
After redistribution: 52 examples at level Hard
After redistribution: 52 examples at level VeryHard
Before redistribution: 53 examples at level VeryEasy
Before redistribution: 52 examples at level Easy
Before redistribution: 52 examples at level Medium
Before redistribution: 52 examples at level Hard
Before redistribution: 52 examples at level VeryHard
Before redistribution: 53 examples at level VeryEasy
Before redistribution: 53 examples at level Easy
Before redistribution: 52 examples at level Medium
Before redistribution: 52 examples at level Hard
Before redistribution: 52 examples at level VeryHard
Before redistribution: 53 examples at level VeryEasy
Before redistribution: 53 examples at level Easy
Before redistribution: 53 examples at level Medium
Before redistribution: 52 examples at level Hard
Before redistribution: 52 examples at level VeryHard
Before redistribution: 53 examples at level VeryEasy
Before redistribution: 53 examples at level Easy
Before redistribution: 53 examples at level Medium
Before redistribution: 53 examples at level Hard
Before redistribution: 52 examples at level VeryHard
Before redistribution: 53 examples at level VeryEasy
Before redistribution: 53 examples at level Easy
Before redistribution: 53 examples at level Medium
Before redistribution: 53 examples at level Hard
Before redistribution: 53 examples at level VeryHard
Performing example redistribution across difficulty levels...
Redistributed 53 examples to level VeryEasy
Redistributed 53 examples to level Easy
Redistributed 53 examples to level Medium
Redistributed 53 examples to level Hard
Redistributed 53 examples to level VeryHard
After redistribution: 53 examples at level VeryEasy
After redistribution: 53 examples at level Easy
After redistribution: 53 examples at level Medium
After redistribution: 53 examples at level Hard
After redistribution: 53 examples at level VeryHard
Before redistribution: 54 examples at level VeryEasy
Before redistribution: 53 examples at level Easy
Before redistribution: 53 examples at level Medium
Before redistribution: 53 examples at level Hard
Before redistribution: 53 examples at level VeryHard
Before redistribution: 54 examples at level VeryEasy
Before redistribution: 54 examples at level Easy
Before redistribution: 53 examples at level Medium
Before redistribution: 53 examples at level Hard
Before redistribution: 53 examples at level VeryHard
Before redistribution: 54 examples at level VeryEasy
Before redistribution: 54 examples at level Easy
Before redistribution: 54 examples at level Medium
Before redistribution: 53 examples at level Hard
Before redistribution: 53 examples at level VeryHard
Before redistribution: 54 examples at level VeryEasy
Before redistribution: 54 examples at level Easy
Before redistribution: 54 examples at level Medium
Before redistribution: 54 examples at level Hard
Before redistribution: 53 examples at level VeryHard
Before redistribution: 54 examples at level VeryEasy
Before redistribution: 54 examples at level Easy
Before redistribution: 54 examples at level Medium
Before redistribution: 54 examples at level Hard
Before redistribution: 54 examples at level VeryHard
Performing example redistribution across difficulty levels...
Redistributed 54 examples to level VeryEasy
Redistributed 54 examples to level Easy
Redistributed 54 examples to level Medium
Redistributed 54 examples to level Hard
Redistributed 54 examples to level VeryHard
After redistribution: 54 examples at level VeryEasy
After redistribution: 54 examples at level Easy
After redistribution: 54 examples at level Medium
After redistribution: 54 examples at level Hard
After redistribution: 54 examples at level VeryHard
Before redistribution: 55 examples at level VeryEasy
Before redistribution: 54 examples at level Easy
Before redistribution: 54 examples at level Medium
Before redistribution: 54 examples at level Hard
Before redistribution: 54 examples at level VeryHard
Before redistribution: 55 examples at level VeryEasy
Before redistribution: 55 examples at level Easy
Before redistribution: 54 examples at level Medium
Before redistribution: 54 examples at level Hard
Before redistribution: 54 examples at level VeryHard
Before redistribution: 55 examples at level VeryEasy
Before redistribution: 55 examples at level Easy
Before redistribution: 55 examples at level Medium
Before redistribution: 54 examples at level Hard
Before redistribution: 54 examples at level VeryHard
Before redistribution: 55 examples at level VeryEasy
Before redistribution: 55 examples at level Easy
Before redistribution: 55 examples at level Medium
Before redistribution: 55 examples at level Hard
Before redistribution: 54 examples at level VeryHard
Before redistribution: 55 examples at level VeryEasy
Before redistribution: 55 examples at level Easy
Before redistribution: 55 examples at level Medium
Before redistribution: 55 examples at level Hard
Before redistribution: 55 examples at level VeryHard
Performing example redistribution across difficulty levels...
Redistributed 55 examples to level VeryEasy
Redistributed 55 examples to level Easy
Redistributed 55 examples to level Medium
Redistributed 55 examples to level Hard
Redistributed 55 examples to level VeryHard
After redistribution: 55 examples at level VeryEasy
After redistribution: 55 examples at level Easy
After redistribution: 55 examples at level Medium
After redistribution: 55 examples at level Hard
After redistribution: 55 examples at level VeryHard
Before redistribution: 56 examples at level VeryEasy
Before redistribution: 55 examples at level Easy
Before redistribution: 55 examples at level Medium
Before redistribution: 55 examples at level Hard
Before redistribution: 55 examples at level VeryHard
Before redistribution: 56 examples at level VeryEasy
Before redistribution: 56 examples at level Easy
Before redistribution: 55 examples at level Medium
Before redistribution: 55 examples at level Hard
Before redistribution: 55 examples at level VeryHard
Before redistribution: 56 examples at level VeryEasy
Before redistribution: 56 examples at level Easy
Before redistribution: 56 examples at level Medium
Before redistribution: 55 examples at level Hard
Before redistribution: 55 examples at level VeryHard
Before redistribution: 56 examples at level VeryEasy
Before redistribution: 56 examples at level Easy
Before redistribution: 56 examples at level Medium
Before redistribution: 56 examples at level Hard
Before redistribution: 55 examples at level VeryHard
Before redistribution: 56 examples at level VeryEasy
Before redistribution: 56 examples at level Easy
Before redistribution: 56 examples at level Medium
Before redistribution: 56 examples at level Hard
Before redistribution: 56 examples at level VeryHard
Performing example redistribution across difficulty levels...
Redistributed 56 examples to level VeryEasy
Redistributed 56 examples to level Easy
Redistributed 56 examples to level Medium
Redistributed 56 examples to level Hard
Redistributed 56 examples to level VeryHard
After redistribution: 56 examples at level VeryEasy
After redistribution: 56 examples at level Easy
After redistribution: 56 examples at level Medium
After redistribution: 56 examples at level Hard
After redistribution: 56 examples at level VeryHard
Before redistribution: 57 examples at level VeryEasy
Before redistribution: 56 examples at level Easy
Before redistribution: 56 examples at level Medium
Before redistribution: 56 examples at level Hard
Before redistribution: 56 examples at level VeryHard
Before redistribution: 57 examples at level VeryEasy
Before redistribution: 57 examples at level Easy
Before redistribution: 56 examples at level Medium
Before redistribution: 56 examples at level Hard
Before redistribution: 56 examples at level VeryHard
Before redistribution: 57 examples at level VeryEasy
Before redistribution: 57 examples at level Easy
Before redistribution: 57 examples at level Medium
Before redistribution: 56 examples at level Hard
Before redistribution: 56 examples at level VeryHard
Before redistribution: 57 examples at level VeryEasy
Before redistribution: 57 examples at level Easy
Before redistribution: 57 examples at level Medium
Before redistribution: 57 examples at level Hard
Before redistribution: 56 examples at level VeryHard
Before redistribution: 57 examples at level VeryEasy
Before redistribution: 57 examples at level Easy
Before redistribution: 57 examples at level Medium
Before redistribution: 57 examples at level Hard
Before redistribution: 57 examples at level VeryHard
Performing example redistribution across difficulty levels...
Redistributed 57 examples to level VeryEasy
Redistributed 57 examples to level Easy
Redistributed 57 examples to level Medium
Redistributed 57 examples to level Hard
Redistributed 57 examples to level VeryHard
After redistribution: 57 examples at level VeryEasy
After redistribution: 57 examples at level Easy
After redistribution: 57 examples at level Medium
After redistribution: 57 examples at level Hard
After redistribution: 57 examples at level VeryHard
Before redistribution: 58 examples at level VeryEasy
Before redistribution: 57 examples at level Easy
Before redistribution: 57 examples at level Medium
Before redistribution: 57 examples at level Hard
Before redistribution: 57 examples at level VeryHard
Before redistribution: 58 examples at level VeryEasy
Before redistribution: 58 examples at level Easy
Before redistribution: 57 examples at level Medium
Before redistribution: 57 examples at level Hard
Before redistribution: 57 examples at level VeryHard
Before redistribution: 58 examples at level VeryEasy
Before redistribution: 58 examples at level Easy
Before redistribution: 58 examples at level Medium
Before redistribution: 57 examples at level Hard
Before redistribution: 57 examples at level VeryHard
Before redistribution: 58 examples at level VeryEasy
Before redistribution: 58 examples at level Easy
Before redistribution: 58 examples at level Medium
Before redistribution: 58 examples at level Hard
Before redistribution: 57 examples at level VeryHard
Before redistribution: 58 examples at level VeryEasy
Before redistribution: 58 examples at level Easy
Before redistribution: 58 examples at level Medium
Before redistribution: 58 examples at level Hard
Before redistribution: 58 examples at level VeryHard
Performing example redistribution across difficulty levels...
Redistributed 58 examples to level VeryEasy
Redistributed 58 examples to level Easy
Redistributed 58 examples to level Medium
Redistributed 58 examples to level Hard
Redistributed 58 examples to level VeryHard
After redistribution: 58 examples at level VeryEasy
After redistribution: 58 examples at level Easy
After redistribution: 58 examples at level Medium
After redistribution: 58 examples at level Hard
After redistribution: 58 examples at level VeryHard
Before redistribution: 59 examples at level VeryEasy
Before redistribution: 58 examples at level Easy
Before redistribution: 58 examples at level Medium
Before redistribution: 58 examples at level Hard
Before redistribution: 58 examples at level VeryHard
Before redistribution: 59 examples at level VeryEasy
Before redistribution: 59 examples at level Easy
Before redistribution: 58 examples at level Medium
Before redistribution: 58 examples at level Hard
Before redistribution: 58 examples at level VeryHard
Before redistribution: 59 examples at level VeryEasy
Before redistribution: 59 examples at level Easy
Before redistribution: 59 examples at level Medium
Before redistribution: 58 examples at level Hard
Before redistribution: 58 examples at level VeryHard
Before redistribution: 59 examples at level VeryEasy
Before redistribution: 59 examples at level Easy
Before redistribution: 59 examples at level Medium
Before redistribution: 59 examples at level Hard
Before redistribution: 58 examples at level VeryHard
Before redistribution: 59 examples at level VeryEasy
Before redistribution: 59 examples at level Easy
Before redistribution: 59 examples at level Medium
Before redistribution: 59 examples at level Hard
Before redistribution: 59 examples at level VeryHard
Performing example redistribution across difficulty levels...
Redistributed 59 examples to level VeryEasy
Redistributed 59 examples to level Easy
Redistributed 59 examples to level Medium
Redistributed 59 examples to level Hard
Redistributed 59 examples to level VeryHard
After redistribution: 59 examples at level VeryEasy
After redistribution: 59 examples at level Easy
After redistribution: 59 examples at level Medium
After redistribution: 59 examples at level Hard
After redistribution: 59 examples at level VeryHard
Before redistribution: 60 examples at level VeryEasy
Before redistribution: 59 examples at level Easy
Before redistribution: 59 examples at level Medium
Before redistribution: 59 examples at level Hard
Before redistribution: 59 examples at level VeryHard
Before redistribution: 60 examples at level VeryEasy
Before redistribution: 60 examples at level Easy
Before redistribution: 59 examples at level Medium
Before redistribution: 59 examples at level Hard
Before redistribution: 59 examples at level VeryHard
Before redistribution: 60 examples at level VeryEasy
Before redistribution: 60 examples at level Easy
Before redistribution: 60 examples at level Medium
Before redistribution: 59 examples at level Hard
Before redistribution: 59 examples at level VeryHard
Before redistribution: 60 examples at level VeryEasy
Before redistribution: 60 examples at level Easy
Before redistribution: 60 examples at level Medium
Before redistribution: 60 examples at level Hard
Before redistribution: 59 examples at level VeryHard
Before redistribution: 60 examples at level VeryEasy
Before redistribution: 60 examples at level Easy
Before redistribution: 60 examples at level Medium
Before redistribution: 60 examples at level Hard
Before redistribution: 60 examples at level VeryHard
Performing example redistribution across difficulty levels...
Redistributed 60 examples to level VeryEasy
Redistributed 60 examples to level Easy
Redistributed 60 examples to level Medium
Redistributed 60 examples to level Hard
Redistributed 60 examples to level VeryHard
After redistribution: 60 examples at level VeryEasy
After redistribution: 60 examples at level Easy
After redistribution: 60 examples at level Medium
After redistribution: 60 examples at level Hard
After redistribution: 60 examples at level VeryHard
Before redistribution: 61 examples at level VeryEasy
Before redistribution: 60 examples at level Easy
Before redistribution: 60 examples at level Medium
Before redistribution: 60 examples at level Hard
Before redistribution: 60 examples at level VeryHard
Before redistribution: 61 examples at level VeryEasy
Before redistribution: 61 examples at level Easy
Before redistribution: 60 examples at level Medium
Before redistribution: 60 examples at level Hard
Before redistribution: 60 examples at level VeryHard
Before redistribution: 61 examples at level VeryEasy
Before redistribution: 61 examples at level Easy
Before redistribution: 61 examples at level Medium
Before redistribution: 60 examples at level Hard
Before redistribution: 60 examples at level VeryHard
Before redistribution: 61 examples at level VeryEasy
Before redistribution: 61 examples at level Easy
Before redistribution: 61 examples at level Medium
Before redistribution: 61 examples at level Hard
Before redistribution: 60 examples at level VeryHard
Before redistribution: 61 examples at level VeryEasy
Before redistribution: 61 examples at level Easy
Before redistribution: 61 examples at level Medium
Before redistribution: 61 examples at level Hard
Before redistribution: 61 examples at level VeryHard
Performing example redistribution across difficulty levels...
Redistributed 61 examples to level VeryEasy
Redistributed 61 examples to level Easy
Redistributed 61 examples to level Medium
Redistributed 61 examples to level Hard
Redistributed 61 examples to level VeryHard
After redistribution: 61 examples at level VeryEasy
After redistribution: 61 examples at level Easy
After redistribution: 61 examples at level Medium
After redistribution: 61 examples at level Hard
After redistribution: 61 examples at level VeryHard
Before redistribution: 62 examples at level VeryEasy
Before redistribution: 61 examples at level Easy
Before redistribution: 61 examples at level Medium
Before redistribution: 61 examples at level Hard
Before redistribution: 61 examples at level VeryHard
Before redistribution: 62 examples at level VeryEasy
Before redistribution: 62 examples at level Easy
Before redistribution: 61 examples at level Medium
Before redistribution: 61 examples at level Hard
Before redistribution: 61 examples at level VeryHard
Before redistribution: 62 examples at level VeryEasy
Before redistribution: 62 examples at level Easy
Before redistribution: 62 examples at level Medium
Before redistribution: 61 examples at level Hard
Before redistribution: 61 examples at level VeryHard
Before redistribution: 62 examples at level VeryEasy
Before redistribution: 62 examples at level Easy
Before redistribution: 62 examples at level Medium
Before redistribution: 62 examples at level Hard
Before redistribution: 61 examples at level VeryHard
Before redistribution: 62 examples at level VeryEasy
Before redistribution: 62 examples at level Easy
Before redistribution: 62 examples at level Medium
Before redistribution: 62 examples at level Hard
Before redistribution: 62 examples at level VeryHard
Performing example redistribution across difficulty levels...
Redistributed 62 examples to level VeryEasy
Redistributed 62 examples to level Easy
Redistributed 62 examples to level Medium
Redistributed 62 examples to level Hard
Redistributed 62 examples to level VeryHard
After redistribution: 62 examples at level VeryEasy
After redistribution: 62 examples at level Easy
After redistribution: 62 examples at level Medium
After redistribution: 62 examples at level Hard
After redistribution: 62 examples at level VeryHard
Before redistribution: 63 examples at level VeryEasy
Before redistribution: 62 examples at level Easy
Before redistribution: 62 examples at level Medium
Before redistribution: 62 examples at level Hard
Before redistribution: 62 examples at level VeryHard
Before redistribution: 63 examples at level VeryEasy
Before redistribution: 63 examples at level Easy
Before redistribution: 62 examples at level Medium
Before redistribution: 62 examples at level Hard
Before redistribution: 62 examples at level VeryHard
Before redistribution: 63 examples at level VeryEasy
Before redistribution: 63 examples at level Easy
Before redistribution: 63 examples at level Medium
Before redistribution: 62 examples at level Hard
Before redistribution: 62 examples at level VeryHard
Before redistribution: 63 examples at level VeryEasy
Before redistribution: 63 examples at level Easy
Before redistribution: 63 examples at level Medium
Before redistribution: 63 examples at level Hard
Before redistribution: 62 examples at level VeryHard
Before redistribution: 63 examples at level VeryEasy
Before redistribution: 63 examples at level Easy
Before redistribution: 63 examples at level Medium
Before redistribution: 63 examples at level Hard
Before redistribution: 63 examples at level VeryHard
Performing example redistribution across difficulty levels...
Redistributed 63 examples to level VeryEasy
Redistributed 63 examples to level Easy
Redistributed 63 examples to level Medium
Redistributed 63 examples to level Hard
Redistributed 63 examples to level VeryHard
After redistribution: 63 examples at level VeryEasy
After redistribution: 63 examples at level Easy
After redistribution: 63 examples at level Medium
After redistribution: 63 examples at level Hard
After redistribution: 63 examples at level VeryHard
Before redistribution: 64 examples at level VeryEasy
Before redistribution: 63 examples at level Easy
Before redistribution: 63 examples at level Medium
Before redistribution: 63 examples at level Hard
Before redistribution: 63 examples at level VeryHard
Before redistribution: 64 examples at level VeryEasy
Before redistribution: 64 examples at level Easy
Before redistribution: 63 examples at level Medium
Before redistribution: 63 examples at level Hard
Before redistribution: 63 examples at level VeryHard
Before redistribution: 64 examples at level VeryEasy
Before redistribution: 64 examples at level Easy
Before redistribution: 64 examples at level Medium
Before redistribution: 63 examples at level Hard
Before redistribution: 63 examples at level VeryHard
Before redistribution: 64 examples at level VeryEasy
Before redistribution: 64 examples at level Easy
Before redistribution: 64 examples at level Medium
Before redistribution: 64 examples at level Hard
Before redistribution: 63 examples at level VeryHard
Before redistribution: 64 examples at level VeryEasy
Before redistribution: 64 examples at level Easy
Before redistribution: 64 examples at level Medium
Before redistribution: 64 examples at level Hard
Before redistribution: 64 examples at level VeryHard
Performing example redistribution across difficulty levels...
Redistributed 64 examples to level VeryEasy
Redistributed 64 examples to level Easy
Redistributed 64 examples to level Medium
Redistributed 64 examples to level Hard
Redistributed 64 examples to level VeryHard
After redistribution: 64 examples at level VeryEasy
After redistribution: 64 examples at level Easy
After redistribution: 64 examples at level Medium
After redistribution: 64 examples at level Hard
After redistribution: 64 examples at level VeryHard
Before redistribution: 65 examples at level VeryEasy
Before redistribution: 64 examples at level Easy
Before redistribution: 64 examples at level Medium
Before redistribution: 64 examples at level Hard
Before redistribution: 64 examples at level VeryHard
Before redistribution: 65 examples at level VeryEasy
Before redistribution: 65 examples at level Easy
Before redistribution: 64 examples at level Medium
Before redistribution: 64 examples at level Hard
Before redistribution: 64 examples at level VeryHard
Before redistribution: 65 examples at level VeryEasy
Before redistribution: 65 examples at level Easy
Before redistribution: 65 examples at level Medium
Before redistribution: 64 examples at level Hard
Before redistribution: 64 examples at level VeryHard
Before redistribution: 65 examples at level VeryEasy
Before redistribution: 65 examples at level Easy
Before redistribution: 65 examples at level Medium
Before redistribution: 65 examples at level Hard
Before redistribution: 64 examples at level VeryHard
Before redistribution: 65 examples at level VeryEasy
Before redistribution: 65 examples at level Easy
Before redistribution: 65 examples at level Medium
Before redistribution: 65 examples at level Hard
Before redistribution: 65 examples at level VeryHard
Performing example redistribution across difficulty levels...
Redistributed 65 examples to level VeryEasy
Redistributed 65 examples to level Easy
Redistributed 65 examples to level Medium
Redistributed 65 examples to level Hard
Redistributed 65 examples to level VeryHard
After redistribution: 65 examples at level VeryEasy
After redistribution: 65 examples at level Easy
After redistribution: 65 examples at level Medium
After redistribution: 65 examples at level Hard
After redistribution: 65 examples at level VeryHard
Before redistribution: 66 examples at level VeryEasy
Before redistribution: 65 examples at level Easy
Before redistribution: 65 examples at level Medium
Before redistribution: 65 examples at level Hard
Before redistribution: 65 examples at level VeryHard
Before redistribution: 66 examples at level VeryEasy
Before redistribution: 66 examples at level Easy
Before redistribution: 65 examples at level Medium
Before redistribution: 65 examples at level Hard
Before redistribution: 65 examples at level VeryHard
Before redistribution: 66 examples at level VeryEasy
Before redistribution: 66 examples at level Easy
Before redistribution: 66 examples at level Medium
Before redistribution: 65 examples at level Hard
Before redistribution: 65 examples at level VeryHard
Before redistribution: 66 examples at level VeryEasy
Before redistribution: 66 examples at level Easy
Before redistribution: 66 examples at level Medium
Before redistribution: 66 examples at level Hard
Before redistribution: 65 examples at level VeryHard
Before redistribution: 66 examples at level VeryEasy
Before redistribution: 66 examples at level Easy
Before redistribution: 66 examples at level Medium
Before redistribution: 66 examples at level Hard
Before redistribution: 66 examples at level VeryHard
Performing example redistribution across difficulty levels...
Redistributed 66 examples to level VeryEasy
Redistributed 66 examples to level Easy
Redistributed 66 examples to level Medium
Redistributed 66 examples to level Hard
Redistributed 66 examples to level VeryHard
After redistribution: 66 examples at level VeryEasy
After redistribution: 66 examples at level Easy
After redistribution: 66 examples at level Medium
After redistribution: 66 examples at level Hard
After redistribution: 66 examples at level VeryHard
Before redistribution: 67 examples at level VeryEasy
Before redistribution: 66 examples at level Easy
Before redistribution: 66 examples at level Medium
Before redistribution: 66 examples at level Hard
Before redistribution: 66 examples at level VeryHard
Before redistribution: 67 examples at level VeryEasy
Before redistribution: 67 examples at level Easy
Before redistribution: 66 examples at level Medium
Before redistribution: 66 examples at level Hard
Before redistribution: 66 examples at level VeryHard
Before redistribution: 67 examples at level VeryEasy
Before redistribution: 67 examples at level Easy
Before redistribution: 67 examples at level Medium
Before redistribution: 66 examples at level Hard
Before redistribution: 66 examples at level VeryHard
Before redistribution: 67 examples at level VeryEasy
Before redistribution: 67 examples at level Easy
Before redistribution: 67 examples at level Medium
Before redistribution: 67 examples at level Hard
Before redistribution: 66 examples at level VeryHard
Before redistribution: 67 examples at level VeryEasy
Before redistribution: 67 examples at level Easy
Before redistribution: 67 examples at level Medium
Before redistribution: 67 examples at level Hard
Before redistribution: 67 examples at level VeryHard
Performing example redistribution across difficulty levels...
Redistributed 67 examples to level VeryEasy
Redistributed 67 examples to level Easy
Redistributed 67 examples to level Medium
Redistributed 67 examples to level Hard
Redistributed 67 examples to level VeryHard
After redistribution: 67 examples at level VeryEasy
After redistribution: 67 examples at level Easy
After redistribution: 67 examples at level Medium
After redistribution: 67 examples at level Hard
After redistribution: 67 examples at level VeryHard
Before redistribution: 68 examples at level VeryEasy
Before redistribution: 67 examples at level Easy
Before redistribution: 67 examples at level Medium
Before redistribution: 67 examples at level Hard
Before redistribution: 67 examples at level VeryHard
Before redistribution: 68 examples at level VeryEasy
Before redistribution: 68 examples at level Easy
Before redistribution: 67 examples at level Medium
Before redistribution: 67 examples at level Hard
Before redistribution: 67 examples at level VeryHard
Before redistribution: 68 examples at level VeryEasy
Before redistribution: 68 examples at level Easy
Before redistribution: 68 examples at level Medium
Before redistribution: 67 examples at level Hard
Before redistribution: 67 examples at level VeryHard
Before redistribution: 68 examples at level VeryEasy
Before redistribution: 68 examples at level Easy
Before redistribution: 68 examples at level Medium
Before redistribution: 68 examples at level Hard
Before redistribution: 67 examples at level VeryHard
Before redistribution: 68 examples at level VeryEasy
Before redistribution: 68 examples at level Easy
Before redistribution: 68 examples at level Medium
Before redistribution: 68 examples at level Hard
Before redistribution: 68 examples at level VeryHard
Performing example redistribution across difficulty levels...
Redistributed 68 examples to level VeryEasy
Redistributed 68 examples to level Easy
Redistributed 68 examples to level Medium
Redistributed 68 examples to level Hard
Redistributed 68 examples to level VeryHard
After redistribution: 68 examples at level VeryEasy
After redistribution: 68 examples at level Easy
After redistribution: 68 examples at level Medium
After redistribution: 68 examples at level Hard
After redistribution: 68 examples at level VeryHard
Before redistribution: 69 examples at level VeryEasy
Before redistribution: 68 examples at level Easy
Before redistribution: 68 examples at level Medium
Before redistribution: 68 examples at level Hard
Before redistribution: 68 examples at level VeryHard
Before redistribution: 69 examples at level VeryEasy
Before redistribution: 69 examples at level Easy
Before redistribution: 68 examples at level Medium
Before redistribution: 68 examples at level Hard
Before redistribution: 68 examples at level VeryHard
Before redistribution: 69 examples at level VeryEasy
Before redistribution: 69 examples at level Easy
Before redistribution: 69 examples at level Medium
Before redistribution: 68 examples at level Hard
Before redistribution: 68 examples at level VeryHard
Before redistribution: 69 examples at level VeryEasy
Before redistribution: 69 examples at level Easy
Before redistribution: 69 examples at level Medium
Before redistribution: 69 examples at level Hard
Before redistribution: 68 examples at level VeryHard
Before redistribution: 69 examples at level VeryEasy
Before redistribution: 69 examples at level Easy
Before redistribution: 69 examples at level Medium
Before redistribution: 69 examples at level Hard
Before redistribution: 69 examples at level VeryHard
Performing example redistribution across difficulty levels...
Redistributed 69 examples to level VeryEasy
Redistributed 69 examples to level Easy
Redistributed 69 examples to level Medium
Redistributed 69 examples to level Hard
Redistributed 69 examples to level VeryHard
After redistribution: 69 examples at level VeryEasy
After redistribution: 69 examples at level Easy
After redistribution: 69 examples at level Medium
After redistribution: 69 examples at level Hard
After redistribution: 69 examples at level VeryHard
Before redistribution: 70 examples at level VeryEasy
Before redistribution: 69 examples at level Easy
Before redistribution: 69 examples at level Medium
Before redistribution: 69 examples at level Hard
Before redistribution: 69 examples at level VeryHard
Before redistribution: 70 examples at level VeryEasy
Before redistribution: 70 examples at level Easy
Before redistribution: 69 examples at level Medium
Before redistribution: 69 examples at level Hard
Before redistribution: 69 examples at level VeryHard
Before redistribution: 70 examples at level VeryEasy
Before redistribution: 70 examples at level Easy
Before redistribution: 70 examples at level Medium
Before redistribution: 69 examples at level Hard
Before redistribution: 69 examples at level VeryHard
Before redistribution: 70 examples at level VeryEasy
Before redistribution: 70 examples at level Easy
Before redistribution: 70 examples at level Medium
Before redistribution: 70 examples at level Hard
Before redistribution: 69 examples at level VeryHard
Before redistribution: 70 examples at level VeryEasy
Before redistribution: 70 examples at level Easy
Before redistribution: 70 examples at level Medium
Before redistribution: 70 examples at level Hard
Before redistribution: 70 examples at level VeryHard
Performing example redistribution across difficulty levels...
Redistributed 70 examples to level VeryEasy
Redistributed 70 examples to level Easy
Redistributed 70 examples to level Medium
Redistributed 70 examples to level Hard
Redistributed 70 examples to level VeryHard
After redistribution: 70 examples at level VeryEasy
After redistribution: 70 examples at level Easy
After redistribution: 70 examples at level Medium
After redistribution: 70 examples at level Hard
After redistribution: 70 examples at level VeryHard
Before redistribution: 71 examples at level VeryEasy
Before redistribution: 70 examples at level Easy
Before redistribution: 70 examples at level Medium
Before redistribution: 70 examples at level Hard
Before redistribution: 70 examples at level VeryHard
Before redistribution: 71 examples at level VeryEasy
Before redistribution: 71 examples at level Easy
Before redistribution: 70 examples at level Medium
Before redistribution: 70 examples at level Hard
Before redistribution: 70 examples at level VeryHard
Before redistribution: 71 examples at level VeryEasy
Before redistribution: 71 examples at level Easy
Before redistribution: 71 examples at level Medium
Before redistribution: 70 examples at level Hard
Before redistribution: 70 examples at level VeryHard
Before redistribution: 71 examples at level VeryEasy
Before redistribution: 71 examples at level Easy
Before redistribution: 71 examples at level Medium
Before redistribution: 71 examples at level Hard
Before redistribution: 70 examples at level VeryHard
Before redistribution: 71 examples at level VeryEasy
Before redistribution: 71 examples at level Easy
Before redistribution: 71 examples at level Medium
Before redistribution: 71 examples at level Hard
Before redistribution: 71 examples at level VeryHard
Performing example redistribution across difficulty levels...
Redistributed 71 examples to level VeryEasy
Redistributed 71 examples to level Easy
Redistributed 71 examples to level Medium
Redistributed 71 examples to level Hard
Redistributed 71 examples to level VeryHard
After redistribution: 71 examples at level VeryEasy
After redistribution: 71 examples at level Easy
After redistribution: 71 examples at level Medium
After redistribution: 71 examples at level Hard
After redistribution: 71 examples at level VeryHard
Before redistribution: 72 examples at level VeryEasy
Before redistribution: 71 examples at level Easy
Before redistribution: 71 examples at level Medium
Before redistribution: 71 examples at level Hard
Before redistribution: 71 examples at level VeryHard
Before redistribution: 72 examples at level VeryEasy
Before redistribution: 72 examples at level Easy
Before redistribution: 71 examples at level Medium
Before redistribution: 71 examples at level Hard
Before redistribution: 71 examples at level VeryHard
Before redistribution: 72 examples at level VeryEasy
Before redistribution: 72 examples at level Easy
Before redistribution: 72 examples at level Medium
Before redistribution: 71 examples at level Hard
Before redistribution: 71 examples at level VeryHard
Before redistribution: 72 examples at level VeryEasy
Before redistribution: 72 examples at level Easy
Before redistribution: 72 examples at level Medium
Before redistribution: 72 examples at level Hard
Before redistribution: 71 examples at level VeryHard
Before redistribution: 72 examples at level VeryEasy
Before redistribution: 72 examples at level Easy
Before redistribution: 72 examples at level Medium
Before redistribution: 72 examples at level Hard
Before redistribution: 72 examples at level VeryHard
Performing example redistribution across difficulty levels...
Redistributed 72 examples to level VeryEasy
Redistributed 72 examples to level Easy
Redistributed 72 examples to level Medium
Redistributed 72 examples to level Hard
Redistributed 72 examples to level VeryHard
After redistribution: 72 examples at level VeryEasy
After redistribution: 72 examples at level Easy
After redistribution: 72 examples at level Medium
After redistribution: 72 examples at level Hard
After redistribution: 72 examples at level VeryHard
Before redistribution: 73 examples at level VeryEasy
Before redistribution: 72 examples at level Easy
Before redistribution: 72 examples at level Medium
Before redistribution: 72 examples at level Hard
Before redistribution: 72 examples at level VeryHard
Before redistribution: 73 examples at level VeryEasy
Before redistribution: 73 examples at level Easy
Before redistribution: 72 examples at level Medium
Before redistribution: 72 examples at level Hard
Before redistribution: 72 examples at level VeryHard
Before redistribution: 73 examples at level VeryEasy
Before redistribution: 73 examples at level Easy
Before redistribution: 73 examples at level Medium
Before redistribution: 72 examples at level Hard
Before redistribution: 72 examples at level VeryHard
Before redistribution: 73 examples at level VeryEasy
Before redistribution: 73 examples at level Easy
Before redistribution: 73 examples at level Medium
Before redistribution: 73 examples at level Hard
Before redistribution: 72 examples at level VeryHard
Before redistribution: 73 examples at level VeryEasy
Before redistribution: 73 examples at level Easy
Before redistribution: 73 examples at level Medium
Before redistribution: 73 examples at level Hard
Before redistribution: 73 examples at level VeryHard
Performing example redistribution across difficulty levels...
Redistributed 73 examples to level VeryEasy
Redistributed 73 examples to level Easy
Redistributed 73 examples to level Medium
Redistributed 73 examples to level Hard
Redistributed 73 examples to level VeryHard
After redistribution: 73 examples at level VeryEasy
After redistribution: 73 examples at level Easy
After redistribution: 73 examples at level Medium
After redistribution: 73 examples at level Hard
After redistribution: 73 examples at level VeryHard
Before redistribution: 74 examples at level VeryEasy
Before redistribution: 73 examples at level Easy
Before redistribution: 73 examples at level Medium
Before redistribution: 73 examples at level Hard
Before redistribution: 73 examples at level VeryHard
Before redistribution: 74 examples at level VeryEasy
Before redistribution: 74 examples at level Easy
Before redistribution: 73 examples at level Medium
Before redistribution: 73 examples at level Hard
Before redistribution: 73 examples at level VeryHard
Before redistribution: 74 examples at level VeryEasy
Before redistribution: 74 examples at level Easy
Before redistribution: 74 examples at level Medium
Before redistribution: 73 examples at level Hard
Before redistribution: 73 examples at level VeryHard
Before redistribution: 74 examples at level VeryEasy
Before redistribution: 74 examples at level Easy
Before redistribution: 74 examples at level Medium
Before redistribution: 74 examples at level Hard
Before redistribution: 73 examples at level VeryHard
Before redistribution: 74 examples at level VeryEasy
Before redistribution: 74 examples at level Easy
Before redistribution: 74 examples at level Medium
Before redistribution: 74 examples at level Hard
Before redistribution: 74 examples at level VeryHard
Performing example redistribution across difficulty levels...
Redistributed 74 examples to level VeryEasy
Redistributed 74 examples to level Easy
Redistributed 74 examples to level Medium
Redistributed 74 examples to level Hard
Redistributed 74 examples to level VeryHard
After redistribution: 74 examples at level VeryEasy
After redistribution: 74 examples at level Easy
After redistribution: 74 examples at level Medium
After redistribution: 74 examples at level Hard
After redistribution: 74 examples at level VeryHard
Before redistribution: 75 examples at level VeryEasy
Before redistribution: 74 examples at level Easy
Before redistribution: 74 examples at level Medium
Before redistribution: 74 examples at level Hard
Before redistribution: 74 examples at level VeryHard
Before redistribution: 75 examples at level VeryEasy
Before redistribution: 75 examples at level Easy
Before redistribution: 74 examples at level Medium
Before redistribution: 74 examples at level Hard
Before redistribution: 74 examples at level VeryHard
Before redistribution: 75 examples at level VeryEasy
Before redistribution: 75 examples at level Easy
Before redistribution: 75 examples at level Medium
Before redistribution: 74 examples at level Hard
Before redistribution: 74 examples at level VeryHard
Before redistribution: 75 examples at level VeryEasy
Before redistribution: 75 examples at level Easy
Before redistribution: 75 examples at level Medium
Before redistribution: 75 examples at level Hard
Before redistribution: 74 examples at level VeryHard
Before redistribution: 75 examples at level VeryEasy
Before redistribution: 75 examples at level Easy
Before redistribution: 75 examples at level Medium
Before redistribution: 75 examples at level Hard
Before redistribution: 75 examples at level VeryHard
Performing example redistribution across difficulty levels...
Redistributed 75 examples to level VeryEasy
Redistributed 75 examples to level Easy
Redistributed 75 examples to level Medium
Redistributed 75 examples to level Hard
Redistributed 75 examples to level VeryHard
After redistribution: 75 examples at level VeryEasy
After redistribution: 75 examples at level Easy
After redistribution: 75 examples at level Medium
After redistribution: 75 examples at level Hard
After redistribution: 75 examples at level VeryHard
Before redistribution: 76 examples at level VeryEasy
Before redistribution: 75 examples at level Easy
Before redistribution: 75 examples at level Medium
Before redistribution: 75 examples at level Hard
Before redistribution: 75 examples at level VeryHard
Before redistribution: 76 examples at level VeryEasy
Before redistribution: 76 examples at level Easy
Before redistribution: 75 examples at level Medium
Before redistribution: 75 examples at level Hard
Before redistribution: 75 examples at level VeryHard
Before redistribution: 76 examples at level VeryEasy
Before redistribution: 76 examples at level Easy
Before redistribution: 76 examples at level Medium
Before redistribution: 75 examples at level Hard
Before redistribution: 75 examples at level VeryHard
Before redistribution: 76 examples at level VeryEasy
Before redistribution: 76 examples at level Easy
Before redistribution: 76 examples at level Medium
Before redistribution: 76 examples at level Hard
Before redistribution: 75 examples at level VeryHard
Before redistribution: 76 examples at level VeryEasy
Before redistribution: 76 examples at level Easy
Before redistribution: 76 examples at level Medium
Before redistribution: 76 examples at level Hard
Before redistribution: 76 examples at level VeryHard
Performing example redistribution across difficulty levels...
Redistributed 76 examples to level VeryEasy
Redistributed 76 examples to level Easy
Redistributed 76 examples to level Medium
Redistributed 76 examples to level Hard
Redistributed 76 examples to level VeryHard
After redistribution: 76 examples at level VeryEasy
After redistribution: 76 examples at level Easy
After redistribution: 76 examples at level Medium
After redistribution: 76 examples at level Hard
After redistribution: 76 examples at level VeryHard
Before redistribution: 77 examples at level VeryEasy
Before redistribution: 76 examples at level Easy
Before redistribution: 76 examples at level Medium
Before redistribution: 76 examples at level Hard
Before redistribution: 76 examples at level VeryHard
Before redistribution: 77 examples at level VeryEasy
Before redistribution: 77 examples at level Easy
Before redistribution: 76 examples at level Medium
Before redistribution: 76 examples at level Hard
Before redistribution: 76 examples at level VeryHard
Before redistribution: 77 examples at level VeryEasy
Before redistribution: 77 examples at level Easy
Before redistribution: 77 examples at level Medium
Before redistribution: 76 examples at level Hard
Before redistribution: 76 examples at level VeryHard
Before redistribution: 77 examples at level VeryEasy
Before redistribution: 77 examples at level Easy
Before redistribution: 77 examples at level Medium
Before redistribution: 77 examples at level Hard
Before redistribution: 76 examples at level VeryHard
Before redistribution: 77 examples at level VeryEasy
Before redistribution: 77 examples at level Easy
Before redistribution: 77 examples at level Medium
Before redistribution: 77 examples at level Hard
Before redistribution: 77 examples at level VeryHard
Performing example redistribution across difficulty levels...
Redistributed 77 examples to level VeryEasy
Redistributed 77 examples to level Easy
Redistributed 77 examples to level Medium
Redistributed 77 examples to level Hard
Redistributed 77 examples to level VeryHard
After redistribution: 77 examples at level VeryEasy
After redistribution: 77 examples at level Easy
After redistribution: 77 examples at level Medium
After redistribution: 77 examples at level Hard
After redistribution: 77 examples at level VeryHard
Before redistribution: 78 examples at level VeryEasy
Before redistribution: 77 examples at level Easy
Before redistribution: 77 examples at level Medium
Before redistribution: 77 examples at level Hard
Before redistribution: 77 examples at level VeryHard
Before redistribution: 78 examples at level VeryEasy
Before redistribution: 78 examples at level Easy
Before redistribution: 77 examples at level Medium
Before redistribution: 77 examples at level Hard
Before redistribution: 77 examples at level VeryHard
Before redistribution: 78 examples at level VeryEasy
Before redistribution: 78 examples at level Easy
Before redistribution: 78 examples at level Medium
Before redistribution: 77 examples at level Hard
Before redistribution: 77 examples at level VeryHard
Before redistribution: 78 examples at level VeryEasy
Before redistribution: 78 examples at level Easy
Before redistribution: 78 examples at level Medium
Before redistribution: 78 examples at level Hard
Before redistribution: 77 examples at level VeryHard
Before redistribution: 78 examples at level VeryEasy
Before redistribution: 78 examples at level Easy
Before redistribution: 78 examples at level Medium
Before redistribution: 78 examples at level Hard
Before redistribution: 78 examples at level VeryHard
Performing example redistribution across difficulty levels...
Redistributed 78 examples to level VeryEasy
Redistributed 78 examples to level Easy
Redistributed 78 examples to level Medium
Redistributed 78 examples to level Hard
Redistributed 78 examples to level VeryHard
After redistribution: 78 examples at level VeryEasy
After redistribution: 78 examples at level Easy
After redistribution: 78 examples at level Medium
After redistribution: 78 examples at level Hard
After redistribution: 78 examples at level VeryHard
Before redistribution: 79 examples at level VeryEasy
Before redistribution: 78 examples at level Easy
Before redistribution: 78 examples at level Medium
Before redistribution: 78 examples at level Hard
Before redistribution: 78 examples at level VeryHard
Before redistribution: 79 examples at level VeryEasy
Before redistribution: 79 examples at level Easy
Before redistribution: 78 examples at level Medium
Before redistribution: 78 examples at level Hard
Before redistribution: 78 examples at level VeryHard
Before redistribution: 79 examples at level VeryEasy
Before redistribution: 79 examples at level Easy
Before redistribution: 79 examples at level Medium
Before redistribution: 78 examples at level Hard
Before redistribution: 78 examples at level VeryHard
Before redistribution: 79 examples at level VeryEasy
Before redistribution: 79 examples at level Easy
Before redistribution: 79 examples at level Medium
Before redistribution: 79 examples at level Hard
Before redistribution: 78 examples at level VeryHard
Before redistribution: 79 examples at level VeryEasy
Before redistribution: 79 examples at level Easy
Before redistribution: 79 examples at level Medium
Before redistribution: 79 examples at level Hard
Before redistribution: 79 examples at level VeryHard
Performing example redistribution across difficulty levels...
Redistributed 79 examples to level VeryEasy
Redistributed 79 examples to level Easy
Redistributed 79 examples to level Medium
Redistributed 79 examples to level Hard
Redistributed 79 examples to level VeryHard
After redistribution: 79 examples at level VeryEasy
After redistribution: 79 examples at level Easy
After redistribution: 79 examples at level Medium
After redistribution: 79 examples at level Hard
After redistribution: 79 examples at level VeryHard
Before redistribution: 80 examples at level VeryEasy
Before redistribution: 79 examples at level Easy
Before redistribution: 79 examples at level Medium
Before redistribution: 79 examples at level Hard
Before redistribution: 79 examples at level VeryHard
Before redistribution: 80 examples at level VeryEasy
Before redistribution: 80 examples at level Easy
Before redistribution: 79 examples at level Medium
Before redistribution: 79 examples at level Hard
Before redistribution: 79 examples at level VeryHard
Before redistribution: 80 examples at level VeryEasy
Before redistribution: 80 examples at level Easy
Before redistribution: 80 examples at level Medium
Before redistribution: 79 examples at level Hard
Before redistribution: 79 examples at level VeryHard
Before redistribution: 80 examples at level VeryEasy
Before redistribution: 80 examples at level Easy
Before redistribution: 80 examples at level Medium
Before redistribution: 80 examples at level Hard
Before redistribution: 79 examples at level VeryHard
Before redistribution: 80 examples at level VeryEasy
Before redistribution: 80 examples at level Easy
Before redistribution: 80 examples at level Medium
Before redistribution: 80 examples at level Hard
Before redistribution: 80 examples at level VeryHard
Performing example redistribution across difficulty levels...
Redistributed 80 examples to level VeryEasy
Redistributed 80 examples to level Easy
Redistributed 80 examples to level Medium
Redistributed 80 examples to level Hard
Redistributed 80 examples to level VeryHard
After redistribution: 80 examples at level VeryEasy
After redistribution: 80 examples at level Easy
After redistribution: 80 examples at level Medium
After redistribution: 80 examples at level Hard
After redistribution: 80 examples at level VeryHard
Before redistribution: 81 examples at level VeryEasy
Before redistribution: 80 examples at level Easy
Before redistribution: 80 examples at level Medium
Before redistribution: 80 examples at level Hard
Before redistribution: 80 examples at level VeryHard
Before redistribution: 81 examples at level VeryEasy
Before redistribution: 81 examples at level Easy
Before redistribution: 80 examples at level Medium
Before redistribution: 80 examples at level Hard
Before redistribution: 80 examples at level VeryHard
Before redistribution: 81 examples at level VeryEasy
Before redistribution: 81 examples at level Easy
Before redistribution: 81 examples at level Medium
Before redistribution: 80 examples at level Hard
Before redistribution: 80 examples at level VeryHard
Before redistribution: 81 examples at level VeryEasy
Before redistribution: 81 examples at level Easy
Before redistribution: 81 examples at level Medium
Before redistribution: 81 examples at level Hard
Before redistribution: 80 examples at level VeryHard
Before redistribution: 81 examples at level VeryEasy
Before redistribution: 81 examples at level Easy
Before redistribution: 81 examples at level Medium
Before redistribution: 81 examples at level Hard
Before redistribution: 81 examples at level VeryHard
Performing example redistribution across difficulty levels...
Redistributed 81 examples to level VeryEasy
Redistributed 81 examples to level Easy
Redistributed 81 examples to level Medium
Redistributed 81 examples to level Hard
Redistributed 81 examples to level VeryHard
After redistribution: 81 examples at level VeryEasy
After redistribution: 81 examples at level Easy
After redistribution: 81 examples at level Medium
After redistribution: 81 examples at level Hard
After redistribution: 81 examples at level VeryHard
Before redistribution: 82 examples at level VeryEasy
Before redistribution: 81 examples at level Easy
Before redistribution: 81 examples at level Medium
Before redistribution: 81 examples at level Hard
Before redistribution: 81 examples at level VeryHard
Before redistribution: 82 examples at level VeryEasy
Before redistribution: 82 examples at level Easy
Before redistribution: 81 examples at level Medium
Before redistribution: 81 examples at level Hard
Before redistribution: 81 examples at level VeryHard
Before redistribution: 82 examples at level VeryEasy
Before redistribution: 82 examples at level Easy
Before redistribution: 82 examples at level Medium
Before redistribution: 81 examples at level Hard
Before redistribution: 81 examples at level VeryHard
Before redistribution: 82 examples at level VeryEasy
Before redistribution: 82 examples at level Easy
Before redistribution: 82 examples at level Medium
Before redistribution: 82 examples at level Hard
Before redistribution: 81 examples at level VeryHard
Before redistribution: 82 examples at level VeryEasy
Before redistribution: 82 examples at level Easy
Before redistribution: 82 examples at level Medium
Before redistribution: 82 examples at level Hard
Before redistribution: 82 examples at level VeryHard
Performing example redistribution across difficulty levels...
Redistributed 82 examples to level VeryEasy
Redistributed 82 examples to level Easy
Redistributed 82 examples to level Medium
Redistributed 82 examples to level Hard
Redistributed 82 examples to level VeryHard
After redistribution: 82 examples at level VeryEasy
After redistribution: 82 examples at level Easy
After redistribution: 82 examples at level Medium
After redistribution: 82 examples at level Hard
After redistribution: 82 examples at level VeryHard
Before redistribution: 83 examples at level VeryEasy
Before redistribution: 82 examples at level Easy
Before redistribution: 82 examples at level Medium
Before redistribution: 82 examples at level Hard
Before redistribution: 82 examples at level VeryHard
Before redistribution: 83 examples at level VeryEasy
Before redistribution: 83 examples at level Easy
Before redistribution: 82 examples at level Medium
Before redistribution: 82 examples at level Hard
Before redistribution: 82 examples at level VeryHard
Before redistribution: 83 examples at level VeryEasy
Before redistribution: 83 examples at level Easy
Before redistribution: 83 examples at level Medium
Before redistribution: 82 examples at level Hard
Before redistribution: 82 examples at level VeryHard
Before redistribution: 83 examples at level VeryEasy
Before redistribution: 83 examples at level Easy
Before redistribution: 83 examples at level Medium
Before redistribution: 83 examples at level Hard
Before redistribution: 82 examples at level VeryHard
Before redistribution: 83 examples at level VeryEasy
Before redistribution: 83 examples at level Easy
Before redistribution: 83 examples at level Medium
Before redistribution: 83 examples at level Hard
Before redistribution: 83 examples at level VeryHard
Performing example redistribution across difficulty levels...
Redistributed 83 examples to level VeryEasy
Redistributed 83 examples to level Easy
Redistributed 83 examples to level Medium
Redistributed 83 examples to level Hard
Redistributed 83 examples to level VeryHard
After redistribution: 83 examples at level VeryEasy
After redistribution: 83 examples at level Easy
After redistribution: 83 examples at level Medium
After redistribution: 83 examples at level Hard
After redistribution: 83 examples at level VeryHard
Before redistribution: 84 examples at level VeryEasy
Before redistribution: 83 examples at level Easy
Before redistribution: 83 examples at level Medium
Before redistribution: 83 examples at level Hard
Before redistribution: 83 examples at level VeryHard
Before redistribution: 84 examples at level VeryEasy
Before redistribution: 84 examples at level Easy
Before redistribution: 83 examples at level Medium
Before redistribution: 83 examples at level Hard
Before redistribution: 83 examples at level VeryHard
Before redistribution: 84 examples at level VeryEasy
Before redistribution: 84 examples at level Easy
Before redistribution: 84 examples at level Medium
Before redistribution: 83 examples at level Hard
Before redistribution: 83 examples at level VeryHard
Before redistribution: 84 examples at level VeryEasy
Before redistribution: 84 examples at level Easy
Before redistribution: 84 examples at level Medium
Before redistribution: 84 examples at level Hard
Before redistribution: 83 examples at level VeryHard
Before redistribution: 84 examples at level VeryEasy
Before redistribution: 84 examples at level Easy
Before redistribution: 84 examples at level Medium
Before redistribution: 84 examples at level Hard
Before redistribution: 84 examples at level VeryHard
Performing example redistribution across difficulty levels...
Redistributed 84 examples to level VeryEasy
Redistributed 84 examples to level Easy
Redistributed 84 examples to level Medium
Redistributed 84 examples to level Hard
Redistributed 84 examples to level VeryHard
After redistribution: 84 examples at level VeryEasy
After redistribution: 84 examples at level Easy
After redistribution: 84 examples at level Medium
After redistribution: 84 examples at level Hard
After redistribution: 84 examples at level VeryHard
Before redistribution: 85 examples at level VeryEasy
Before redistribution: 84 examples at level Easy
Before redistribution: 84 examples at level Medium
Before redistribution: 84 examples at level Hard
Before redistribution: 84 examples at level VeryHard
Before redistribution: 85 examples at level VeryEasy
Before redistribution: 85 examples at level Easy
Before redistribution: 84 examples at level Medium
Before redistribution: 84 examples at level Hard
Before redistribution: 84 examples at level VeryHard
Before redistribution: 85 examples at level VeryEasy
Before redistribution: 85 examples at level Easy
Before redistribution: 85 examples at level Medium
Before redistribution: 84 examples at level Hard
Before redistribution: 84 examples at level VeryHard
Before redistribution: 85 examples at level VeryEasy
Before redistribution: 85 examples at level Easy
Before redistribution: 85 examples at level Medium
Before redistribution: 85 examples at level Hard
Before redistribution: 84 examples at level VeryHard
Before redistribution: 85 examples at level VeryEasy
Before redistribution: 85 examples at level Easy
Before redistribution: 85 examples at level Medium
Before redistribution: 85 examples at level Hard
Before redistribution: 85 examples at level VeryHard
Performing example redistribution across difficulty levels...
Redistributed 85 examples to level VeryEasy
Redistributed 85 examples to level Easy
Redistributed 85 examples to level Medium
Redistributed 85 examples to level Hard
Redistributed 85 examples to level VeryHard
After redistribution: 85 examples at level VeryEasy
After redistribution: 85 examples at level Easy
After redistribution: 85 examples at level Medium
After redistribution: 85 examples at level Hard
After redistribution: 85 examples at level VeryHard
Before redistribution: 86 examples at level VeryEasy
Before redistribution: 85 examples at level Easy
Before redistribution: 85 examples at level Medium
Before redistribution: 85 examples at level Hard
Before redistribution: 85 examples at level VeryHard
Before redistribution: 86 examples at level VeryEasy
Before redistribution: 86 examples at level Easy
Before redistribution: 85 examples at level Medium
Before redistribution: 85 examples at level Hard
Before redistribution: 85 examples at level VeryHard
Before redistribution: 86 examples at level VeryEasy
Before redistribution: 86 examples at level Easy
Before redistribution: 86 examples at level Medium
Before redistribution: 85 examples at level Hard
Before redistribution: 85 examples at level VeryHard
Before redistribution: 86 examples at level VeryEasy
Before redistribution: 86 examples at level Easy
Before redistribution: 86 examples at level Medium
Before redistribution: 86 examples at level Hard
Before redistribution: 85 examples at level VeryHard
Before redistribution: 86 examples at level VeryEasy
Before redistribution: 86 examples at level Easy
Before redistribution: 86 examples at level Medium
Before redistribution: 86 examples at level Hard
Before redistribution: 86 examples at level VeryHard
Performing example redistribution across difficulty levels...
Redistributed 86 examples to level VeryEasy
Redistributed 86 examples to level Easy
Redistributed 86 examples to level Medium
Redistributed 86 examples to level Hard
Redistributed 86 examples to level VeryHard
After redistribution: 86 examples at level VeryEasy
After redistribution: 86 examples at level Easy
After redistribution: 86 examples at level Medium
After redistribution: 86 examples at level Hard
After redistribution: 86 examples at level VeryHard
Before redistribution: 87 examples at level VeryEasy
Before redistribution: 86 examples at level Easy
Before redistribution: 86 examples at level Medium
Before redistribution: 86 examples at level Hard
Before redistribution: 86 examples at level VeryHard
Before redistribution: 87 examples at level VeryEasy
Before redistribution: 87 examples at level Easy
Before redistribution: 86 examples at level Medium
Before redistribution: 86 examples at level Hard
Before redistribution: 86 examples at level VeryHard
Before redistribution: 87 examples at level VeryEasy
Before redistribution: 87 examples at level Easy
Before redistribution: 87 examples at level Medium
Before redistribution: 86 examples at level Hard
Before redistribution: 86 examples at level VeryHard
Before redistribution: 87 examples at level VeryEasy
Before redistribution: 87 examples at level Easy
Before redistribution: 87 examples at level Medium
Before redistribution: 87 examples at level Hard
Before redistribution: 86 examples at level VeryHard
Before redistribution: 87 examples at level VeryEasy
Before redistribution: 87 examples at level Easy
Before redistribution: 87 examples at level Medium
Before redistribution: 87 examples at level Hard
Before redistribution: 87 examples at level VeryHard
Performing example redistribution across difficulty levels...
Redistributed 87 examples to level VeryEasy
Redistributed 87 examples to level Easy
Redistributed 87 examples to level Medium
Redistributed 87 examples to level Hard
Redistributed 87 examples to level VeryHard
After redistribution: 87 examples at level VeryEasy
After redistribution: 87 examples at level Easy
After redistribution: 87 examples at level Medium
After redistribution: 87 examples at level Hard
After redistribution: 87 examples at level VeryHard
Before redistribution: 88 examples at level VeryEasy
Before redistribution: 87 examples at level Easy
Before redistribution: 87 examples at level Medium
Before redistribution: 87 examples at level Hard
Before redistribution: 87 examples at level VeryHard
Before redistribution: 88 examples at level VeryEasy
Before redistribution: 88 examples at level Easy
Before redistribution: 87 examples at level Medium
Before redistribution: 87 examples at level Hard
Before redistribution: 87 examples at level VeryHard
Before redistribution: 88 examples at level VeryEasy
Before redistribution: 88 examples at level Easy
Before redistribution: 88 examples at level Medium
Before redistribution: 87 examples at level Hard
Before redistribution: 87 examples at level VeryHard
Before redistribution: 88 examples at level VeryEasy
Before redistribution: 88 examples at level Easy
Before redistribution: 88 examples at level Medium
Before redistribution: 88 examples at level Hard
Before redistribution: 87 examples at level VeryHard
Before redistribution: 88 examples at level VeryEasy
Before redistribution: 88 examples at level Easy
Before redistribution: 88 examples at level Medium
Before redistribution: 88 examples at level Hard
Before redistribution: 88 examples at level VeryHard
Performing example redistribution across difficulty levels...
Redistributed 88 examples to level VeryEasy
Redistributed 88 examples to level Easy
Redistributed 88 examples to level Medium
Redistributed 88 examples to level Hard
Redistributed 88 examples to level VeryHard
After redistribution: 88 examples at level VeryEasy
After redistribution: 88 examples at level Easy
After redistribution: 88 examples at level Medium
After redistribution: 88 examples at level Hard
After redistribution: 88 examples at level VeryHard
Before redistribution: 89 examples at level VeryEasy
Before redistribution: 88 examples at level Easy
Before redistribution: 88 examples at level Medium
Before redistribution: 88 examples at level Hard
Before redistribution: 88 examples at level VeryHard
Before redistribution: 89 examples at level VeryEasy
Before redistribution: 89 examples at level Easy
Before redistribution: 88 examples at level Medium
Before redistribution: 88 examples at level Hard
Before redistribution: 88 examples at level VeryHard
Before redistribution: 89 examples at level VeryEasy
Before redistribution: 89 examples at level Easy
Before redistribution: 89 examples at level Medium
Before redistribution: 88 examples at level Hard
Before redistribution: 88 examples at level VeryHard
Before redistribution: 89 examples at level VeryEasy
Before redistribution: 89 examples at level Easy
Before redistribution: 89 examples at level Medium
Before redistribution: 89 examples at level Hard
Before redistribution: 88 examples at level VeryHard
Before redistribution: 89 examples at level VeryEasy
Before redistribution: 89 examples at level Easy
Before redistribution: 89 examples at level Medium
Before redistribution: 89 examples at level Hard
Before redistribution: 89 examples at level VeryHard
Performing example redistribution across difficulty levels...
Redistributed 89 examples to level VeryEasy
Redistributed 89 examples to level Easy
Redistributed 89 examples to level Medium
Redistributed 89 examples to level Hard
Redistributed 89 examples to level VeryHard
After redistribution: 89 examples at level VeryEasy
After redistribution: 89 examples at level Easy
After redistribution: 89 examples at level Medium
After redistribution: 89 examples at level Hard
After redistribution: 89 examples at level VeryHard
Before redistribution: 90 examples at level VeryEasy
Before redistribution: 89 examples at level Easy
Before redistribution: 89 examples at level Medium
Before redistribution: 89 examples at level Hard
Before redistribution: 89 examples at level VeryHard
Before redistribution: 90 examples at level VeryEasy
Before redistribution: 90 examples at level Easy
Before redistribution: 89 examples at level Medium
Before redistribution: 89 examples at level Hard
Before redistribution: 89 examples at level VeryHard
Before redistribution: 90 examples at level VeryEasy
Before redistribution: 90 examples at level Easy
Before redistribution: 90 examples at level Medium
Before redistribution: 89 examples at level Hard
Before redistribution: 89 examples at level VeryHard
Before redistribution: 90 examples at level VeryEasy
Before redistribution: 90 examples at level Easy
Before redistribution: 90 examples at level Medium
Before redistribution: 90 examples at level Hard
Before redistribution: 89 examples at level VeryHard
Before redistribution: 90 examples at level VeryEasy
Before redistribution: 90 examples at level Easy
Before redistribution: 90 examples at level Medium
Before redistribution: 90 examples at level Hard
Before redistribution: 90 examples at level VeryHard
Performing example redistribution across difficulty levels...
Redistributed 90 examples to level VeryEasy
Redistributed 90 examples to level Easy
Redistributed 90 examples to level Medium
Redistributed 90 examples to level Hard
Redistributed 90 examples to level VeryHard
After redistribution: 90 examples at level VeryEasy
After redistribution: 90 examples at level Easy
After redistribution: 90 examples at level Medium
After redistribution: 90 examples at level Hard
After redistribution: 90 examples at level VeryHard
Before redistribution: 91 examples at level VeryEasy
Before redistribution: 90 examples at level Easy
Before redistribution: 90 examples at level Medium
Before redistribution: 90 examples at level Hard
Before redistribution: 90 examples at level VeryHard
Before redistribution: 91 examples at level VeryEasy
Before redistribution: 91 examples at level Easy
Before redistribution: 90 examples at level Medium
Before redistribution: 90 examples at level Hard
Before redistribution: 90 examples at level VeryHard
Before redistribution: 91 examples at level VeryEasy
Before redistribution: 91 examples at level Easy
Before redistribution: 91 examples at level Medium
Before redistribution: 90 examples at level Hard
Before redistribution: 90 examples at level VeryHard
Before redistribution: 91 examples at level VeryEasy
Before redistribution: 91 examples at level Easy
Before redistribution: 91 examples at level Medium
Before redistribution: 91 examples at level Hard
Before redistribution: 90 examples at level VeryHard
Before redistribution: 91 examples at level VeryEasy
Before redistribution: 91 examples at level Easy
Before redistribution: 91 examples at level Medium
Before redistribution: 91 examples at level Hard
Before redistribution: 91 examples at level VeryHard
Performing example redistribution across difficulty levels...
Redistributed 91 examples to level VeryEasy
Redistributed 91 examples to level Easy
Redistributed 91 examples to level Medium
Redistributed 91 examples to level Hard
Redistributed 91 examples to level VeryHard
After redistribution: 91 examples at level VeryEasy
After redistribution: 91 examples at level Easy
After redistribution: 91 examples at level Medium
After redistribution: 91 examples at level Hard
After redistribution: 91 examples at level VeryHard
Before redistribution: 92 examples at level VeryEasy
Before redistribution: 91 examples at level Easy
Before redistribution: 91 examples at level Medium
Before redistribution: 91 examples at level Hard
Before redistribution: 91 examples at level VeryHard
Before redistribution: 92 examples at level VeryEasy
Before redistribution: 92 examples at level Easy
Before redistribution: 91 examples at level Medium
Before redistribution: 91 examples at level Hard
Before redistribution: 91 examples at level VeryHard
Before redistribution: 92 examples at level VeryEasy
Before redistribution: 92 examples at level Easy
Before redistribution: 92 examples at level Medium
Before redistribution: 91 examples at level Hard
Before redistribution: 91 examples at level VeryHard
Forcing redistribution of curriculum examples...
Redistributed 91 examples to level VeryEasy
Redistributed 91 examples to level Easy
Redistributed 91 examples to level Medium
Redistributed 91 examples to level Hard
Redistributed 94 examples to level VeryHard
After redistribution: 91 examples at level VeryEasy
After redistribution: 91 examples at level Easy
After redistribution: 91 examples at level Medium
After redistribution: 91 examples at level Hard
After redistribution: 94 examples at level VeryHard
Curriculum initialization complete with 418 examples
  Batch 1/4 - Loss: 5.940184 - Level: VeryEasy
  Batch 4/4 - Loss: 5.876423 - Level: VeryEasy
Not enough batches (4 < 50) to evaluate level advancement
Evaluating model...
Generating text with prompt: "The quick brown fox" (max_tokens=100)
Attempting to use model for text generation...
DEBUG: Result length = 305, prompt length = 19
DEBUG: Using model-generated text.
Generated preview: the quick brown foxstair uch(f...
Generating text with prompt: "Once upon a time" (max_tokens=100)
Attempting to use model for text generation...
DEBUG: Result length = 336, prompt length = 16
DEBUG: Using model-generated text.
Generated preview: once upon a time eron allcarro...
Generating text with prompt: "In a world where" (max_tokens=100)
Attempting to use model for text generation...
DEBUG: Result length = 380, prompt length = 16
DEBUG: Using model-generated text.
Generated preview: in a world where could ith hor...
Generating text with prompt: "The most important thing" (max_tokens=100)
Attempting to use model for text generation...
DEBUG: Result length = 324, prompt length = 24
DEBUG: Using model-generated text.
Generated preview: the most important thing then ...
Generating text with prompt: "I would like to" (max_tokens=100)
Attempting to use model for text generation...
DEBUG: Result length = 348, prompt length = 15
DEBUG: Using model-generated text.
Generated preview: i would like to tlhurt ed bunn...
Epoch 1/10 completed in 11.493228377s
  Loss: 5.908648
  Perplexity: 357.02
  Accuracy: 27.16%
  Repetition score: 1.00
  Fluency score: 0.96
  Quality score: 0.46
Generating text with prompt: "The" (max_tokens=50)
Attempting to use model for text generation...
DEBUG: Result length = 168, prompt length = 3
DEBUG: Using model-generated text.
Generated preview: the loved<time Naround rdefood...

Sample generation:
Prompt: "The"
Generated: "the loved<time Naround rdefood ith home walk oon$aroun?thday carrot looked then with]excited efside up ppy ered got L8low erroFarday carrot ittl00dding full so 5ittl*ov"

Saving checkpoint to models/high_accuracy_model.walle.epoch1
Saving model in JSON
Saving model in binary format...
Model successfully saved to: models/high_accuracy_model.walle.epoch1
Checkpoint saved successfully
Epoch 2/10
Created 209 input/target pairs for training

======== BATCH SIZE CALCULATION ========
Cache parameters: L1=48 KB, L2=1280 KB, L3=24 MB, Line size=64 bytes
Cache parameters: L1=48 KB, L2=1280 KB, L3=24576 KB, Line size=64 bytes
Calculating optimal batch size for model_dim=128, seq_len=16, element_size=4 bytes
Memory per sequence: 8192 bytes (0.01 MB)
Available L3 cache (80%): 20132659 bytes (19.20 MB)
Maximum batch size that fits in L3 cache: 2457
Final optimal batch size (after constraints): 1024
Calculated memory-optimal batch size: 1024
Using manually specified batch size: 128
======================================

  Batch 1/4 - Loss: 5.848388 - Level: VeryEasy
  Batch 4/4 - Loss: 5.801756 - Level: VeryEasy
Not enough batches (4 < 50) to evaluate level advancement
Evaluating model...
Generating text with prompt: "The quick brown fox" (max_tokens=100)
Attempting to use model for text generation...
DEBUG: Result length = 342, prompt length = 19
DEBUG: Using model-generated text.
Generated preview: the quick brown foxchbig then ...
Generating text with prompt: "Once upon a time" (max_tokens=100)
Attempting to use model for text generation...
DEBUG: Result length = 326, prompt length = 16
DEBUG: Using model-generated text.
Generated preview: once upon a time Aered Overawa...
Generating text with prompt: "In a world where" (max_tokens=100)
Attempting to use model for text generation...
DEBUG: Result length = 349, prompt length = 16
DEBUG: Using model-generated text.
Generated preview: in a world where maaround chwa...
Generating text with prompt: "The most important thing" (max_tokens=100)
Attempting to use model for text generation...
DEBUG: Result length = 339, prompt length = 24
DEBUG: Using model-generated text.
Generated preview: the most important thing uD{ai...
Generating text with prompt: "I would like to" (max_tokens=100)
Attempting to use model for text generation...
DEBUG: Result length = 333, prompt length = 15
DEBUG: Using model-generated text.
Generated preview: i would like to wn[Oouthopped ...
Epoch 2/10 completed in 1.313396891s
  Loss: 5.823863
  Perplexity: 337.82
  Accuracy: 35.34%
  Repetition score: 1.00
  Fluency score: 0.97
  Quality score: 0.49
Generating text with prompt: "The" (max_tokens=50)
Attempting to use model for text generation...
DEBUG: Result length = 150, prompt length = 3
DEBUG: Using model-generated text.
Generated preview: the ythke 5@Asome veronstafinu...

Sample generation:
Prompt: "The"
Generated: "the ythke 5@Asome veronstafinuddenly^ords ed oncalley tiroQchleft ea-:hand lovmightsuddenly Foutthat all outside tlow ch everythbkpers#Thand air_outcb"

Epoch 3/10
Created 209 input/target pairs for training

======== BATCH SIZE CALCULATION ========
Cache parameters: L1=48 KB, L2=1280 KB, L3=24 MB, Line size=64 bytes
Cache parameters: L1=48 KB, L2=1280 KB, L3=24576 KB, Line size=64 bytes
Calculating optimal batch size for model_dim=128, seq_len=16, element_size=4 bytes
Memory per sequence: 8192 bytes (0.01 MB)
Available L3 cache (80%): 20132659 bytes (19.20 MB)
Maximum batch size that fits in L3 cache: 2457
Final optimal batch size (after constraints): 1024
Calculated memory-optimal batch size: 1024
Using manually specified batch size: 128
======================================

  Batch 1/4 - Loss: 5.774396 - Level: VeryEasy
  Batch 4/4 - Loss: 5.708210 - Level: VeryEasy
Not enough batches (4 < 50) to evaluate level advancement
Evaluating model...
Generating text with prompt: "The quick brown fox" (max_tokens=100)
Attempting to use model for text generation...
DEBUG: Result length = 324, prompt length = 19
DEBUG: Using model-generated text.
Generated preview: the quick brown foxp"walked tf...
Generating text with prompt: "Once upon a time" (max_tokens=100)
Attempting to use model for text generation...
DEBUG: Result length = 314, prompt length = 16
DEBUG: Using model-generated text.
Generated preview: once upon a time might0$&walke...
Generating text with prompt: "In a world where" (max_tokens=100)
Attempting to use model for text generation...
DEBUG: Result length = 327, prompt length = 16
DEBUG: Using model-generated text.
Generated preview: in a world where\all)glow dadd...
Generating text with prompt: "The most important thing" (max_tokens=100)
Attempting to use model for text generation...
DEBUG: Result length = 348, prompt length = 24
DEBUG: Using model-generated text.
Generated preview: the most important thing ecfin...
Generating text with prompt: "I would like to" (max_tokens=100)
Attempting to use model for text generation...
DEBUG: Result length = 352, prompt length = 15
DEBUG: Using model-generated text.
Generated preview: i would like to me ts eperient...
Epoch 3/10 completed in 1.198132788s
  Loss: 5.742437
  Perplexity: 321.15
  Accuracy: 35.56%
  Repetition score: 1.00
  Fluency score: 0.97
  Quality score: 0.50
Generating text with prompt: "The" (max_tokens=50)
Attempting to use model for text generation...
DEBUG: Result length = 161, prompt length = 3
DEBUG: Using model-generated text.
Generated preview: the couldcould upon:en ovgoPAD...

Sample generation:
Prompt: "The"
Generated: "the couldcould upon:en ovgoPADtover uch ofcitoutside throuCwafinhopped left starlow{.;reached reachcercouldn e=!Cfooly could tbig uddenly of l'allokedUNKBOSgh lo"

Saving checkpoint to models/high_accuracy_model.walle.epoch3
Saving model in JSON
Saving model in binary format...
Model successfully saved to: models/high_accuracy_model.walle.epoch3
Checkpoint saved successfully
Epoch 4/10
Created 209 input/target pairs for training

======== BATCH SIZE CALCULATION ========
Cache parameters: L1=48 KB, L2=1280 KB, L3=24 MB, Line size=64 bytes
Cache parameters: L1=48 KB, L2=1280 KB, L3=24576 KB, Line size=64 bytes
Calculating optimal batch size for model_dim=128, seq_len=16, element_size=4 bytes
Memory per sequence: 8192 bytes (0.01 MB)
Available L3 cache (80%): 20132659 bytes (19.20 MB)
Maximum batch size that fits in L3 cache: 2457
Final optimal batch size (after constraints): 1024
Calculated memory-optimal batch size: 1024
Using manually specified batch size: 128
======================================

  Batch 1/4 - Loss: 5.702277 - Level: VeryEasy
  Batch 4/4 - Loss: 5.590960 - Level: VeryEasy
Not enough batches (4 < 50) to evaluate level advancement
Evaluating model...
Generating text with prompt: "The quick brown fox" (max_tokens=100)
Attempting to use model for text generation...
DEBUG: Result length = 349, prompt length = 19
DEBUG: Using model-generated text.
Generated preview: the quick brown foxflmommy wen...
Generating text with prompt: "Once upon a time" (max_tokens=100)
Attempting to use model for text generation...
DEBUG: Result length = 282, prompt length = 16
DEBUG: Using model-generated text.
Generated preview: once upon a time ked e I*Dcarr...
Generating text with prompt: "In a world where" (max_tokens=100)
Attempting to use model for text generation...
DEBUG: Result length = 337, prompt length = 16
DEBUG: Using model-generated text.
Generated preview: in a world where 2axdown ake j...
Generating text with prompt: "The most important thing" (max_tokens=100)
Attempting to use model for text generation...
DEBUG: Result length = 306, prompt length = 24
DEBUG: Using model-generated text.
Generated preview: the most important thing over ...
Generating text with prompt: "I would like to" (max_tokens=100)
Attempting to use model for text generation...
DEBUG: Result length = 338, prompt length = 15
DEBUG: Using model-generated text.
Generated preview: i would like to told verythey@...
Epoch 4/10 completed in 1.12175701s
  Loss: 5.657524
  Perplexity: 306.17
  Accuracy: 36.21%
  Repetition score: 1.00
  Fluency score: 0.96
  Quality score: 0.50
Generating text with prompt: "The" (max_tokens=50)
Attempting to use model for text generation...
DEBUG: Result length = 149, prompt length = 3
DEBUG: Using model-generated text.
Generated preview: the ienon ll friends im epped<...

Sample generation:
Prompt: "The"
Generated: "the ienon ll friends im epped<Bcitharoectoday liaround Rto g1ou{/k and 5air spny courock staral oonnted tm6away t Aof gh loved lioutside knew that th"

Epoch 5/10
Created 209 input/target pairs for training

======== BATCH SIZE CALCULATION ========
Cache parameters: L1=48 KB, L2=1280 KB, L3=24 MB, Line size=64 bytes
Cache parameters: L1=48 KB, L2=1280 KB, L3=24576 KB, Line size=64 bytes
Calculating optimal batch size for model_dim=128, seq_len=16, element_size=4 bytes
Memory per sequence: 8192 bytes (0.01 MB)
Available L3 cache (80%): 20132659 bytes (19.20 MB)
Maximum batch size that fits in L3 cache: 2457
Final optimal batch size (after constraints): 1024
Calculated memory-optimal batch size: 1024
Using manually specified batch size: 128
======================================

  Batch 1/4 - Loss: 5.641818 - Level: VeryEasy
  Batch 4/4 - Loss: 5.534356 - Level: VeryEasy
Not enough batches (4 < 50) to evaluate level advancement
Evaluating model...
Generating text with prompt: "The quick brown fox" (max_tokens=100)
Attempting to use model for text generation...
DEBUG: Result length = 377, prompt length = 19
DEBUG: Using model-generated text.
Generated preview: the quick brown foxtoday on"to...
Generating text with prompt: "Once upon a time" (max_tokens=100)
Attempting to use model for text generation...
DEBUG: Result length = 278, prompt length = 16
DEBUG: Using model-generated text.
Generated preview: once upon a time Npord,toing a...
Generating text with prompt: "In a world where" (max_tokens=100)
Attempting to use model for text generation...
DEBUG: Result length = 345, prompt length = 16
DEBUG: Using model-generated text.
Generated preview: in a world where to wshe iaing...
Generating text with prompt: "The most important thing" (max_tokens=100)
Attempting to use model for text generation...
DEBUG: Result length = 336, prompt length = 24
DEBUG: Using model-generated text.
Generated preview: the most important thing a dst...
Generating text with prompt: "I would like to" (max_tokens=100)
Attempting to use model for text generation...
DEBUG: Result length = 303, prompt length = 15
DEBUG: Using model-generated text.
Generated preview: i would like to and!her veryth...
Epoch 5/10 completed in 1.412583706s
  Loss: 5.594512
  Perplexity: 292.69
  Accuracy: 36.21%
  Repetition score: 1.00
  Fluency score: 0.98
  Quality score: 0.51
Generating text with prompt: "The" (max_tokens=50)
Attempting to use model for text generation...
DEBUG: Result length = 147, prompt length = 3
DEBUG: Using model-generated text.
Generated preview: the w[brown n she dLereEOSit f...

Sample generation:
Prompt: "The"
Generated: "the w[brown n she dLereEOSit from r ot aforPADmighspqmmia went lly,starUNKfind ome had mighty wanted uIcarrot g y eaOmabn JJhu1an saw spyoutside en"

Saving checkpoint to models/high_accuracy_model.walle.epoch5
Saving model in JSON
Saving model in binary format...
Model successfully saved to: models/high_accuracy_model.walle.epoch5
Checkpoint saved successfully
Epoch 6/10
Created 209 input/target pairs for training

======== BATCH SIZE CALCULATION ========
Cache parameters: L1=48 KB, L2=1280 KB, L3=24 MB, Line size=64 bytes
Cache parameters: L1=48 KB, L2=1280 KB, L3=24576 KB, Line size=64 bytes
Calculating optimal batch size for model_dim=128, seq_len=16, element_size=4 bytes
Memory per sequence: 8192 bytes (0.01 MB)
Available L3 cache (80%): 20132659 bytes (19.20 MB)
Maximum batch size that fits in L3 cache: 2457
Final optimal batch size (after constraints): 1024
Calculated memory-optimal batch size: 1024
Using manually specified batch size: 128
======================================

  Batch 1/4 - Loss: 5.567559 - Level: VeryEasy
  Batch 4/4 - Loss: 5.465525 - Level: VeryEasy
Not enough batches (4 < 50) to evaluate level advancement
Evaluating model...
Generating text with prompt: "The quick brown fox" (max_tokens=100)
Attempting to use model for text generation...
DEBUG: Result length = 332, prompt length = 19
DEBUG: Using model-generated text.
Generated preview: the quick brown foxlly time hu...
Generating text with prompt: "Once upon a time" (max_tokens=100)
Attempting to use model for text generation...
DEBUG: Result length = 326, prompt length = 16
DEBUG: Using model-generated text.
Generated preview: once upon a time Yghhe some ro...
Generating text with prompt: "In a world where" (max_tokens=100)
Attempting to use model for text generation...
DEBUG: Result length = 345, prompt length = 16
DEBUG: Using model-generated text.
Generated preview: in a world where suddenly mabe...
Generating text with prompt: "The most important thing" (max_tokens=100)
Attempting to use model for text generation...
DEBUG: Result length = 307, prompt length = 24
DEBUG: Using model-generated text.
Generated preview: the most important thing 4ith ...
Generating text with prompt: "I would like to" (max_tokens=100)
Attempting to use model for text generation...
DEBUG: Result length = 327, prompt length = 15
DEBUG: Using model-generated text.
Generated preview: i would like to#carrots K}told...
Epoch 6/10 completed in 1.417319752s
  Loss: 5.528171
  Perplexity: 280.44
  Accuracy: 36.21%
  Repetition score: 1.00
  Fluency score: 0.97
  Quality score: 0.51
Generating text with prompt: "The" (max_tokens=50)
Attempting to use model for text generation...
DEBUG: Result length = 166, prompt length = 3
DEBUG: Using model-generated text.
Generated preview: the ghovld ith+at own ked plit...

Sample generation:
Prompt: "The"
Generated: "the ghovld ith+at own ked plittle hothey couldn.her Mperer wxcitwalked wn down idly er ordered cbig find ran had much P/time cake ddee d were went one mabdream xair l"

Epoch 7/10
Created 209 input/target pairs for training

======== BATCH SIZE CALCULATION ========
Cache parameters: L1=48 KB, L2=1280 KB, L3=24 MB, Line size=64 bytes
Cache parameters: L1=48 KB, L2=1280 KB, L3=24576 KB, Line size=64 bytes
Calculating optimal batch size for model_dim=128, seq_len=16, element_size=4 bytes
Memory per sequence: 8192 bytes (0.01 MB)
Available L3 cache (80%): 20132659 bytes (19.20 MB)
Maximum batch size that fits in L3 cache: 2457
Final optimal batch size (after constraints): 1024
Calculated memory-optimal batch size: 1024
Using manually specified batch size: 128
======================================

  Batch 1/4 - Loss: 5.493944 - Level: VeryEasy
  Batch 4/4 - Loss: 5.477557 - Level: VeryEasy
Not enough batches (4 < 50) to evaluate level advancement
Evaluating model...
Generating text with prompt: "The quick brown fox" (max_tokens=100)
Attempting to use model for text generation...
DEBUG: Result length = 360, prompt length = 19
DEBUG: Using model-generated text.
Generated preview: the quick brown foxfroutside d...
Generating text with prompt: "Once upon a time" (max_tokens=100)
Attempting to use model for text generation...
DEBUG: Result length = 304, prompt length = 16
DEBUG: Using model-generated text.
Generated preview: once upon a time ho ec,walked)...
Generating text with prompt: "In a world where" (max_tokens=100)
Attempting to use model for text generation...
DEBUG: Result length = 324, prompt length = 16
DEBUG: Using model-generated text.
Generated preview: in a world where brown.cake wa...
Generating text with prompt: "The most important thing" (max_tokens=100)
Attempting to use model for text generation...
DEBUG: Result length = 366, prompt length = 24
DEBUG: Using model-generated text.
Generated preview: the most important thing ddmig...
Generating text with prompt: "I would like to" (max_tokens=100)
Attempting to use model for text generation...
DEBUG: Result length = 302, prompt length = 15
DEBUG: Using model-generated text.
Generated preview: i would like to to ptstarted t...
Epoch 7/10 completed in 2.376741302s
  Loss: 5.483307
  Perplexity: 269.24
  Accuracy: 36.21%
  Repetition score: 0.90
  Fluency score: 0.85
  Quality score: 0.48
Generating text with prompt: "The" (max_tokens=50)
Attempting to use model for text generation...
DEBUG: Result length = 169, prompt length = 3
DEBUG: Using model-generated text.
Generated preview: the fuhappy gthrouhairlilly ti...

Sample generation:
Prompt: "The"
Generated: "the fuhappy gthrouhairlilly time ppiends and friends ll bunny d ew see t ecAshe home ld ally troaroair Tddbisoutsidecenly XallPADmmmmy careach time stararound cake ny on"

Detected repetition patterns:
  - "mmmm"
Saving checkpoint to models/high_accuracy_model.walle.epoch7
Saving model in JSON
Saving model in binary format...
Model successfully saved to: models/high_accuracy_model.walle.epoch7
Checkpoint saved successfully
Epoch 8/10
Created 209 input/target pairs for training

======== BATCH SIZE CALCULATION ========
Cache parameters: L1=48 KB, L2=1280 KB, L3=24 MB, Line size=64 bytes
Cache parameters: L1=48 KB, L2=1280 KB, L3=24576 KB, Line size=64 bytes
Calculating optimal batch size for model_dim=128, seq_len=16, element_size=4 bytes
Memory per sequence: 8192 bytes (0.01 MB)
Available L3 cache (80%): 20132659 bytes (19.20 MB)
Maximum batch size that fits in L3 cache: 2457
Final optimal batch size (after constraints): 1024
Calculated memory-optimal batch size: 1024
Using manually specified batch size: 128
======================================

  Batch 1/4 - Loss: 5.425733 - Level: VeryEasy
  Batch 4/4 - Loss: 5.416364 - Level: VeryEasy
Not enough batches (4 < 50) to evaluate level advancement
Evaluating model...
Generating text with prompt: "The quick brown fox" (max_tokens=100)
Attempting to use model for text generation...
DEBUG: Result length = 341, prompt length = 19
DEBUG: Using model-generated text.
Generated preview: the quick brown foxfull sky bi...
Generating text with prompt: "Once upon a time" (max_tokens=100)
Attempting to use model for text generation...
DEBUG: Result length = 320, prompt length = 16
DEBUG: Using model-generated text.
Generated preview: once upon a time fupoutside,ld...
Generating text with prompt: "In a world where" (max_tokens=100)
Attempting to use model for text generation...
DEBUG: Result length = 353, prompt length = 16
DEBUG: Using model-generated text.
Generated preview: in a world where daddy they,rA...
Generating text with prompt: "The most important thing" (max_tokens=100)
Attempting to use model for text generation...
DEBUG: Result length = 320, prompt length = 24
DEBUG: Using model-generated text.
Generated preview: the most important thing 7,the...
Generating text with prompt: "I would like to" (max_tokens=100)
Attempting to use model for text generation...
DEBUG: Result length = 331, prompt length = 15
DEBUG: Using model-generated text.
Generated preview: i would like to clooked ymabel...
Epoch 8/10 completed in 2.319385676s
  Loss: 5.425875
  Perplexity: 259.06
  Accuracy: 35.99%
  Repetition score: 0.67
  Fluency score: 0.65
  Quality score: 0.42
Generating text with prompt: "The" (max_tokens=50)
Attempting to use model for text generation...
DEBUG: Result length = 149, prompt length = 3
DEBUG: Using model-generated text.
Generated preview: the Ocarrot liuZt lots finally...

Sample generation:
Prompt: "The"
Generated: "the Ocarrot liuZt lots finally its go crthday KbionQered once}little ehappy everythally verytholoaXtold migo 4that knew had everyth aiGldpinNflQe ran"

Epoch 9/10
Created 209 input/target pairs for training

======== BATCH SIZE CALCULATION ========
Cache parameters: L1=48 KB, L2=1280 KB, L3=24 MB, Line size=64 bytes
Cache parameters: L1=48 KB, L2=1280 KB, L3=24576 KB, Line size=64 bytes
Calculating optimal batch size for model_dim=128, seq_len=16, element_size=4 bytes
Memory per sequence: 8192 bytes (0.01 MB)
Available L3 cache (80%): 20132659 bytes (19.20 MB)
Maximum batch size that fits in L3 cache: 2457
Final optimal batch size (after constraints): 1024
Calculated memory-optimal batch size: 1024
Using manually specified batch size: 128
======================================

  Batch 1/4 - Loss: 5.385427 - Level: VeryEasy
  Batch 4/4 - Loss: 5.337523 - Level: VeryEasy
Not enough batches (4 < 50) to evaluate level advancement
Evaluating model...
Generating text with prompt: "The quick brown fox" (max_tokens=100)
Attempting to use model for text generation...
DEBUG: Result length = 323, prompt length = 19
DEBUG: Using model-generated text.
Generated preview: the quick brown fox^atUNKlef<h...
Generating text with prompt: "Once upon a time" (max_tokens=100)
Attempting to use model for text generation...
DEBUG: Result length = 332, prompt length = 16
DEBUG: Using model-generated text.
Generated preview: once upon a time mightDiendfin...
Generating text with prompt: "In a world where" (max_tokens=100)
Attempting to use model for text generation...
DEBUG: Result length = 321, prompt length = 16
DEBUG: Using model-generated text.
Generated preview: in a world where rocWmvery mia...
Generating text with prompt: "The most important thing" (max_tokens=100)
Attempting to use model for text generation...
DEBUG: Result length = 367, prompt length = 24
DEBUG: Using model-generated text.
Generated preview: the most important thing toaro...
Generating text with prompt: "I would like to" (max_tokens=100)
Attempting to use model for text generation...
DEBUG: Result length = 327, prompt length = 15
DEBUG: Using model-generated text.
Generated preview: i would like to reached[g walk...
Epoch 9/10 completed in 2.447398488s
  Loss: 5.366853
  Perplexity: 249.83
  Accuracy: 36.85%
  Repetition score: 1.00
  Fluency score: 0.96
  Quality score: 0.52
Generating text with prompt: "The" (max_tokens=50)
Attempting to use model for text generation...
DEBUG: Result length = 143, prompt length = 3
DEBUG: Using model-generated text.
Generated preview: the pped nx&reae jdream ith ll...

Sample generation:
Prompt: "The"
Generated: "the pped nx&reae jdream ith lly.fuballoons Zlow reach>ittley$alley mmy ereUNK:br ir6spfreeEOSts 3ordbumabel cartfull 1ordered whstair fuisky ir"

Saving checkpoint to models/high_accuracy_model.walle.epoch9
Saving model in JSON
Saving model in binary format...
Model successfully saved to: models/high_accuracy_model.walle.epoch9
Checkpoint saved successfully
Epoch 10/10
Created 209 input/target pairs for training

======== BATCH SIZE CALCULATION ========
Cache parameters: L1=48 KB, L2=1280 KB, L3=24 MB, Line size=64 bytes
Cache parameters: L1=48 KB, L2=1280 KB, L3=24576 KB, Line size=64 bytes
Calculating optimal batch size for model_dim=128, seq_len=16, element_size=4 bytes
Memory per sequence: 8192 bytes (0.01 MB)
Available L3 cache (80%): 20132659 bytes (19.20 MB)
Maximum batch size that fits in L3 cache: 2457
Final optimal batch size (after constraints): 1024
Calculated memory-optimal batch size: 1024
Using manually specified batch size: 128
======================================

  Batch 1/4 - Loss: 5.313698 - Level: VeryEasy
  Batch 4/4 - Loss: 5.373402 - Level: VeryEasy
Not enough batches (4 < 50) to evaluate level advancement
Evaluating model...
Generating text with prompt: "The quick brown fox" (max_tokens=100)
Attempting to use model for text generation...
DEBUG: Result length = 319, prompt length = 19
DEBUG: Using model-generated text.
Generated preview: the quick brown foxermuch migh...
Generating text with prompt: "Once upon a time" (max_tokens=100)
Attempting to use model for text generation...
DEBUG: Result length = 316, prompt length = 16
DEBUG: Using model-generated text.
Generated preview: once upon a time s knew biMher...
Generating text with prompt: "In a world where" (max_tokens=100)
Attempting to use model for text generation...
DEBUG: Result length = 315, prompt length = 16
DEBUG: Using model-generated text.
Generated preview: in a world where l l.then new ...
Generating text with prompt: "The most important thing" (max_tokens=100)
Attempting to use model for text generation...
DEBUG: Result length = 356, prompt length = 24
DEBUG: Using model-generated text.
Generated preview: the most important thing aew i...
Generating text with prompt: "I would like to" (max_tokens=100)
Attempting to use model for text generation...
DEBUG: Result length = 349, prompt length = 15
DEBUG: Using model-generated text.
Generated preview: i would like to special walked...
Epoch 10/10 completed in 2.372138366s
  Loss: 5.332454
  Perplexity: 241.49
  Accuracy: 36.42%
  Repetition score: 0.90
  Fluency score: 0.87
  Quality score: 0.49
Generating text with prompt: "The" (max_tokens=50)
Attempting to use model for text generation...
DEBUG: Result length = 149, prompt length = 3
DEBUG: Using model-generated text.
Generated preview: the time sten"mmy hopped howal...

Sample generation:
Prompt: "The"
Generated: "the time sten"mmy hopped howalvery rKertov,outsida had big for awaythmighty of th balloon7ofXfoo|'it kasee earock up inP ithulittllilly lilly miepped"

Saving checkpoint to models/high_accuracy_model.walle.epoch10
Saving model in JSON
Saving model in binary format...
Model successfully saved to: models/high_accuracy_model.walle.epoch10
Checkpoint saved successfully
Training completed in 433.505698225s
Saving final model to models/high_accuracy_model.walle
Saving model in binary
Saving model in binary format...
Model successfully saved to: models/high_accuracy_model.walle
Final model metrics:
  Perplexity: 241.49
  Accuracy: 36.42%
  Repetition score: 0.90
  Fluency score: 0.87
  Quality score: 0.49

═════════════════════════ PERFORMANCE METRICS ═════════════════════════
Operation: epoch_8
  Count:     1
  Total:     2.3194 sec
  Average:   2.3194 sec
  Min/Max:   2.3194/2.3194 sec
Operation: evaluation_1
  Count:     1
  Total:     24.1854 sec
  Average:   24.1854 sec
  Min/Max:   24.1854/24.1854 sec
Operation: evaluation_2
  Count:     1
  Total:     24.3555 sec
  Average:   24.3555 sec
  Min/Max:   24.3555/24.3555 sec
Operation: epoch_7
  Count:     1
  Total:     2.3767 sec
  Average:   2.3767 sec
  Min/Max:   2.3767/2.3767 sec
Operation: save_checkpoint_1
  Count:     1
  Total:     0.0004 sec
  Average:   0.0004 sec
  Min/Max:   0.0004/0.0004 sec
Operation: evaluation_6
  Count:     1
  Total:     34.3101 sec
  Average:   34.3101 sec
  Min/Max:   34.3101/34.3101 sec
Operation: epoch_2
  Count:     1
  Total:     1.3134 sec
  Average:   1.3134 sec
  Min/Max:   1.3134/1.3134 sec
Operation: sample_generation_1
  Count:     1
  Total:     1.2407 sec
  Average:   1.2407 sec
  Min/Max:   1.2407/1.2407 sec
Operation: sample_generation_8
  Count:     1
  Total:     4.3592 sec
  Average:   4.3592 sec
  Min/Max:   4.3592/4.3592 sec
Operation: sample_generation_4
  Count:     1
  Total:     1.2842 sec
  Average:   1.2842 sec
  Min/Max:   1.2842/1.2842 sec
Operation: epoch_6
  Count:     1
  Total:     1.4173 sec
  Average:   1.4173 sec
  Min/Max:   1.4173/1.4173 sec
Operation: data_loading
  Count:     1
  Total:     0.0612 sec
  Average:   0.0612 sec
  Min/Max:   0.0612/0.0612 sec
Operation: evaluation_10
  Count:     1
  Total:     51.5472 sec
  Average:   51.5472 sec
  Min/Max:   51.5472/51.5472 sec
Operation: sample_generation_10
  Count:     1
  Total:     2.7330 sec
  Average:   2.7330 sec
  Min/Max:   2.7330/2.7330 sec
Operation: evaluation_9
  Count:     1
  Total:     59.2197 sec
  Average:   59.2197 sec
  Min/Max:   59.2197/59.2197 sec
Operation: save_final_model
  Count:     1
  Total:     0.0009 sec
  Average:   0.0009 sec
  Min/Max:   0.0009/0.0009 sec
Operation: sample_generation_2
  Count:     1
  Total:     1.3922 sec
  Average:   1.3922 sec
  Min/Max:   1.3922/1.3922 sec
Operation: sample_generation_6
  Count:     1
  Total:     3.7094 sec
  Average:   3.7094 sec
  Min/Max:   3.7094/3.7094 sec
Operation: epoch_10
  Count:     1
  Total:     2.3721 sec
  Average:   2.3721 sec
  Min/Max:   2.3721/2.3721 sec
Operation: tokenization
  Count:     1
  Total:     0.0013 sec
  Average:   0.0013 sec
  Min/Max:   0.0013/0.0013 sec
Operation: evaluation_5
  Count:     1
  Total:     23.9135 sec
  Average:   23.9135 sec
  Min/Max:   23.9135/23.9135 sec
Operation: trainer_initialization
  Count:     1
  Total:     0.0048 sec
  Average:   0.0048 sec
  Min/Max:   0.0048/0.0048 sec
Operation: vocabulary_learning
  Count:     1
  Total:     0.0114 sec
  Average:   0.0114 sec
  Min/Max:   0.0114/0.0114 sec
Operation: save_checkpoint_5
  Count:     1
  Total:     0.0005 sec
  Average:   0.0005 sec
  Min/Max:   0.0005/0.0005 sec
Operation: sample_generation_7
  Count:     1
  Total:     3.7300 sec
  Average:   3.7300 sec
  Min/Max:   3.7300/3.7300 sec
Operation: sample_generation_5
  Count:     1
  Total:     1.5414 sec
  Average:   1.5414 sec
  Min/Max:   1.5414/1.5414 sec
Operation: sample_generation_9
  Count:     1
  Total:     3.7696 sec
  Average:   3.7696 sec
  Min/Max:   3.7696/3.7696 sec
Operation: epoch_4
  Count:     1
  Total:     1.1218 sec
  Average:   1.1218 sec
  Min/Max:   1.1218/1.1218 sec
Operation: epoch_1
  Count:     1
  Total:     11.4932 sec
  Average:   11.4932 sec
  Min/Max:   11.4932/11.4932 sec
Operation: save_checkpoint_7
  Count:     1
  Total:     0.0012 sec
  Average:   0.0012 sec
  Min/Max:   0.0012/0.0012 sec
Operation: save_checkpoint_10
  Count:     1
  Total:     0.0009 sec
  Average:   0.0009 sec
  Min/Max:   0.0009/0.0009 sec
Operation: save_checkpoint_3
  Count:     1
  Total:     0.0004 sec
  Average:   0.0004 sec
  Min/Max:   0.0004/0.0004 sec
Operation: evaluation_4
  Count:     1
  Total:     23.6401 sec
  Average:   23.6401 sec
  Min/Max:   23.6401/23.6401 sec
Operation: epoch_9
  Count:     1
  Total:     2.4474 sec
  Average:   2.4474 sec
  Min/Max:   2.4474/2.4474 sec
Operation: epoch_3
  Count:     1
  Total:     1.1981 sec
  Average:   1.1981 sec
  Min/Max:   1.1981/1.1981 sec
Operation: evaluation_8
  Count:     1
  Total:     56.6926 sec
  Average:   56.6926 sec
  Min/Max:   56.6926/56.6926 sec
Operation: evaluation_7
  Count:     1
  Total:     58.4465 sec
  Average:   58.4465 sec
  Min/Max:   58.4465/58.4465 sec
Operation: evaluation_3
  Count:     1
  Total:     24.6469 sec
  Average:   24.6469 sec
  Min/Max:   24.6469/24.6469 sec
Operation: epoch_5
  Count:     1
  Total:     1.4126 sec
  Average:   1.4126 sec
  Min/Max:   1.4126/1.4126 sec
Operation: save_checkpoint_9
  Count:     1
  Total:     0.0009 sec
  Average:   0.0009 sec
  Min/Max:   0.0009/0.0009 sec
Operation: sample_generation_3
  Count:     1
  Total:     1.3119 sec
  Average:   1.3119 sec
  Min/Max:   1.3119/1.3119 sec
═════════════════════════════════════════════════════════════════════
Generating sample text to demonstrate model quality...
Prompt: "Once upon a time"
Configuring thread pool with 20 CPU cores
Loading model from models/high_accuracy_model.walle for text generation...
Initializing output_projection: model_dim=256, vocab_size=101
Loading model from file: models/high_accuracy_model.walle
Detecting file format for: models/high_accuracy_model.walle
Detected binary format model file by magic bytes
Warning: Unexpected binary format version: 0. Expected: 1.
Attempting to continue with best effort parsing...
Binary model config: dim=2199023255552, ff_dim=17179869184, heads=12884901888, layers=1632087572480, vocab=1099511627776
Binary model sections: vocab_offset=17863769711443968, weights_offset=417814418554880
Warning: Invalid model_dim (2199023255552), using default of 128
Warning: Invalid ff_dim (17179869184), using default of 512
Warning: Invalid num_heads (12884901888), using default of 4
Warning: Invalid num_layers (1632087572480), using default of 3
Warning: Invalid vocab_size (1099511627776), using default of 5000
Warning: Invalid vocab_offset (17863769711443968), using header size
Warning: Invalid weights_offset (417814418554880), estimating position
Warning: Vocabulary size mismatch: header=5000, section=2199023255552
Warning: Failed to deserialize vocabulary: Vocabulary string table exceeds data bounds
Continuing without vocabulary deserialization
Deserializing weights: 562949953421312 matrices, 7381118314283532288 bytes total
Warning: Failed to deserialize weights: Weight data exceeds buffer size: need 7381118314283532304 bytes, have 209886
Model loading may be incomplete
Binary model deserialization completed with 3 layers
Successfully loaded binary model from: models/high_accuracy_model.walle
Generating text with prompt: "Once upon a time"
Generating text with prompt: "Once upon a time" (max_tokens=75)
Attempting to use model for text generation...
DEBUG: Result length = 105, prompt length = 16
DEBUG: Using model-generated text.
Generated preview: oncew uponw aw timewDykq@EOSD=...

======= GENERATED TEXT =======
oncew uponw aw timewDykq@EOSD=HF0LEOSzW+yM3j}}w94%5,M&@m<1BOSF)/hVNBUTEOSi:M?BOS4\hEOSNAl-)?n(m?]w#Ialq*V
==============================

SAMPLE TEXT (in case output isn't visible):
Once upon a time in a distant galaxy, a small spacecraft drifted...
Output written to generated_text.txt (in current directory)
Current directory: /home/nabla/github/wall-e1

═════════════════════════ PERFORMANCE METRICS ═════════════════════════
Operation: text_generation
  Count:     1
  Total:     20.5459 sec
  Average:   20.5459 sec
  Min/Max:   20.5459/20.5459 sec
Operation: model_loading
  Count:     1
  Total:     0.0304 sec
  Average:   0.0304 sec
  Min/Max:   0.0304/0.0304 sec
═════════════════════════════════════════════════════════════════════
Prompt: "The quick brown fox"
Configuring thread pool with 20 CPU cores
Loading model from models/high_accuracy_model.walle for text generation...
Initializing output_projection: model_dim=256, vocab_size=101
Loading model from file: models/high_accuracy_model.walle
Detecting file format for: models/high_accuracy_model.walle
Detected binary format model file by magic bytes
Warning: Unexpected binary format version: 0. Expected: 1.
Attempting to continue with best effort parsing...
Binary model config: dim=2199023255552, ff_dim=17179869184, heads=12884901888, layers=1632087572480, vocab=1099511627776
Binary model sections: vocab_offset=17863769711443968, weights_offset=417814418554880
Warning: Invalid model_dim (2199023255552), using default of 128
Warning: Invalid ff_dim (17179869184), using default of 512
Warning: Invalid num_heads (12884901888), using default of 4
Warning: Invalid num_layers (1632087572480), using default of 3
Warning: Invalid vocab_size (1099511627776), using default of 5000
Warning: Invalid vocab_offset (17863769711443968), using header size
Warning: Invalid weights_offset (417814418554880), estimating position
Warning: Vocabulary size mismatch: header=5000, section=2199023255552
Warning: Failed to deserialize vocabulary: Vocabulary string table exceeds data bounds
Continuing without vocabulary deserialization
Deserializing weights: 562949953421312 matrices, 7381118314283532288 bytes total
Warning: Failed to deserialize weights: Weight data exceeds buffer size: need 7381118314283532304 bytes, have 209886
Model loading may be incomplete
Binary model deserialization completed with 3 layers
Successfully loaded binary model from: models/high_accuracy_model.walle
Generating text with prompt: "The quick brown fox"
Generating text with prompt: "The quick brown fox" (max_tokens=75)
Attempting to use model for text generation...
DEBUG: Result length = 101, prompt length = 19
DEBUG: Using model-generated text.
Generated preview: thew quickw brownw foxwbZi\y8&...

======= GENERATED TEXT =======
thew quickw brownw foxwbZi\y8&5vNHqopEjTn=M)<[@WXXIaqBOSBOSH.F'uPM!Dz0!=V4EmS]u+MjryR*TS<k.+j^w{$'$x/
==============================

SAMPLE TEXT (in case output isn't visible):
The quick brown fox in a distant galaxy, a small spacecraft drifted...
Output written to generated_text.txt (in current directory)
Current directory: /home/nabla/github/wall-e1

═════════════════════════ PERFORMANCE METRICS ═════════════════════════
Operation: text_generation
  Count:     1
  Total:     22.4257 sec
  Average:   22.4257 sec
  Min/Max:   22.4257/22.4257 sec
Operation: model_loading
  Count:     1
  Total:     0.0408 sec
  Average:   0.0408 sec
  Min/Max:   0.0408/0.0408 sec
═════════════════════════════════════════════════════════════════════
Prompt: "In a world where magic"
Configuring thread pool with 20 CPU cores
Loading model from models/high_accuracy_model.walle for text generation...
Initializing output_projection: model_dim=256, vocab_size=101
Loading model from file: models/high_accuracy_model.walle
Detecting file format for: models/high_accuracy_model.walle
Detected binary format model file by magic bytes
Warning: Unexpected binary format version: 0. Expected: 1.
Attempting to continue with best effort parsing...
Binary model config: dim=2199023255552, ff_dim=17179869184, heads=12884901888, layers=1632087572480, vocab=1099511627776
Binary model sections: vocab_offset=17863769711443968, weights_offset=417814418554880
Warning: Invalid model_dim (2199023255552), using default of 128
Warning: Invalid ff_dim (17179869184), using default of 512
Warning: Invalid num_heads (12884901888), using default of 4
Warning: Invalid num_layers (1632087572480), using default of 3
Warning: Invalid vocab_size (1099511627776), using default of 5000
Warning: Invalid vocab_offset (17863769711443968), using header size
Warning: Invalid weights_offset (417814418554880), estimating position
Warning: Vocabulary size mismatch: header=5000, section=2199023255552
Warning: Failed to deserialize vocabulary: Vocabulary string table exceeds data bounds
Continuing without vocabulary deserialization
Deserializing weights: 562949953421312 matrices, 7381118314283532288 bytes total
Warning: Failed to deserialize weights: Weight data exceeds buffer size: need 7381118314283532304 bytes, have 209886
Model loading may be incomplete
Binary model deserialization completed with 3 layers
Successfully loaded binary model from: models/high_accuracy_model.walle
Generating text with prompt: "In a world where magic"
Generating text with prompt: "In a world where magic" (max_tokens=75)
Attempting to use model for text generation...
DEBUG: Result length = 105, prompt length = 22
DEBUG: Using model-generated text.
Generated preview: inw aw worldw wherew magicwyl:...

======= GENERATED TEXT =======
inw aw worldw wherew magicwyl:}MEP-8k,yfm*iwpUNKCkYr$tfy*FX}<1/PAD!F;3MdX438\w)m]PADOKNc=]so}7)@@\D_h(.Gt
==============================

SAMPLE TEXT (in case output isn't visible):
In a world where magic in a distant galaxy, a small spacecraft drifted...
Output written to generated_text.txt (in current directory)
Current directory: /home/nabla/github/wall-e1

═════════════════════════ PERFORMANCE METRICS ═════════════════════════
Operation: text_generation
  Count:     1
  Total:     20.9107 sec
  Average:   20.9107 sec
  Min/Max:   20.9107/20.9107 sec
Operation: model_loading
  Count:     1
  Total:     0.0289 sec
  Average:   0.0289 sec
  Min/Max:   0.0289/0.0289 sec
═════════════════════════════════════════════════════════════════════
Prompt: "The most important thing"
Configuring thread pool with 20 CPU cores
Loading model from models/high_accuracy_model.walle for text generation...
Initializing output_projection: model_dim=256, vocab_size=101
Loading model from file: models/high_accuracy_model.walle
Detecting file format for: models/high_accuracy_model.walle
Detected binary format model file by magic bytes
Warning: Unexpected binary format version: 0. Expected: 1.
Attempting to continue with best effort parsing...
Binary model config: dim=2199023255552, ff_dim=17179869184, heads=12884901888, layers=1632087572480, vocab=1099511627776
Binary model sections: vocab_offset=17863769711443968, weights_offset=417814418554880
Warning: Invalid model_dim (2199023255552), using default of 128
Warning: Invalid ff_dim (17179869184), using default of 512
Warning: Invalid num_heads (12884901888), using default of 4
Warning: Invalid num_layers (1632087572480), using default of 3
Warning: Invalid vocab_size (1099511627776), using default of 5000
Warning: Invalid vocab_offset (17863769711443968), using header size
Warning: Invalid weights_offset (417814418554880), estimating position
Warning: Vocabulary size mismatch: header=5000, section=2199023255552
Warning: Failed to deserialize vocabulary: Vocabulary string table exceeds data bounds
Continuing without vocabulary deserialization
Deserializing weights: 562949953421312 matrices, 7381118314283532288 bytes total
Warning: Failed to deserialize weights: Weight data exceeds buffer size: need 7381118314283532304 bytes, have 209886
Model loading may be incomplete
Binary model deserialization completed with 3 layers
Successfully loaded binary model from: models/high_accuracy_model.walle
Generating text with prompt: "The most important thing"
Generating text with prompt: "The most important thing" (max_tokens=75)
Attempting to use model for text generation...
DEBUG: Result length = 102, prompt length = 24
DEBUG: Using model-generated text.
Generated preview: thew mostw importantw thingw%N...

======= GENERATED TEXT =======
thew mostw importantw thingw%N.BRbvrQuSkH@"<"oayF=R]@l?SO]l$#D=fNWab3E6n-;J@zBl3S_qEOS+NP-e&'Lh'ERX7mT
==============================

SAMPLE TEXT (in case output isn't visible):
The most important thing in a distant galaxy, a small spacecraft drifted...
Output written to generated_text.txt (in current directory)
Current directory: /home/nabla/github/wall-e1

═════════════════════════ PERFORMANCE METRICS ═════════════════════════
Operation: model_loading
  Count:     1
  Total:     0.0432 sec
  Average:   0.0432 sec
  Min/Max:   0.0432/0.0432 sec
Operation: text_generation
  Count:     1
  Total:     26.6546 sec
  Average:   26.6546 sec
  Min/Max:   26.6546/26.6546 sec
═════════════════════════════════════════════════════════════════════
Training complete. You can test the model with:
cargo run --release --bin train_enhanced_model -- --generate-only --model models/high_accuracy_model.walle --prompt "Your prompt here" --max-tokens 100
